"Date","Net Liquidity","Current Funds","Withdrawn","Trading Funds","P/L","P/L %","Drawdown %"
"2022-05-16",999464.4,1000000,0,1000000,-535.6,-0.05,-0.05
"2022-05-17",1004347.88,1000224.28,0,1000224.28,4883.48,0.49,0
"2022-05-18",994497.44,997629.24,0,997629.24,-9850.44,-0.98,-0.98
"2022-05-19",991811.2,998338.76,0,998338.76,-2686.24,-0.27,-1.25
"2022-05-20",990465.48,998338.76,0,998338.76,-1345.72,-0.14,-1.38
"2022-05-23",1000936.84,999174.36,0,999174.36,10471.36,1.06,-0.34
"2022-05-24",1009135.36,999174.36,0,999174.36,8198.52,0.82,0
"2022-05-25",1029805.6,1022399.92,0,1022399.92,20670.24,2.05,0
"2022-05-26",1048824.92,1048546.28,0,1048546.28,19019.32,1.85,0
"2022-05-27",1065458.36,1065682.36,0,1065682.36,16633.44,1.59,0
"2022-05-31",1067823.52,1066552.96,0,1066552.96,2365.16,0.22,0
"2022-06-01",1071335.24,1069711.04,0,1069711.04,3511.72,0.33,0
"2022-06-02",1069362.28,1068007.72,0,1068007.72,-1972.96,-0.18,-0.18
"2022-06-03",1072884.16,1068818.32,0,1068818.32,3521.88,0.33,0
"2022-06-06",1076849.16,1069713.92,0,1069713.92,3965,0.37,0
"2022-06-07",1077796.24,1077272.12,0,1077272.12,947.08,0.09,0
"2022-06-08",1078651.12,1075216.4,0,1075216.4,854.88,0.08,0
"2022-06-09",1087026.88,1087062.92,0,1087062.92,8375.76,0.78,0
"2022-06-10",1071408.56,1083266.72,0,1083266.72,-15618.32,-1.44,-1.44
"2022-06-13",1064204.32,1083266.72,0,1083266.72,-7204.24,-0.67,-2.1
"2022-06-14",1067363.68,1083266.72,0,1083266.72,3159.36,0.3,-1.81
"2022-06-15",1075334.32,1068701.92,0,1068701.92,7970.64,0.75,-1.08
"2022-06-16",1087595.4,1083775.08,0,1083775.08,12261.08,1.14,0
"2022-06-17",1088359.92,1082579.6,0,1082579.6,764.52,0.07,0
"2022-06-21",1095846.56,1092796.24,0,1092796.24,7486.64,0.69,0
"2022-06-22",1096181.72,1092796.24,0,1092796.24,335.16,0.03,0
"2022-06-23",1100975.48,1095335.16,0,1095335.16,4793.76,0.44,0
"2022-06-24",1112409.76,1111338.6,0,1111338.6,11434.28,1.04,0
"2022-06-27",1111249,1112209.2,0,1112209.2,-1160.76,-0.1,-0.1
"2022-06-28",1113567.9,1128181.56,0,1128181.56,2318.9,0.21,0
"2022-06-29",1117296.32,1119256.2,0,1119256.2,3728.42,0.33,0
"2022-06-30",1118480.92,1125736.2,0,1125736.2,1184.6,0.11,0
"2022-07-01",1126928.08,1131632,0,1131632,8447.16,0.76,0
"2022-07-05",1133892.04,1131632,0,1131632,6963.96,0.62,0
"2022-07-06",1154282.88,1153318.76,0,1153318.76,20390.84,1.8,0
"2022-07-07",1157474.24,1157474.24,0,1157474.24,3191.36,0.28,0
"2022-07-08",1156499.76,1158394.84,0,1158394.84,-974.48,-0.08,-0.08
"2022-07-11",1155613.4,1159305.44,0,1159305.44,-886.36,-0.08,-0.16
"2022-07-12",1161450.72,1158811.04,0,1158811.04,5837.32,0.51,0
"2022-07-13",1184453.6,1176266.96,0,1176266.96,23002.88,1.98,0
"2022-07-14",1165663.52,1166323.8,0,1166323.8,-18790.08,-1.59,-1.59
"2022-07-15",1185323.2,1180275.08,0,1180275.08,19659.68,1.69,0
"2022-07-18",1183674.56,1179286.28,0,1179286.28,-1648.64,-0.14,-0.14
"2022-07-19",1208676.28,1196197.6,0,1196197.6,25001.72,2.11,0
"2022-07-20",1200248.52,1196776.52,0,1196776.52,-8427.76,-0.7,-0.7
"2022-07-21",1202406.12,1202406.12,0,1202406.12,2157.6,0.18,-0.52
"2022-07-22",1215624.68,1216879.92,0,1216879.92,13218.56,1.1,0
"2022-07-25",1215490.44,1217790.52,0,1217790.52,-134.24,-0.01,-0.01
"2022-07-26",1227150.04,1218451.12,0,1218451.12,11659.6,0.96,0
"2022-07-27",1254491.76,1234851.48,0,1234851.48,27341.72,2.23,0
"2022-07-28",1273564.24,1268598,0,1268598,19072.48,1.52,0
"2022-07-29",1295552.28,1291117.08,0,1291117.08,21988.04,1.73,0
"2022-08-01",1303850.92,1291008.88,0,1291008.88,8298.64,0.64,0
"2022-08-02",1320972.2,1292773.28,0,1292773.28,17121.28,1.31,0
"2022-08-03",1321554.72,1304705.8,0,1304705.8,582.52,0.04,0
"2022-08-04",1326731.84,1319300.84,0,1319300.84,5177.12,0.39,0
"2022-08-05",1324538.84,1326947.48,0,1326947.48,-2193,-0.17,-0.17
"2022-08-08",1325422.2,1327808.08,0,1327808.08,883.36,0.07,-0.1
"2022-08-09",1350183.52,1330387.72,0,1330387.72,24761.32,1.87,0
"2022-08-10",1346563.44,1337413.12,0,1337413.12,-3620.08,-0.27,-0.27
"2022-08-11",1324913.8,1320645.52,0,1320645.52,-21649.64,-1.61,-1.87
"2022-08-12",1337768.72,1346396.76,0,1346396.76,12854.92,0.97,-0.92
"2022-08-15",1328051.36,1335008.64,0,1335008.64,-9717.36,-0.73,-1.64
"2022-08-16",1327348.32,1323991.56,0,1323991.56,-703.04,-0.05,-1.69
"2022-08-17",1347425.96,1326894.04,0,1326894.04,20077.64,1.51,-0.2
"2022-08-18",1332989.16,1323666.32,0,1323666.32,-14436.8,-1.07,-1.27
"2022-08-19",1335347.52,1329098.32,0,1329098.32,2358.36,0.18,-1.1
"2022-08-22",1302935.48,1320355.68,0,1320355.68,-32412.04,-2.43,-3.5
"2022-08-23",1300568.88,1314833.76,0,1314833.76,-2366.6,-0.18,-3.67
"2022-08-24",1295431.44,1285518.16,0,1285518.16,-5137.44,-0.4,-4.06
"2022-08-25",1290983.04,1280924.92,0,1280924.92,-4448.4,-0.34,-4.38
"2022-08-26",1295076.84,1292708.16,0,1292708.16,4093.8,0.32,-4.08
"2022-08-29",1291871.76,1297146.72,0,1297146.72,-3205.08,-0.25,-4.32
"2022-08-30",1272039.08,1295496.72,0,1295496.72,-19832.68,-1.54,-5.79
"2022-08-31",1263471.6,1267967.6,0,1267967.6,-8567.48,-0.67,-6.42
"2022-09-01",1258881.12,1260365.64,0,1260365.64,-4590.48,-0.36,-6.76
"2022-09-02",1246461.2,1252223,0,1252223,-12419.92,-0.99,-7.68
"2022-09-06",1249446.68,1252223,0,1252223,2985.48,0.24,-7.46
"2022-09-07",1264770.8,1262344.4,0,1262344.4,15324.12,1.23,-6.33
"2022-09-08",1269329.56,1271257.72,0,1271257.72,4558.76,0.36,-5.99
"2022-09-09",1278598.96,1278849.4,0,1278849.4,9269.4,0.73,-5.3
"2022-09-12",1283781.08,1279160.6,0,1279160.6,5182.12,0.41,-4.92
"2022-09-13",1274226.16,1276319.04,0,1276319.04,-9554.92,-0.74,-5.63
"2022-09-14",1269992.52,1272202.64,0,1272202.64,-4233.64,-0.33,-5.94
"2022-09-15",1268212.56,1273470.72,0,1273470.72,-1779.96,-0.14,-6.07
"2022-09-16",1264203.48,1273470.72,0,1273470.72,-4009.08,-0.32,-6.37
"2022-09-19",1270461.52,1273470.72,0,1273470.72,6258.04,0.5,-5.9
"2022-09-20",1288246.96,1273470.72,0,1273470.72,17785.44,1.4,-4.59
"2022-09-21",1295386.6,1275676.6,0,1275676.6,7139.64,0.55,-4.06
"2022-09-22",1298416.48,1295377.36,0,1295377.36,3029.88,0.23,-3.83
"2022-09-23",1289211.04,1295051.16,0,1295051.16,-9205.44,-0.71,-4.52
"2022-09-26",1288740.44,1295051.16,0,1295051.16,-470.6,-0.04,-4.55
"2022-09-27",1281837,1296439.96,0,1296439.96,-6903.44,-0.54,-5.06
"2022-09-28",1291928.92,1286013.72,0,1286013.72,10091.92,0.79,-4.31
"2022-09-29",1301743.4,1299858.68,0,1299858.68,9814.48,0.76,-3.59
"2022-09-30",1299784.96,1299817.72,0,1299817.72,-1958.44,-0.15,-3.73
"2022-10-03",1302930.12,1299817.72,0,1299817.72,3145.16,0.24,-3.5
"2022-10-04",1319803.52,1302350.72,0,1302350.72,16873.4,1.3,-2.25
"2022-10-05",1331125.36,1313927.72,0,1313927.72,11321.84,0.86,-1.41
"2022-10-06",1337883.52,1332557.44,0,1332557.44,6758.16,0.51,-0.91
"2022-10-07",1324387.28,1330842.08,0,1330842.08,-13496.24,-1.01,-1.91
"2022-10-10",1320660.92,1330842.08,0,1330842.08,-3726.36,-0.28,-2.19
"2022-10-11",1326010.04,1331351.6,0,1331351.6,5349.12,0.41,-1.79
"2022-10-12",1341086.8,1321737.76,0,1321737.76,15076.76,1.14,-0.67
"2022-10-13",1372601.2,1362204.96,0,1362204.96,31514.4,2.35,0
"2022-10-14",1396534.56,1389387.8,0,1389387.8,23933.36,1.74,0
"2022-10-17",1397769.72,1389387.8,0,1389387.8,1235.16,0.09,0
"2022-10-18",1387925.6,1388472.52,0,1388472.52,-9844.12,-0.7,-0.7
"2022-10-19",1391479.68,1394395.24,0,1394395.24,3554.08,0.26,-0.45
"2022-10-20",1391890.44,1393124.36,0,1393124.36,410.76,0.03,-0.42
"2022-10-21",1400259.16,1392606.16,0,1392606.16,8368.72,0.6,0
"2022-10-24",1403227.36,1391302.84,0,1391302.84,2968.2,0.21,0
"2022-10-25",1398831.8,1396940.84,0,1396940.84,-4395.56,-0.31,-0.31
"2022-10-26",1383300.76,1387417.68,0,1387417.68,-15531.04,-1.11,-1.42
"2022-10-27",1377109,1378176.56,0,1378176.56,-6191.76,-0.45,-1.86
"2022-10-28",1383947.32,1385121.84,0,1385121.84,6838.32,0.5,-1.37
"2022-10-31",1387393.08,1385902.44,0,1385902.44,3445.76,0.25,-1.13
"2022-11-01",1404724.56,1398237.44,0,1398237.44,17331.48,1.25,0
"2022-11-02",1413308.92,1410130.56,0,1410130.56,8584.36,0.61,0
"2022-11-03",1402128.32,1411429.36,0,1411429.36,-11180.6,-0.79,-0.79
"2022-11-04",1405502.4,1404047.2,0,1404047.2,3374.08,0.24,-0.55
"2022-11-07",1410998.92,1404047.2,0,1404047.2,5496.52,0.39,-0.16
"2022-11-08",1421023.16,1410646,0,1410646,10024.24,0.71,0
"2022-11-09",1417479.48,1411890.64,0,1411890.64,-3543.68,-0.25,-0.25
"2022-11-10",1465096.48,1465096.48,0,1465096.48,47617,3.36,0
"2022-11-11",1464162.68,1465877.08,0,1465877.08,-933.8,-0.06,-0.06
"2022-11-14",1466316.64,1466657.68,0,1466657.68,2153.96,0.15,0
"2022-11-15",1474703.04,1469986.24,0,1469986.24,8386.4,0.57,0
"2022-11-16",1472888.44,1466608,0,1466608,-1814.6,-0.12,-0.12
"2022-11-17",1466289.08,1459512.68,0,1459512.68,-6599.36,-0.45,-0.57
"2022-11-18",1467957.84,1463159.32,0,1463159.32,1668.76,0.11,-0.46
"2022-11-21",1465042.08,1464874.44,0,1464874.44,-2915.76,-0.2,-0.66
"2022-11-22",1482338.08,1482751.2,0,1482751.2,17296,1.18,0
"2022-11-23",1479383.64,1483284.48,0,1483284.48,-2954.44,-0.2,-0.2
"2022-11-25",1475714.16,1484137.28,0,1484137.28,-3669.48,-0.25,-0.45
"2022-11-28",1470233.88,1483642.88,0,1483642.88,-5480.28,-0.37,-0.82
"2022-11-29",1468391.44,1481821.92,0,1481821.92,-1842.44,-0.13,-0.94
"2022-11-30",1480294.12,1492034.2,0,1492034.2,11902.68,0.81,-0.14
"2022-12-01",1474419.32,1496665.84,0,1496665.84,-5874.8,-0.4,-0.53
"2022-12-02",1466965.2,1499773.56,0,1499773.56,-7454.12,-0.51,-1.04
"2022-12-05",1462499.16,1497422.36,0,1497422.36,-4466.04,-0.3,-1.34
"2022-12-06",1449376.04,1496209.72,0,1496209.72,-13123.12,-0.9,-2.22
"2022-12-07",1465309.8,1490063.4,0,1490063.4,15933.76,1.1,-1.15
"2022-12-08",1454874.56,1479114.08,0,1479114.08,-10435.24,-0.71,-1.85
"2022-12-09",1444633.88,1479114.08,0,1479114.08,-10240.68,-0.7,-2.54
"2022-12-12",1486889.96,1479114.08,0,1479114.08,42256.08,2.93,0
"2022-12-13",1503476.7,1497736.36,0,1497736.36,16586.74,1.12,0
"2022-12-14",1498075.08,1488544.16,0,1488544.16,-5401.62,-0.36,-0.36
"2022-12-15",1513087.32,1501401.64,0,1501401.64,15012.24,1,0
"2022-12-16",1512451.36,1513241.08,0,1513241.08,-635.96,-0.04,-0.04
"2022-12-19",1510715.76,1513241.08,0,1513241.08,-1735.6,-0.11,-0.16
"2022-12-20",1514662.08,1513241.08,0,1513241.08,3946.32,0.26,0
"2022-12-21",1521749.88,1515833.76,0,1515833.76,7087.8,0.47,0
"2022-12-22",1524869.68,1517557.36,0,1517557.36,3119.8,0.21,0
"2022-12-23",1514416.88,1510736.52,0,1510736.52,-10452.8,-0.69,-0.69
"2022-12-27",1514056.6,1516011.24,0,1516011.24,-360.28,-0.02,-0.71
"2022-12-28",1520126.32,1516011.24,0,1516011.24,6069.72,0.4,-0.31
"2022-12-29",1527197.96,1517182.76,0,1517182.76,7071.64,0.47,0
"2022-12-30",1527202.68,1517182.76,0,1517182.76,4.72,0,0
"2023-01-03",1525176.52,1525384.76,0,1525384.76,-2026.16,-0.13,-0.13
"2023-01-04",1526483.64,1525355.96,0,1525355.96,1307.12,0.09,-0.05
"2023-01-05",1526646.16,1529375,0,1529375,162.52,0.01,-0.04
"2023-01-06",1545550.64,1545649.76,0,1545649.76,18904.48,1.24,0
"2023-01-09",1543112,1542414.16,0,1542414.16,-2438.64,-0.16,-0.16
"2023-01-10",1541368.08,1543954.28,0,1543954.28,-1743.92,-0.11,-0.27
"2023-01-11",1569788.44,1548084.16,0,1548084.16,28420.36,1.84,0
"2023-01-12",1629049.24,1618226.88,0,1618226.88,59260.8,3.78,0
"2023-01-13",1620391.4,1621229.76,0,1621229.76,-8657.84,-0.53,-0.53
"2023-01-17",1615893.84,1622605.8,0,1622605.8,-4497.56,-0.28,-0.81
"2023-01-18",1605223.28,1620554.32,0,1620554.32,-10670.56,-0.66,-1.46
"2023-01-19",1591444.28,1622394.32,0,1622394.32,-13779,-0.86,-2.31
"2023-01-20",1645249.8,1641188.92,0,1641188.92,53805.52,3.38,0
"2023-01-23",1655356.84,1638044.88,0,1638044.88,10107.04,0.61,0
"2023-01-24",1667923.98,1660239.68,0,1660239.68,12567.14,0.76,0
"2023-01-25",1683535.1,1669881.56,0,1669881.56,15611.12,0.94,0
"2023-01-26",1744154.52,1735992.8,0,1735992.8,60619.42,3.6,0
"2023-01-27",1750272.36,1742566.32,0,1742566.32,6117.84,0.35,0
"2023-01-30",1758535.12,1741577.52,0,1741577.52,8262.76,0.47,0
"2023-01-31",1788802.64,1741863.12,0,1741863.12,30267.52,1.72,0
"2023-02-01",1807115,1768877.2,0,1768877.2,18312.36,1.02,0
"2023-02-02",1788995.32,1766862.12,0,1766862.12,-18119.68,-1,-1
"2023-02-03",1823083.6,1767020.12,0,1767020.12,34088.28,1.91,0
"2023-02-06",1845022.92,1767810.72,0,1767810.72,21939.32,1.2,0
"2023-02-07",1869062.72,1778404.04,0,1778404.04,24039.8,1.3,0
"2023-02-08",1942706.8,1809605.16,0,1809605.16,73644.08,3.94,0
"2023-02-09",2030831.68,1939427.32,0,1939427.32,88124.88,4.54,0
"2023-02-10",2079324.08,1954265.16,0,1954265.16,48492.4,2.39,0
"2023-02-13",2093818.96,1962265.64,0,1962265.64,14494.88,0.7,0
"2023-02-14",2141872.98,1976390.04,0,1976390.04,48054.02,2.3,0
"2023-02-15",2137959.14,2021326.72,0,2021326.72,-3913.84,-0.18,-0.18
"2023-02-16",2145623.64,2085661.52,0,2085661.52,7664.5,0.36,0
"2023-02-17",2154212.6,2129715.88,0,2129715.88,8588.96,0.4,0
"2023-02-21",2124983.92,2159633.32,0,2159633.32,-29228.68,-1.36,-1.36
"2023-02-22",2121139.04,2116310.6,0,2116310.6,-3844.88,-0.18,-1.54
"2023-02-23",2101025.8,2104553,0,2104553,-20113.24,-0.95,-2.47
"2023-02-24",2097442.52,2106527.72,0,2106527.72,-3583.28,-0.17,-2.64
"2023-02-27",2082223.16,2090713.64,0,2090713.64,-15219.36,-0.73,-3.34
"2023-02-28",2087582.2,2090766,0,2090766,5359.04,0.26,-3.09
"2023-03-01",2074120.52,2078109.68,0,2078109.68,-13461.68,-0.64,-3.72
"2023-03-02",2063557.36,2063485.36,0,2063485.36,-10563.16,-0.51,-4.21
"2023-03-03",2074519.8,2084182.16,0,2084182.16,10962.44,0.53,-3.7
"2023-03-06",2077343.16,2075418.56,0,2075418.56,2823.36,0.14,-3.57
"2023-03-07",2087118.56,2074700.96,0,2074700.96,9775.4,0.47,-3.11
"2023-03-08",2102479.64,2098749,0,2098749,15361.08,0.74,-2.4
"2023-03-09",2154267.24,2155667.44,0,2155667.44,51787.6,2.46,0
"2023-03-10",2126403.76,2162700.76,0,2162700.76,-27863.48,-1.29,-1.29
"2023-03-13",2152718.48,2162700.76,0,2162700.76,26314.72,1.24,-0.07
"2023-03-14",2180809.84,2148629.52,0,2148629.52,28091.36,1.3,0
"2023-03-15",2219935.44,2155385.56,0,2155385.56,39125.6,1.79,0
"2023-03-16",2264071.56,2221982.4,0,2221982.4,44136.12,1.99,0
"2023-03-17",2296512.8,2239634.96,0,2239634.96,32441.24,1.43,0
"2023-03-20",2313850.08,2241296.16,0,2241296.16,17337.28,0.75,0
"2023-03-21",2298412.76,2230452.72,0,2230452.72,-15437.32,-0.67,-0.67
"2023-03-22",2316859.92,2279696.64,0,2279696.64,18447.16,0.8,0
"2023-03-23",2328110.12,2307118.16,0,2307118.16,11250.2,0.49,0
"2023-03-24",2349266.76,2319964.8,0,2319964.8,21156.64,0.91,0
"2023-03-27",2316897.32,2303329.28,0,2303329.28,-32369.44,-1.38,-1.38
"2023-03-28",2315215.28,2322182.28,0,2322182.28,-1682.04,-0.07,-1.45
"2023-03-29",2332026.48,2316710.56,0,2316710.56,16811.2,0.73,-0.73
"2023-03-30",2305919.08,2295906.36,0,2295906.36,-26107.4,-1.12,-1.85
"2023-03-31",2369455.24,2354891.6,0,2354891.6,63536.16,2.76,0
"2023-04-03",2364158.6,2355644,0,2355644,-5296.64,-0.22,-0.22
"2023-04-04",2360866.92,2356388.76,0,2356388.76,-3291.68,-0.14,-0.36
"2023-04-05",2358316.52,2353455.36,0,2353455.36,-2550.4,-0.11,-0.47
"2023-04-06",2359616.56,2354361.04,0,2354361.04,1300.04,0.06,-0.42
"2023-04-10",2375410.8,2358619.36,0,2358619.36,15794.24,0.67,0
"2023-04-11",2386641.66,2365841.96,0,2365841.96,11230.86,0.47,0
"2023-04-12",2420365.38,2417767.44,0,2417767.44,33723.72,1.41,0
"2023-04-13",2487255.32,2476486.68,0,2476486.68,66889.94,2.76,0
"2023-04-14",2468233.8,2470543.32,0,2470543.32,-19021.52,-0.76,-0.76
"2023-04-17",2457290.84,2473512.12,0,2473512.12,-10942.96,-0.44,-1.2
"2023-04-18",2460363.44,2476470.68,0,2476470.68,3072.6,0.13,-1.08
"2023-04-19",2463277.44,2490481.04,0,2490481.04,2914,0.12,-0.96
"2023-04-20",2474708.08,2505659.44,0,2505659.44,11430.64,0.46,-0.5
"2023-04-21",2480849,2510234.64,0,2510234.64,6140.92,0.25,-0.26
"2023-04-24",2477754.6,2515543.92,0,2515543.92,-3094.4,-0.12,-0.38
"2023-04-25",2440189.8,2510730.8,0,2510730.8,-37564.8,-1.52,-1.89
"2023-04-26",2404431.2,2462703,0,2462703,-35758.6,-1.47,-3.33
"2023-04-27",2502284.08,2520210.56,0,2520210.56,97852.88,4.07,0
"2023-04-28",2566995.92,2567917.32,0,2567917.32,64711.84,2.59,0
"2023-05-01",2570614.88,2562444.88,0,2562444.88,3618.96,0.14,0
"2023-05-02",2593084.46,2557464.88,0,2557464.88,22469.58,0.87,0
"2023-05-03",2675762.02,2605800,0,2605800,82677.56,3.19,0
"2023-05-04",2697341.68,2644276.32,0,2644276.32,21579.66,0.81,0
"2023-05-05",2757238.56,2682280.6,0,2682280.6,59896.88,2.22,0
"2023-05-08",2725136.2,2702766.64,0,2702766.64,-32102.36,-1.16,-1.16
"2023-05-09",2749328.38,2704507.84,0,2704507.84,24192.18,0.89,-0.29
"2023-05-10",2736922.62,2720528.68,0,2720528.68,-12405.76,-0.45,-0.74
"2023-05-11",2719598.56,2729084.36,0,2729084.36,-17324.06,-0.63,-1.37
"2023-05-12",2698072.8,2707903.32,0,2707903.32,-21525.76,-0.79,-2.15
"2023-05-15",2690658.28,2709594.52,0,2709594.52,-7414.52,-0.27,-2.41
"2023-05-16",2721293.8,2718307.04,0,2718307.04,30635.52,1.14,-1.3
"2023-05-17",2820379.6,2776651.72,0,2776651.72,99085.8,3.64,0
"2023-05-18",2834629.2,2832005.52,0,2832005.52,14249.6,0.51,0
"2023-05-19",2844479.48,2840548.68,0,2840548.68,9850.28,0.35,0
"2023-05-22",2852255.84,2841722.28,0,2841722.28,7776.36,0.27,0
"2023-05-23",2835738.4,2842310.88,0,2842310.88,-16517.44,-0.58,-0.58
"2023-05-24",2782812.12,2806657.24,0,2806657.24,-52926.28,-1.87,-2.43
"2023-05-25",2774089.12,2774695.12,0,2774695.12,-8723,-0.31,-2.74
"2023-05-26",2857305.44,2823813.92,0,2823813.92,83216.32,3,0
"2023-05-30",2864574.72,2846076.16,0,2846076.16,7269.28,0.25,0
"2023-05-31",2839151.88,2847210.56,0,2847210.56,-25422.84,-0.89,-0.89
"2023-06-01",2871749.56,2867589.52,0,2867589.52,32597.68,1.15,0
"2023-06-02",2937650.16,2902272.28,0,2902272.28,65900.6,2.29,0
"2023-06-05",2926823.12,2909739.08,0,2909739.08,-10827.04,-0.37,-0.37
"2023-06-06",2912167.6,2911317.88,0,2911317.88,-14655.52,-0.5,-0.87
"2023-06-07",2876921.88,2896085.4,0,2896085.4,-35245.72,-1.21,-2.07
"2023-06-08",2913435.04,2920754.96,0,2920754.96,36513.16,1.27,-0.82
"2023-06-09",2928570.88,2929526.76,0,2929526.76,15135.84,0.52,-0.31
"2023-06-12",3018326.8,2930286.36,0,2930286.36,89755.92,3.06,0
"2023-06-13",3022514.98,2939945.64,0,2939945.64,4188.18,0.14,0
"2023-06-14",3111114.58,2995306.68,0,2995306.68,88599.6,2.93,0
"2023-06-15",3280193.8,3195958.28,0,3195958.28,169079.22,5.43,0
"2023-06-16",3276316.24,3224472.08,0,3224472.08,-3877.56,-0.12,-0.12
"2023-06-20",3271849.72,3227558.36,0,3227558.36,-4466.52,-0.14,-0.25
"2023-06-21",3170156.44,3199484.76,0,3199484.76,-101693.28,-3.11,-3.35
"2023-06-22",3157956.04,3155856.28,0,3155856.28,-12200.4,-0.38,-3.73
"2023-06-23",3098083.04,3156132.36,0,3156132.36,-59873,-1.9,-5.55
"2023-06-26",3040178.76,3126191.24,0,3126191.24,-57904.28,-1.87,-7.32
"2023-06-27",3229236.34,3198065.8,0,3198065.8,189057.58,6.22,-1.55
"2023-06-28",3274691.66,3208833.56,0,3208833.56,45455.32,1.41,-0.17
"2023-06-29",3336106.96,3340165.52,0,3340165.52,61415.3,1.88,0
"2023-06-30",3326506,3329669.08,0,3329669.08,-9600.96,-0.29,-0.29
"2023-07-03",3335432.8,3315350.12,0,3315350.12,8926.8,0.27,-0.02
"2023-07-05",3352425.8,3327681,0,3327681,16993,0.51,0
"2023-07-06",3370519.04,3353681.68,0,3353681.68,18093.24,0.54,0
"2023-07-07",3353774.12,3356588.24,0,3356588.24,-16744.92,-0.5,-0.5
"2023-07-10",3372222.84,3364989.04,0,3364989.04,18448.72,0.55,0
"2023-07-11",3427005.66,3389429.92,0,3389429.92,54782.82,1.62,0
"2023-07-12",3381918.18,3369517.2,0,3369517.2,-45087.48,-1.32,-1.32
"2023-07-13",3353125.16,3362702.12,0,3362702.12,-28793.02,-0.85,-2.16
"2023-07-14",3346874.84,3360852.8,0,3360852.8,-6250.32,-0.19,-2.34
"2023-07-17",3381105.76,3333780.52,0,3333780.52,34230.92,1.02,-1.34
"2023-07-18",3431621.98,3314230.6,0,3314230.6,50516.22,1.49,0
"2023-07-19",3505650.74,3327736.52,0,3327736.52,74028.76,2.16,0
"2023-07-20",3475686.28,3355647.44,0,3355647.44,-29964.46,-0.85,-0.85
"2023-07-21",3481140.84,3363981.48,0,3363981.48,5454.56,0.16,-0.7
"2023-07-24",3505275.92,3374585.16,0,3374585.16,24135.08,0.69,-0.01
"2023-07-25",3584021.2,3400183.4,0,3400183.4,78745.28,2.25,0
"2023-07-26",3601059.36,3480203.8,0,3480203.8,17038.16,0.48,0
"2023-07-27",3969104.92,3917304.76,0,3917304.76,368045.56,10.22,0
"2023-07-28",4158152.4,4007224.64,0,4007224.64,189047.48,4.76,0
"2023-07-31",4173540.48,4010727.04,0,4010727.04,15388.08,0.37,0
"2023-08-01",4209081.68,4074194.56,0,4074194.56,35541.2,0.85,0
"2023-08-02",4196915.08,4128720.92,0,4128720.92,-12166.6,-0.29,-0.29
"2023-08-03",4133087.48,4099387.16,0,4099387.16,-63827.6,-1.52,-1.81
"2023-08-04",4117134.8,4182839.68,0,4182839.68,-15952.68,-0.39,-2.18
"2023-08-07",4233405.2,4206309.68,0,4206309.68,116270.4,2.82,0
"2023-08-08",4163469.2,4204268.64,0,4204268.64,-69936,-1.65,-1.65
"2023-08-09",4130525.48,4182174.6,0,4182174.6,-32943.72,-0.79,-2.43
"2023-08-10",4164739.2,4178009.28,0,4178009.28,34213.72,0.83,-1.62
"2023-08-11",4143894.44,4185408,0,4185408,-20844.76,-0.5,-2.11
"2023-08-14",4152710.4,4185408,0,4185408,8815.96,0.21,-1.91
"2023-08-15",4166264.38,4185408,0,4185408,13553.98,0.33,-1.59
"2023-08-16",4183252.94,4225718,0,4225718,16988.56,0.41,-1.18
"2023-08-17",4297364.36,4336817.48,0,4336817.48,114111.42,2.73,0
"2023-08-18",4269431.72,4333292.2,0,4333292.2,-27932.64,-0.65,-0.65
"2023-08-21",4300288.12,4333292.2,0,4333292.2,30856.4,0.72,0
"2023-08-22",4298246,4323281.8,0,4323281.8,-2042.12,-0.05,-0.05
"2023-08-23",4385288.56,4386850.52,0,4386850.52,87042.56,2.03,0
"2023-08-24",4686642.08,4695328,0,4695328,301353.52,6.87,0
"2023-08-25",4641768.44,4645803.84,0,4645803.84,-44873.64,-0.96,-0.96
"2023-08-28",4666571.28,4646759.84,0,4646759.84,24802.84,0.53,-0.43
"2023-08-29",4655099.28,4648889.2,0,4648889.2,-11472,-0.25,-0.67
"2023-08-30",4603207.6,4616101.8,0,4616101.8,-51891.68,-1.11,-1.78
"2023-08-31",4601700.28,4610685.16,0,4610685.16,-1507.32,-0.03,-1.81
"2023-09-01",4586483.68,4592449.44,0,4592449.44,-15216.6,-0.33,-2.14
"2023-09-05",4581158.36,4596477.44,0,4596477.44,-5325.32,-0.12,-2.25
"2023-09-06",4533808.84,4575591.84,0,4575591.84,-47349.52,-1.03,-3.26
"2023-09-07",4513177.12,4549296.2,0,4549296.2,-20631.72,-0.46,-3.7
"2023-09-08",4424633.6,4489423.76,0,4489423.76,-88543.52,-1.96,-5.59
"2023-09-11",4478178.64,4494351.76,0,4494351.76,53545.04,1.21,-4.45
"2023-09-12",4470725.2,4494351.76,0,4494351.76,-7453.44,-0.17,-4.61
"2023-09-13",4457858.2,4481890.64,0,4481890.64,-12867,-0.29,-4.88
"2023-09-14",4514802.36,4543308.16,0,4543308.16,56944.16,1.28,-3.67
"2023-09-15",4500542.6,4529897.44,0,4529897.44,-14259.76,-0.32,-3.97
"2023-09-18",4517906,4529897.44,0,4529897.44,17363.4,0.39,-3.6
"2023-09-19",4545231.8,4529897.44,0,4529897.44,27325.8,0.6,-3.02
"2023-09-20",4628617.16,4628478.36,0,4628478.36,83385.36,1.83,-1.24
"2023-09-21",4476390.84,4526738.28,0,4526738.28,-152226.32,-3.29,-4.49
"2023-09-22",4449512,4523616.72,0,4523616.72,-26878.84,-0.6,-5.06
"2023-09-25",4461175,4523616.72,0,4523616.72,11663,0.26,-4.81
"2023-09-26",4412179.4,4523616.72,0,4523616.72,-48995.6,-1.1,-5.86
"2023-09-27",4394849.8,4420178.16,0,4420178.16,-17329.6,-0.39,-6.23
"2023-09-28",4399817.32,4408548.08,0,4408548.08,4967.52,0.11,-6.12
"2023-09-29",4473928.6,4448232.76,0,4448232.76,74111.28,1.68,-4.54
"2023-10-02",4821031.8,4791002.84,0,4791002.84,347103.2,7.76,0
"2023-10-03",4823521.8,4791002.84,0,4791002.84,2490,0.05,0
"2023-10-04",4874939,4839221,0,4839221,51417.2,1.07,0
"2023-10-05",4826505.84,4823429.12,0,4823429.12,-48433.16,-0.99,-0.99
"2023-10-06",4905493.64,4824158.52,0,4824158.52,78987.8,1.64,0
"2023-10-09",4910749.28,4843063.68,0,4843063.68,5255.64,0.11,0
"2023-10-10",4896390.22,4838825.72,0,4838825.72,-14359.06,-0.29,-0.29
"2023-10-11",4896803.62,4831508.8,0,4831508.8,413.4,0.01,-0.28
"2023-10-12",4902721.76,4869399.56,0,4869399.56,5918.14,0.12,-0.16
"2023-10-13",4935469.24,4891373,0,4891373,32747.48,0.67,0
"2023-10-16",4971591.52,4913407.88,0,4913407.88,36122.28,0.73,0
"2023-10-17",5027253.5,4976846.64,0,4976846.64,55661.98,1.12,0
"2023-10-18",5040203.86,4973652.64,0,4973652.64,12950.36,0.26,0
"2023-10-19",5262779.8,5280469.56,0,5280469.56,222575.94,4.42,0
"2023-10-20",5250886.72,5340488.52,0,5340488.52,-11893.08,-0.23,-0.23
"2023-10-23",5207339.8,5340488.52,0,5340488.52,-43546.92,-0.83,-1.05
"2023-10-24",5184702.36,5292531.48,0,5292531.48,-22637.44,-0.43,-1.48
"2023-10-25",5104180.08,5183316.92,0,5183316.92,-80522.28,-1.55,-3.01
"2023-10-26",5042271.36,5163823.48,0,5163823.48,-61908.72,-1.21,-4.19
"2023-10-27",5012546.12,5122505.44,0,5122505.44,-29725.24,-0.59,-4.75
"2023-10-30",5070455.56,5122505.44,0,5122505.44,57909.44,1.16,-3.65
"2023-10-31",5104735.8,5118414.32,0,5118414.32,34280.24,0.68,-3
"2023-11-01",5164019.28,5203937.64,0,5203937.64,59283.48,1.16,-1.88
"2023-11-02",5098090.36,5127172,0,5127172,-65928.92,-1.28,-3.13
"2023-11-03",5079673.08,5092160.2,0,5092160.2,-18417.28,-0.36,-3.48
"2023-11-06",5084017.2,5096938.2,0,5096938.2,4344.12,0.09,-3.4
"2023-11-07",5110492.58,5100177.48,0,5100177.48,26475.38,0.52,-2.89
"2023-11-08",5057683.74,5044298.44,0,5044298.44,-52808.84,-1.03,-3.9
"2023-11-09",5240949.04,5255735,0,5255735,183265.3,3.62,-0.41
"2023-11-10",5370880.72,5346461.12,0,5346461.12,129931.68,2.48,0
"2023-11-13",5405391.24,5350389.12,0,5350389.12,34510.52,0.64,0
"2023-11-14",5263846.34,5226373.36,0,5226373.36,-141544.9,-2.62,-2.62
"2023-11-15",5295548.42,5189064.92,0,5189064.92,31702.08,0.6,-2.03
"2023-11-16",5231052.4,5231052.4,0,5231052.4,-64496.02,-1.22,-3.23
"2023-11-17",5211243.6,5207958.64,0,5207958.64,-19808.8,-0.38,-3.59
"2023-11-20",5186626.76,5203014.64,0,5203014.64,-24616.84,-0.47,-4.05
"2023-11-21",5216381.4,5207417.64,0,5207417.64,29754.64,0.57,-3.5
"2023-11-22",5183714.96,5183722.16,0,5183722.16,-32666.44,-0.63,-4.1
"2023-11-24",5183936.72,5183722.16,0,5183722.16,221.76,0,-4.1
"2023-11-27",5182195,5188784.4,0,5188784.4,-1741.72,-0.03,-4.13
"2023-11-28",5221990.12,5205729.04,0,5205729.04,39795.12,0.77,-3.39
"2023-11-29",5285952.04,5223407.76,0,5223407.76,63961.92,1.22,-2.21
"2023-11-30",5361759.12,5335862.64,0,5335862.64,75807.08,1.43,-0.81
"2023-12-01",5546948.44,5440765.24,0,5440765.24,185189.32,3.45,0
"2023-12-04",5553878.16,5467337.24,0,5467337.24,6929.72,0.12,0
"2023-12-05",5555587.84,5486128.24,0,5486128.24,1709.68,0.03,0
"2023-12-06",5567918.88,5546010.08,0,5546010.08,12331.04,0.22,0
"2023-12-07",5673608.96,5521170.68,0,5521170.68,105690.08,1.9,0
"2023-12-08",5751179.2,5573709.2,0,5573709.2,77570.24,1.37,0
"2023-12-11",5770577.96,5567776.4,0,5567776.4,19398.76,0.34,0
"2023-12-12",5796824.82,5629400.08,0,5629400.08,26246.86,0.45,0
"2023-12-13",5847117.52,5791752.84,0,5791752.84,50292.7,0.87,0
"2023-12-14",5890919.68,5836384.36,0,5836384.36,43802.16,0.75,0
"2023-12-15",5903790.76,5805317.36,0,5805317.36,12871.08,0.22,0
"2023-12-18",5908947.2,5805317.36,0,5805317.36,5156.44,0.09,0
"2023-12-19",5954254.56,5851177.16,0,5851177.16,45307.36,0.77,0
"2023-12-20",6218537.72,6203853.28,0,6203853.28,264283.16,4.44,0
"2023-12-21",6415591,6306194.24,0,6306194.24,197053.28,3.17,0
"2023-12-22",6458841.48,6402305.92,0,6402305.92,43250.48,0.67,0
"2023-12-26",6458287.88,6482799.96,0,6482799.96,-553.6,-0.01,-0.01
"2023-12-27",6373355.44,6442533.24,0,6442533.24,-84932.44,-1.32,-1.32
"2023-12-28",6395366.84,6386813.24,0,6386813.24,22011.4,0.35,-0.98
"2023-12-29",6403644.32,6402743.96,0,6402743.96,8277.48,0.13,-0.85
"2024-01-02",6260183.44,6398153.84,0,6398153.84,-143460.88,-2.24,-3.08
"2024-01-03",6151742.88,6319384.32,0,6319384.32,-108440.56,-1.73,-4.75
"2024-01-04",6132584.56,6303088.68,0,6303088.68,-19158.32,-0.31,-5.05
"2024-01-05",6072735.8,6162609.88,0,6162609.88,-59848.76,-0.98,-5.98
"2024-01-08",6180319.16,6162609.88,0,6162609.88,107583.36,1.77,-4.31
"2024-01-09",6180746.86,6193168.84,0,6193168.84,427.7,0.01,-4.31
"2024-01-10",6177753.22,6170075.8,0,6170075.8,-2993.64,-0.05,-4.35
"2024-01-11",6218685.44,6169466.68,0,6169466.68,40932.22,0.66,-3.72
"2024-01-12",6257730.56,6181677.08,0,6181677.08,39045.12,0.63,-3.11
"2024-01-16",6329770.44,6297295.8,0,6297295.8,72039.88,1.15,-2
"2024-01-17",6322137.12,6290429.08,0,6290429.08,-7633.32,-0.12,-2.12
"2024-01-18",6386056.52,6289416.96,0,6289416.96,63919.4,1.01,-1.13
"2024-01-19",6471334.16,6399102.68,0,6399102.68,85277.64,1.34,0
"2024-01-22",6438148.12,6401018.16,0,6401018.16,-33186.04,-0.51,-0.51
"2024-01-23",6405167.6,6404127.28,0,6404127.28,-32980.52,-0.51,-1.02
"2024-01-24",6488369.28,6378176.48,0,6378176.48,83201.68,1.3,0
"2024-01-25",6689036.84,6559258.48,0,6559258.48,200667.56,3.09,0
"2024-01-26",6722241.76,6604846.08,0,6604846.08,33204.92,0.5,0
"2024-01-29",6793610.04,6618174.72,0,6618174.72,71368.28,1.06,0
"2024-01-30",6760956.5,6638224,0,6638224,-32653.54,-0.48,-0.48
"2024-01-31",6730321.2,6659592.72,0,6659592.72,-30635.3,-0.45,-0.93
"2024-02-01",7074690.52,6688910.04,0,6688910.04,344369.32,5.12,0
"2024-02-02",7217597.04,6904172.76,0,6904172.76,142906.52,2.02,0
"2024-02-05",7179809.8,6896104.56,0,6896104.56,-37787.24,-0.52,-0.52
"2024-02-06",7089620.44,6944168.84,0,6944168.84,-90189.36,-1.26,-1.77
"2024-02-07",7121914.92,6973134.6,0,6973134.6,32294.48,0.46,-1.33
"2024-02-08",7206257.32,7049544.24,0,7049544.24,84342.4,1.18,-0.16
"2024-02-09",7186020.04,7092622.24,0,7092622.24,-20237.28,-0.28,-0.44
"2024-02-12",7244880.08,7068253.04,0,7068253.04,58860.04,0.82,0
"2024-02-13",7256233.78,7099095.84,0,7099095.84,11353.7,0.16,0
"2024-02-14",7478090.7,7116557.8,0,7116557.8,221856.92,3.06,0
"2024-02-15",7692038.52,7448336.28,0,7448336.28,213947.82,2.86,0
"2024-02-16",7764851.08,7622692.28,0,7622692.28,72812.56,0.95,0
"2024-02-20",7777591.56,7680719.64,0,7680719.64,12740.48,0.16,0
"2024-02-21",7772413.64,7680719.64,0,7680719.64,-5177.92,-0.07,-0.07
"2024-02-22",7891627.2,7839694.04,0,7839694.04,119213.56,1.53,0
"2024-02-23",7795638.16,7747325.76,0,7747325.76,-95989.04,-1.22,-1.22
"2024-02-26",7765037.48,7749250.56,0,7749250.56,-30600.68,-0.39,-1.6
"2024-02-27",7725102.88,7719894.68,0,7719894.68,-39934.6,-0.51,-2.11
"2024-02-28",7776087.4,7739914.96,0,7739914.96,50984.52,0.66,-1.46
"2024-02-29",7785585.12,7633464.92,0,7633464.92,9497.72,0.12,-1.34
"2024-03-01",7909606.92,7801853.28,0,7801853.28,124021.8,1.59,0
"2024-03-04",7954052.64,7800303.32,0,7800303.32,44445.72,0.56,0
"2024-03-05",7896247.8,7790896.76,0,7790896.76,-57804.84,-0.73,-0.73
"2024-03-06",8148719.16,7881719.96,0,7881719.96,252471.36,3.2,0
"2024-03-07",8206499.28,7908552.76,0,7908552.76,57780.12,0.71,0
"2024-03-08",8342964.24,8162664.6,0,8162664.6,136464.96,1.66,0
"2024-03-11",8318948.08,8168669.4,0,8168669.4,-24016.16,-0.29,-0.29
"2024-03-12",8608268.74,8273539.96,0,8273539.96,289320.66,3.48,0
"2024-03-13",8594005.22,8355097.4,0,8355097.4,-14263.52,-0.17,-0.17
"2024-03-14",8826605.36,8612433.64,0,8612433.64,232600.14,2.71,0
"2024-03-15",8896865.6,8660071.16,0,8660071.16,70260.24,0.8,0
"2024-03-18",9146345.08,8689771.76,0,8689771.76,249479.48,2.8,0
"2024-03-19",9259302.54,8716378.76,0,8716378.76,112957.46,1.24,0
"2024-03-20",9262701.46,9035772.28,0,9035772.28,3398.92,0.04,0
"2024-03-21",8998555.04,8907831.44,0,8907831.44,-264146.42,-2.85,-2.85
"2024-03-22",9043750.68,8914496.84,0,8914496.84,45195.64,0.5,-2.36
"2024-03-25",9036012.08,8927730.96,0,8927730.96,-7738.6,-0.09,-2.45
"2024-03-26",8918695.6,8903722.48,0,8903722.48,-117316.48,-1.3,-3.71
"2024-03-27",8978069.76,8920523.84,0,8920523.84,59374.16,0.67,-3.07
"2024-03-28",9065531.68,8880023.28,0,8880023.28,87461.92,0.97,-2.13
"2024-04-01",9087151.56,8958970.64,0,8958970.64,21619.88,0.24,-1.9
"2024-04-02",9089701.84,8958970.64,0,8958970.64,2550.28,0.03,-1.87
"2024-04-03",9207639.12,9076812.6,0,9076812.6,117937.28,1.3,-0.59
"2024-04-04",9826346.8,9933339.36,0,9933339.36,618707.68,6.72,0
"2024-04-05",10407019.4,10015460.76,0,10015460.76,580672.6,5.91,0
"2024-04-08",10289696.96,10086755.6,0,10086755.6,-117322.44,-1.13,-1.13
"2024-04-09",10374571.38,10102097.12,0,10102097.12,84874.42,0.82,-0.31
"2024-04-10",10497289.98,10437201.4,0,10437201.4,122718.6,1.18,0
"2024-04-11",10600424.2,10432866.36,0,10432866.36,103134.22,0.98,0
"2024-04-12",10447100.32,10538503.16,0,10538503.16,-153323.88,-1.45,-1.45
"2024-04-15",10393177.2,10518118.16,0,10518118.16,-53923.12,-0.52,-1.96
"2024-04-16",10275027.66,10535176.76,0,10535176.76,-118149.54,-1.14,-3.07
"2024-04-17",10302205.66,10410225.6,0,10410225.6,27178,0.26,-2.81
"2024-04-18",10603995.44,10690018.52,0,10690018.52,301789.78,2.93,0
"2024-04-19",10551590.32,10690018.52,0,10690018.52,-52405.12,-0.49,-0.49
"2024-04-22",10536885.56,10690018.52,0,10690018.52,-14704.76,-0.14,-0.63
"2024-04-23",10771905.78,10827734.96,0,10827734.96,235020.22,2.23,0
"2024-04-24",10867135.94,10902929.56,0,10902929.56,95230.16,0.88,0
"2024-04-25",10988098.52,11085596.52,0,11085596.52,120962.58,1.11,0
"2024-04-26",11075390.68,11035761.48,0,11035761.48,87292.16,0.79,0
"2024-04-29",11079498.28,11045968.68,0,11045968.68,4107.6,0.04,0
"2024-04-30",10942799.88,10978897.8,0,10978897.8,-136698.4,-1.23,-1.23
"2024-05-01",10953569.84,11141173.12,0,11141173.12,10769.96,0.1,-1.14
"2024-05-02",11107741.52,11139573.52,0,11139573.52,154171.68,1.41,0
"2024-05-03",11392979.2,11174659.8,0,11174659.8,285237.68,2.57,0
"2024-05-06",11423807,11198382.68,0,11198382.68,30827.8,0.27,0
"2024-05-07",11328174.88,11264582.56,0,11264582.56,-95632.12,-0.84,-0.84
"2024-05-08",11305678.6,11298110.68,0,11298110.68,-22496.28,-0.2,-1.03
"2024-05-09",11326183.28,11237631.4,0,11237631.4,20504.68,0.18,-0.85
"2024-05-10",11291657.76,11266657,0,11266657,-34525.52,-0.3,-1.16
"2024-05-13",11308509.4,11266671.4,0,11266671.4,16851.64,0.15,-1.01
"2024-05-14",11568780.76,11310697.32,0,11310697.32,260271.36,2.3,0
"2024-05-15",11621818.24,11631555.52,0,11631555.52,53037.48,0.46,0
"2024-05-16",11652730.96,11624983.72,0,11624983.72,30912.72,0.27,0
"2024-05-17",11695263.32,11619463.16,0,11619463.16,42532.36,0.36,0
"2024-05-20",11658866.48,11604706.04,0,11604706.04,-36396.84,-0.31,-0.31
"2024-05-21",11679919.8,11621396.84,0,11621396.84,21053.32,0.18,-0.13
"2024-05-22",11929757.16,11806212.68,0,11806212.68,249837.36,2.14,0
"2024-05-23",12761078.04,12844613.96,0,12844613.96,831320.88,6.97,0
"2024-05-24",12987344.76,12965844.6,0,12965844.6,226266.72,1.77,0
"2024-05-28",13094416.16,13067376.92,0,13067376.92,107071.4,0.82,0
"2024-05-29",13075262.12,13067376.92,0,13067376.92,-19154.04,-0.15,-0.15
"2024-05-30",12881904,13127299.24,0,13127299.24,-193358.12,-1.48,-1.62
"2024-05-31",13114883.2,13038185.12,0,13038185.12,232979.2,1.81,0
"2024-06-03",13254655.36,13031263.52,0,13031263.52,139772.16,1.07,0
"2024-06-04",13462043.08,13048298.64,0,13048298.64,207387.72,1.56,0
"2024-06-05",13834594.92,13435285.16,0,13435285.16,372551.84,2.77,0
"2024-06-06",13908049.28,13456008.84,0,13456008.84,73454.36,0.53,0
"2024-06-07",13937592.92,13548105.92,0,13548105.92,29543.64,0.21,0
"2024-06-10",14069162.44,13551622.72,0,13551622.72,131569.52,0.94,0
"2024-06-11",14420509.44,13668118.8,0,13668118.8,351347,2.5,0
"2024-06-12",14155603.68,13883979.48,0,13883979.48,-264905.76,-1.84,-1.84
"2024-06-13",14198406.08,13837640.76,0,13837640.76,42802.4,0.3,-1.54
"2024-06-14",14516732.72,14058672.08,0,14058672.08,318326.64,2.24,0
"2024-06-17",14587378.8,14211801.2,0,14211801.2,70646.08,0.49,0
"2024-06-18",14510910.04,14220633.88,0,14220633.88,-76468.76,-0.52,-0.52
"2024-06-20",14686596.08,14477488.12,0,14477488.12,175686.04,1.21,0
"2024-06-21",14762272.36,14491737.72,0,14491737.72,75676.28,0.52,0
"2024-06-24",14573308.56,14534163.36,0,14534163.36,-188963.8,-1.28,-1.28
"2024-06-25",14713268.88,14547911.52,0,14547911.52,139960.32,0.96,-0.33
"2024-06-26",14553385.72,14538399.24,0,14538399.24,-159883.16,-1.09,-1.42
"2024-06-27",14435652.04,14449547.72,0,14449547.72,-117733.68,-0.81,-2.21
"2024-06-28",14374715.64,14532719.16,0,14532719.16,-60936.4,-0.42,-2.63
"2024-07-01",14127511,14531087.04,0,14531087.04,-247204.64,-1.72,-4.3
"2024-07-02",14414961.6,14576001.72,0,14576001.72,287450.6,2.03,-2.35
"2024-07-03",14609367.96,14568235.56,0,14568235.56,194406.36,1.35,-1.04
"2024-07-05",14938820.04,14563267.08,0,14563267.08,329452.08,2.26,0
"2024-07-08",14754332.48,14491512.28,0,14491512.28,-184487.56,-1.23,-1.23
"2024-07-09",14761548.64,14526880.52,0,14526880.52,7216.16,0.05,-1.19
"2024-07-10",15325600,14990461.28,0,14990461.28,564051.36,3.82,0
"2024-07-11",15325602.52,15146683.48,0,15146683.48,2.52,0,0
"2024-07-12",15419187.04,15354327.6,0,15354327.6,93584.52,0.61,0
"2024-07-15",15585629.08,15424979.84,0,15424979.84,166442.04,1.08,0
"2024-07-16",15966651.04,15612571.88,0,15612571.88,381021.96,2.44,0
"2024-07-17",15776966.36,15708348.72,0,15708348.72,-189684.68,-1.19,-1.19
"2024-07-18",16331963.16,16618472.16,0,16618472.16,554996.8,3.52,0
"2024-07-19",16003950.96,16535870.88,0,16535870.88,-328012.2,-2.01,-2.01
"2024-07-22",16577981,16490493.6,0,16490493.6,574030.04,3.59,0
"2024-07-23",16459499.52,16497779.04,0,16497779.04,-118481.48,-0.71,-0.71
"2024-07-24",15393083.8,15888286.24,0,15888286.24,-1066415.72,-6.48,-7.15
"2024-07-25",15224173.4,15919489.44,0,15919489.44,-168910.4,-1.1,-8.17
"2024-07-26",15446348.68,15827476.24,0,15827476.24,222175.28,1.46,-6.83
"2024-07-29",15567362.64,15769576.68,0,15769576.68,121013.96,0.78,-6.1
"2024-07-30",15570401.78,15782098.92,0,15782098.92,3039.14,0.02,-6.08
"2024-07-31",16710475.5,16058939.84,0,16058939.84,1140073.72,7.32,0
"2024-08-01",17914653,17586903.44,0,17586903.44,1204177.5,7.21,0
"2024-08-02",18007225.56,17699754.68,0,17699754.68,92572.56,0.52,0
"2024-08-05",17875162.52,17699754.68,0,17699754.68,-132063.04,-0.73,-0.73
"2024-08-06",17465209.34,17787965.32,0,17787965.32,-409953.18,-2.29,-3.01
"2024-08-07",17752046.66,17763711.24,0,17763711.24,286837.32,1.64,-1.42
"2024-08-08",18530454.84,18330188.32,0,18330188.32,778408.18,4.38,0
"2024-08-09",18484295.88,18438400.92,0,18438400.92,-46158.96,-0.25,-0.25
"2024-08-12",18575324.12,18479323.96,0,18479323.96,91028.24,0.49,0
"2024-08-13",18667741,18640231.6,0,18640231.6,92416.88,0.5,0
"2024-08-14",18753166.56,18694937.88,0,18694937.88,85425.56,0.46,0
"2024-08-15",18707353.64,18682121.6,0,18682121.6,-45812.92,-0.24,-0.24
"2024-08-16",18776081.16,18754919.68,0,18754919.68,68727.52,0.37,0
"2024-08-19",18827846,18753343.68,0,18753343.68,51764.84,0.28,0
"2024-08-20",18955813.52,18775325.72,0,18775325.72,127967.52,0.68,0
"2024-08-21",19211260.12,18981212.16,0,18981212.16,255446.6,1.35,0
"2024-08-22",19794917.32,19614793.12,0,19614793.12,583657.2,3.04,0
"2024-08-23",20343661.52,19728419.52,0,19728419.52,548744.2,2.77,0
"2024-08-26",20257846.56,19998261.36,0,19998261.36,-85814.96,-0.42,-0.42
"2024-08-27",20293276.88,20003497.2,0,20003497.2,35430.32,0.17,-0.25
"2024-08-28",20359581.4,19991373.92,0,19991373.92,66304.52,0.33,0
"2024-08-29",19986529.52,19652775.2,0,19652775.2,-373051.88,-1.83,-1.83
"2024-08-30",20298445.6,19837470.16,0,19837470.16,311916.08,1.56,-0.3
"2024-09-03",20247467.04,19987107.8,0,19987107.8,-50978.56,-0.25,-0.55
"2024-09-04",20519275.92,20062212.24,0,20062212.24,271808.88,1.34,0
"2024-09-05",19992172.8,19943538,0,19943538,-527103.12,-2.57,-2.57
"2024-09-06",19644897.04,20052127.88,0,20052127.88,-347275.76,-1.74,-4.26
"2024-09-09",20036748.36,20053853.96,0,20053853.96,391851.32,1.99,-2.35
"2024-09-10",20112038.66,19884772.12,0,19884772.12,75290.3,0.38,-1.98
"2024-09-11",20894819.92,20521321.28,0,20521321.28,782781.26,3.89,0
"2024-09-12",20988855.64,20766333.92,0,20766333.92,94035.72,0.45,0
"2024-09-13",21147596,20860187.72,0,20860187.72,158740.36,0.76,0
"2024-09-16",21272073.48,20877910.92,0,20877910.92,124477.48,0.59,0
"2024-09-17",21262437.66,21073176.36,0,21073176.36,-9635.82,-0.05,-0.05
"2024-09-18",21572502.34,21343818.16,0,21343818.16,310064.68,1.46,0
"2024-09-19",22450191.4,22023239.4,0,22023239.4,877689.06,4.07,0
"2024-09-20",22581536.08,21936112.64,0,21936112.64,131344.68,0.59,0
"2024-09-23",22480698.8,21956887.04,0,21956887.04,-100837.28,-0.45,-0.45
"2024-09-24",22469280.72,21985188.12,0,21985188.12,-11418.08,-0.05,-0.5
"2024-09-25",22472446.52,22237543.48,0,22237543.48,3165.8,0.01,-0.48
"2024-09-26",22692850.32,22332135.32,0,22332135.32,220403.8,0.98,0
"2024-09-27",23636334.2,22680907.32,0,22680907.32,943483.88,4.16,0
"2024-09-30",23686818.8,22800189.84,0,22800189.84,50484.6,0.21,0
"2024-10-01",24230098.48,23462550.08,0,23462550.08,543279.68,2.29,0
"2024-10-02",24441524.96,23500484.6,0,23500484.6,211426.48,0.87,0
"2024-10-03",25029751.88,23718861.88,0,23718861.88,588226.92,2.41,0
"2024-10-04",25870820,24392255.76,0,24392255.76,841068.12,3.36,0
"2024-10-07",26412979.56,24642124.56,0,24642124.56,542159.56,2.1,0
"2024-10-08",27129240.14,25300213.44,0,25300213.44,716260.58,2.71,0
"2024-10-09",27287646.06,25532208.88,0,25532208.88,158405.92,0.58,0
"2024-10-10",27780861.96,26261747.44,0,26261747.44,493215.9,1.81,0
"2024-10-11",28463252.4,26809454.92,0,26809454.92,682390.44,2.46,0
"2024-10-14",27827776.88,27252195.2,0,27252195.2,-635475.52,-2.23,-2.23
"2024-10-15",28422025.84,28114618.48,0,28114618.48,594248.96,2.14,-0.14
"2024-10-16",28499115.24,28134100.08,0,28134100.08,77089.4,0.27,0
"2024-10-17",28672265.4,28783247.56,0,28783247.56,173150.16,0.61,0
"2024-10-18",28964095.32,28830137.88,0,28830137.88,291829.92,1.02,0
"2024-10-21",28998407.4,28827664.28,0,28827664.28,34312.08,0.12,0
"2024-10-22",28923893.2,28883155.6,0,28883155.6,-74514.2,-0.26,-0.26
"2024-10-23",28762216.28,28846614.96,0,28846614.96,-161676.92,-0.56,-0.81
"2024-10-24",28707047.6,28628860.6,0,28628860.6,-55168.68,-0.19,-1
"2024-10-25",29188954.96,28751008.96,0,28751008.96,481907.36,1.68,0
"2024-10-28",29304208.52,28751008.96,0,28751008.96,115253.56,0.39,0
"2024-10-29",29425329.2,29014594.64,0,29014594.64,121120.68,0.41,0
"2024-10-30",29740358.56,29023368.92,0,29023368.92,315029.36,1.07,0
"2024-10-31",29331168.12,29135480.04,0,29135480.04,-409190.44,-1.38,-1.38
"2024-11-01",29511125.16,29044453.16,0,29044453.16,179957.04,0.61,-0.77
"2024-11-04",28865624.6,29042588.68,0,29042588.68,-645500.56,-2.19,-2.94
"2024-11-05",30049036.7,29534279.36,0,29534279.36,1183412.1,4.1,0
"2024-11-06",30118286.56,29174172.24,0,29174172.24,69249.86,0.23,0
"2024-11-07",30389951.08,29529245.44,0,29529245.44,271664.52,0.9,0
"2024-11-08",30577356.2,29913974.16,0,29913974.16,187405.12,0.62,0
"2024-11-11",30600771.8,30119441.32,0,30119441.32,23415.6,0.08,0
"2024-11-12",30406049.08,30158689.04,0,30158689.04,-194722.72,-0.64,-0.64
"2024-11-13",30177407.72,30018987.84,0,30018987.84,-228641.36,-0.75,-1.38
"2024-11-14",30162886.44,30347590.96,0,30347590.96,-14521.28,-0.05,-1.43
"2024-11-15",29357859.4,29950346.08,0,29950346.08,-805027.04,-2.67,-4.06
"2024-11-18",29376724.44,29735987.32,0,29735987.32,18865.04,0.06,-4
"2024-11-19",30129743.88,29743232.68,0,29743232.68,753019.44,2.56,-1.54
"2024-11-20",30243086.88,29453583.4,0,29453583.4,113343,0.38,-1.17
"2024-11-21",30980534.32,30269904.92,0,30269904.92,737447.44,2.44,0
"2024-11-22",30589544.2,30055293.52,0,30055293.52,-390990.12,-1.26,-1.26
"2024-11-25",30116205.64,29978494.64,0,29978494.64,-473338.56,-1.55,-2.79
"2024-11-26",30098679.64,29993191.08,0,29993191.08,-17526,-0.06,-2.85
"2024-11-27",30093822.4,29985431.04,0,29985431.04,-4857.24,-0.02,-2.86
"2024-11-29",30605198.52,30327203.32,0,30327203.32,511376.12,1.7,-1.21
"2024-12-02",30480227.92,30391161.28,0,30391161.28,-124970.6,-0.41,-1.61
"2024-12-03",30529017.6,30486041.2,0,30486041.2,48789.68,0.16,-1.46
"2024-12-04",30875798.52,30395792.64,0,30395792.64,346780.92,1.14,-0.34
"2024-12-05",31035651.56,30286496.92,0,30286496.92,159853.04,0.52,0
"2024-12-06",31154749.96,30083627.48,0,30083627.48,119098.4,0.38,0
"2024-12-09",31148346.2,30147391.6,0,30147391.6,-6403.76,-0.02,-0.02
"2024-12-10",30660774.52,30839894.48,0,30839894.48,-487571.68,-1.57,-1.59
"2024-12-11",31616851.6,30788831.92,0,30788831.92,956077.08,3.12,0
"2024-12-12",30938677.96,30528336.44,0,30528336.44,-678173.64,-2.14,-2.14
"2024-12-13",30695763.6,30381814.08,0,30381814.08,-242914.36,-0.79,-2.91
"2024-12-16",31382708.72,30402813.96,0,30402813.96,686945.12,2.24,-0.74
"2024-12-17",31477122.12,30500142.28,0,30500142.28,94413.4,0.3,-0.44
"2024-12-18",31301178.64,31615578.4,0,31615578.4,-175943.48,-0.56,-1
"2024-12-19",31644671.84,32060853.6,0,32060853.6,343493.2,1.1,0
"2024-12-20",32059361.8,32500086.2,0,32500086.2,414689.96,1.31,0
"2024-12-23",32350051.8,32500086.2,0,32500086.2,290690,0.91,0
"2024-12-24",32249257.24,32430870.2,0,32430870.2,-100794.56,-0.31,-0.31
"2024-12-26",32436805.24,32431657.6,0,32431657.6,187548,0.58,0
"2024-12-27",32099779.6,32403752.96,0,32403752.96,-337025.64,-1.04,-1.04
"2024-12-30",31841779.6,32403752.96,0,32403752.96,-258000,-0.8,-1.83
"2024-12-31",31719413.08,32543726.08,0,32543726.08,-122366.52,-0.38,-2.21
"2025-01-02",32902910.88,33078522.64,0,33078522.64,1183497.8,3.73,0
"2025-01-03",33326562.68,33112962.8,0,33112962.8,423651.8,1.29,0
"2025-01-06",33098435.48,33131106.68,0,33131106.68,-228127.2,-0.68,-0.68
"2025-01-07",33212886.92,33232635.76,0,33232635.76,114451.44,0.35,-0.34
"2025-01-08",33211276.92,33247113.12,0,33247113.12,-1610,0,-0.35
"2025-01-10",32957696.6,33235986.48,0,33235986.48,-253580.32,-0.76,-1.11
"2025-01-13",32767986.36,33235986.48,0,33235986.48,-189710.24,-0.58,-1.68
"2025-01-14",32851510.24,33172087.24,0,33172087.24,83523.88,0.25,-1.43
"2025-01-15",34138338.48,33637003.16,0,33637003.16,1286828.24,3.92,0
"2025-01-16",34303820.52,34257669.52,0,34257669.52,165482.04,0.48,0
"2025-01-17",34289746.6,34217246.44,0,34217246.44,-14073.92,-0.04,-0.04
"2025-01-21",34333065.36,34258829.08,0,34258829.08,43318.76,0.13,0
"2025-01-22",34583246.12,34403300.36,0,34403300.36,250180.76,0.73,0
"2025-01-23",35355717.04,35118258.56,0,35118258.56,772470.92,2.23,0
"2025-01-24",35859720.04,35507462,0,35507462,504003,1.43,0
"2025-01-27",35536112.2,35670367.04,0,35670367.04,-323607.84,-0.9,-0.9
"2025-01-28",36633442.78,36115104.36,0,36115104.36,1097330.58,3.09,0
"2025-01-29",36885695.7,36292325.52,0,36292325.52,252252.92,0.69,0
"2025-01-30",37682082.52,36643455.64,0,36643455.64,796386.82,2.16,0
"2025-01-31",39013619.32,38486490.36,0,38486490.36,1331536.8,3.53,0
"2025-02-03",38800516,38099639.08,0,38099639.08,-213103.32,-0.55,-0.55
"2025-02-04",39095687.6,38574590.24,0,38574590.24,295171.6,0.76,0
"2025-02-05",39206174.76,38585156.4,0,38585156.4,110487.16,0.28,0
"2025-02-06",38734449.88,38348328.12,0,38348328.12,-471724.88,-1.2,-1.2
"2025-02-07",39096184.96,38849242.6,0,38849242.6,361735.08,0.93,-0.28
"2025-02-10",39070808.04,38849242.6,0,38849242.6,-25376.92,-0.06,-0.35
"2025-02-11",39660847.88,38992880.08,0,38992880.08,590039.84,1.51,0
"2025-02-12",39321116.16,38893177.52,0,38893177.52,-339731.72,-0.86,-0.86
"2025-02-13",40729258.72,40510434.76,0,40510434.76,1408142.56,3.58,0
"2025-02-14",40166748.04,40037214.6,0,40037214.6,-562510.68,-1.38,-1.38
"2025-02-18",40237815.8,40290547.88,0,40290547.88,71067.76,0.18,-1.21
"2025-02-19",40308346.48,40293545.08,0,40293545.08,70530.68,0.18,-1.03
"2025-02-20",40165506.68,40165583.88,0,40165583.88,-142839.8,-0.35,-1.38
"2025-02-21",40657595.96,41335177.76,0,41335177.76,492089.28,1.23,-0.18
"2025-02-24",40452135.96,41335177.76,0,41335177.76,-205460,-0.51,-0.68
"2025-02-25",40383613.74,40946076.32,0,40946076.32,-68522.22,-0.17,-0.85
"2025-02-26",40298269.82,40100236.64,0,40100236.64,-85343.92,-0.21,-1.06
"2025-02-27",42580775.48,42600629.24,0,42600629.24,2282505.66,5.66,0
"2025-02-28",42829857.2,42589558.84,0,42589558.84,249081.72,0.58,0
"2025-03-03",42574523.4,42589558.84,0,42589558.84,-255333.8,-0.6,-0.6
"2025-03-04",42132693.4,42615197.84,0,42615197.84,-441830,-1.04,-1.63
"2025-03-05",43472439.04,43300773.6,0,43300773.6,1339745.64,3.18,0
"2025-03-06",44347621.88,44404433.28,0,44404433.28,875182.84,2.01,0
"2025-03-07",44523245.4,44452222.36,0,44452222.36,175623.52,0.4,0
"2025-03-10",44157519.64,44093683.48,0,44093683.48,-365725.76,-0.82,-0.82
"2025-03-11",43797835.86,44084221.84,0,44084221.84,-359683.78,-0.81,-1.63
"2025-03-12",44227032.3,44542328.56,0,44542328.56,429196.44,0.98,-0.67
"2025-03-13",44568845.76,45095821.48,0,45095821.48,341813.46,0.77,0
"2025-03-14",45068864.08,45081517,0,45081517,500018.32,1.12,0
"2025-03-17",45210306.56,45177846.04,0,45177846.04,141442.48,0.31,0
"2025-03-18",45350821.4,45276642.84,0,45276642.84,140514.84,0.31,0
"2025-03-19",45312554.28,45188816.32,0,45188816.32,-38267.12,-0.08,-0.08
"2025-03-20",44426064.64,44334997.64,0,44334997.64,-886489.64,-1.96,-2.04
"2025-03-21",44556553.72,44371506.44,0,44371506.44,130489.08,0.29,-1.75
"2025-03-24",44270425.68,44347402.84,0,44347402.84,-286128.04,-0.64,-2.38
"2025-03-25",44235150.92,44252537.28,0,44252537.28,-35274.76,-0.08,-2.46
"2025-03-26",44061470.28,44222170.72,0,44222170.72,-173680.64,-0.39,-2.84
"2025-03-27",44140718.32,44221157.2,0,44221157.2,79248.04,0.18,-2.67
"2025-03-28",43859319.8,44221157.2,0,44221157.2,-281398.52,-0.64,-3.29
"2025-03-31",44130893.08,44254502.48,0,44254502.48,271573.28,0.62,-2.69
"2025-04-01",44981802.44,44562276.2,0,44562276.2,850909.36,1.93,-0.81
"2025-04-02",45389327,44901178.28,0,44901178.28,407524.56,0.91,0
"2025-04-03",45655071.84,45615966.96,0,45615966.96,265744.84,0.59,0
"2025-04-04",44493200.96,45609198.96,0,45609198.96,-1161870.88,-2.54,-2.54
"2025-04-07",45064138.6,45875698.96,0,45875698.96,570937.64,1.28,-1.29
"2025-04-08",45673457.64,46087238.32,0,46087238.32,609319.04,1.35,0
"2025-04-09",49007126.56,48064338.24,0,48064338.24,3333668.92,7.3,0
"2025-04-10",50976584.16,50220173.44,0,50220173.44,1969457.6,4.02,0
"2025-04-11",51540788.64,51540788.64,0,51540788.64,564204.48,1.11,0
"2025-04-14",51529456.08,51540788.64,0,51540788.64,-11332.56,-0.02,-0.02
"2025-04-15",51377215.36,51408015.68,0,51408015.68,-152240.72,-0.3,-0.32
"2025-04-16",51192847.88,51367391.52,0,51367391.52,-184367.48,-0.36,-0.68
"2025-04-17",50745211.36,51025267.6,0,51025267.6,-447636.52,-0.87,-1.54
"2025-04-21",50406016.72,51025267.6,0,51025267.6,-339194.64,-0.67,-2.2
"2025-04-22",51514777.56,51256457.52,0,51256457.52,1108760.84,2.2,-0.05
"2025-04-23",52068938.44,52075188.6,0,52075188.6,554160.88,1.08,0
"2025-04-24",52488414.2,52427789.96,0,52427789.96,419475.76,0.81,0
"2025-04-25",52493437.16,52542804.04,0,52542804.04,5022.96,0.01,0
"2025-04-28",52563823.44,52586728.24,0,52586728.24,70386.28,0.13,0
"2025-04-29",52708319.12,52655386.96,0,52655386.96,144495.68,0.27,0
"2025-04-30",53324429.56,52725386.04,0,52725386.04,616110.44,1.17,0
"2025-05-01",53030662.6,52792392.28,0,52792392.28,-293766.96,-0.55,-0.55
"2025-05-02",53181891.28,53247093.84,0,53247093.84,151228.68,0.29,-0.27
"2025-05-05",53202663.24,53295268.64,0,53295268.64,20771.96,0.04,-0.23
"2025-05-06",53545569.56,53233996.64,0,53233996.64,342906.32,0.64,0
"2025-05-07",54027427.28,53357107.48,0,53357107.48,481857.72,0.9,0
"2025-05-08",53721529.12,53669354.6,0,53669354.6,-305898.16,-0.57,-0.57
"2025-05-09",53758604.08,53638104.68,0,53638104.68,37074.96,0.07,-0.5
"2025-05-12",52897795.24,53095152.04,0,53095152.04,-860808.84,-1.6,-2.09
"2025-05-13",54311168.68,53498514.16,0,53498514.16,1413373.44,2.67,0
"2025-05-14",55303546.44,53616761.28,0,53616761.28,992377.76,1.83,0
"2025-05-15",56334303.56,55731541.16,0,55731541.16,1030757.12,1.86,0
"2025-05-16",56941794.08,56096026.6,0,56096026.6,607490.52,1.08,0
"2025-05-19",57674065.96,56078645.8,0,56078645.8,732271.88,1.29,0
"2025-05-20",57910965.08,57067693.6,0,57067693.6,236899.12,0.41,0
"2025-05-21",57971452.56,57006643.28,0,57006643.28,60487.48,0.1,0
"2025-05-22",58656211.28,57858810.88,0,57858810.88,684758.72,1.18,0
"2025-05-23",58889529.28,57858810.88,0,57858810.88,233318,0.4,0
"2025-05-27",60641191.8,59311249.48,0,59311249.48,1751662.52,2.97,0
"2025-05-28",60486086.32,59360688.48,0,59360688.48,-155105.48,-0.26,-0.26
"2025-05-29",61904313.24,59750045.88,0,59750045.88,1418226.92,2.34,0
"2025-05-30",62657617.36,60685903.28,0,60685903.28,753304.12,1.22,0
"2025-06-02",62817807.36,61187301.04,0,61187301.04,160190,0.26,0
"2025-06-03",63023400.52,61821174.44,0,61821174.44,205593.16,0.33,0
"2025-06-04",63291451.4,61960029.64,0,61960029.64,268050.88,0.43,0
"2025-06-05",64349052.36,63339125.12,0,63339125.12,1057600.96,1.67,0
"2025-06-06",63344291.16,62606950.96,0,62606950.96,-1004761.2,-1.56,-1.56
"2025-06-09",63587935.76,62544875.48,0,62544875.48,243644.6,0.38,-1.18
"2025-06-10",63997937.08,63284805.4,0,63284805.4,410001.32,0.64,-0.55
"2025-06-11",66178972.96,64088380.6,0,64088380.6,2181035.88,3.41,0
"2025-06-12",67088073.68,64312147.08,0,64312147.08,909100.72,1.37,0
"2025-06-13",68351397.96,64368189.08,0,64368189.08,1263324.28,1.88,0
"2025-06-16",69456583.52,65541452.72,0,65541452.72,1105185.56,1.62,0
"2025-06-17",71707653.2,67255533.6,0,67255533.6,2251069.68,3.24,0
"2025-06-18",72264847.08,70363950.72,0,70363950.72,557193.88,0.78,0
"2025-06-20",73583045.36,71871483.36,0,71871483.36,1318198.28,1.82,0
"2025-06-23",74583152.2,72783042.08,0,72783042.08,1000106.84,1.36,0
"2025-06-24",74865330.72,73047894.56,0,73047894.56,282178.52,0.38,0
"2025-06-25",74679121.72,73287378.32,0,73287378.32,-186209,-0.25,-0.25
"2025-06-26",74905951.96,74048842.6,0,74048842.6,226830.24,0.3,0
"2025-06-27",74952894.08,74230242.6,0,74230242.6,46942.12,0.06,0
"2025-06-30",74977412.96,74290929.48,0,74290929.48,24518.88,0.03,0
"2025-07-01",75477357.92,74291120.36,0,74291120.36,499944.96,0.67,0
"2025-07-02",75234079.2,74464013.32,0,74464013.32,-243278.72,-0.32,-0.32
"2025-07-03",75556480,75514546.56,0,75514546.56,322400.8,0.43,0
"2025-07-07",77722476.12,76238472.44,0,76238472.44,2165996.12,2.87,0
"2025-07-08",76172164.72,76186954.52,0,76186954.52,-1550311.4,-1.99,-1.99
"2025-07-09",76357725.76,76251682.52,0,76251682.52,185561.04,0.24,-1.76
"2025-07-10",76251882.6,76158173.8,0,76158173.8,-105843.16,-0.14,-1.89
"2025-07-11",76523727.88,76198061.04,0,76198061.04,271845.28,0.36,-1.54
"2025-07-14",77423487.88,76252640.24,0,76252640.24,899760,1.18,-0.38
"2025-07-15",77330311.92,77039526.32,0,77039526.32,-93175.96,-0.12,-0.5
"2025-07-16",77823606.48,77263693.68,0,77263693.68,493294.56,0.64,0
"2025-07-17",77555605.52,76783396.72,0,76783396.72,-268000.96,-0.34,-0.34
"2025-07-18",77746782.4,76828878.84,0,76828878.84,191176.88,0.25,-0.1
"2025-07-21",77404327.6,76854391.6,0,76854391.6,-342454.8,-0.44,-0.54
"2025-07-22",77245634.58,77213566.52,0,77213566.52,-158693.02,-0.21,-0.74
"2025-07-23",77565284.62,77648695.28,0,77648695.28,319650.04,0.41,-0.33
"2025-07-24",76620442.4,77469567.6,0,77469567.6,-944842.22,-1.22,-1.55
"2025-07-25",77374665.84,77836759.6,0,77836759.6,754223.44,0.98,-0.58
"2025-07-28",76740942.6,77338478.92,0,77338478.92,-633723.24,-0.82,-1.39
"2025-07-29",78659917.72,78768322.16,0,78768322.16,1918975.12,2.5,0
"2025-07-30",80231553.44,79433001.12,0,79433001.12,1571635.72,2,0
"2025-07-31",85772731.8,84075346.84,0,84075346.84,5541178.36,6.91,0
"2025-08-01",84990661.12,84564420.72,0,84564420.72,-782070.68,-0.91,-0.91
"2025-08-04",87608364.84,85941218.12,0,85941218.12,2617703.72,3.08,0
"2025-08-05",86919215.64,86643825.48,0,86643825.48,-689149.2,-0.79,-0.79
"2025-08-06",89101107.4,88384951.68,0,88384951.68,2181891.76,2.51,0
"2025-08-07",92734377.88,92069667.16,0,92069667.16,3633270.48,4.08,0
"2025-08-08",93189144.2,92538138.88,0,92538138.88,454766.32,0.49,0
"2025-08-11",93704174.2,92835991.84,0,92835991.84,515030,0.55,0
"2025-08-12",95334908.04,94105021.56,0,94105021.56,1630733.84,1.74,0
"2025-08-13",94631570.32,94090920.64,0,94090920.64,-703337.72,-0.74,-0.74
"2025-08-14",96296559.72,95607972.52,0,95607972.52,1664989.4,1.76,0
"2025-08-15",97760240.84,95912160.28,0,95912160.28,1463681.12,1.52,0
"2025-08-18",98231920.52,96723549.64,0,96723549.64,471679.68,0.48,0
"2025-08-19",98558152.76,99380534.44,0,99380534.44,326232.24,0.33,0
"2025-08-20",98667458.24,99052964.32,0,99052964.32,109305.48,0.11,0
"2025-08-21",98851925.24,99026862.32,0,99026862.32,184467,0.19,0
"2025-08-22",102032121.2,100565236.72,0,100565236.72,3180195.96,3.22,0
"2025-08-25",101655221.64,101083507.92,0,101083507.92,-376899.56,-0.37,-0.37
"2025-08-26",103084945.72,100983455.92,0,100983455.92,1429724.08,1.41,0
"2025-08-27",104292799.48,100830755,0,100830755,1207853.76,1.17,0
"2025-08-28",107187937.68,104160547.52,0,104160547.52,2895138.2,2.78,0
"2025-08-29",108750007.24,105233828,0,105233828,1562069.56,1.46,0
"2025-09-02",107706593.08,105526995.2,0,105526995.2,-1043414.16,-0.96,-0.96
"2025-09-03",108160069.32,106165620.8,0,106165620.8,453476.24,0.42,-0.54
"2025-09-04",109933050.24,107608162.44,0,107608162.44,1772980.92,1.64,0
"2025-09-05",111159771.56,110213319.04,0,110213319.04,1226721.32,1.12,0
"2025-09-08",111327078.12,110313591.04,0,110313591.04,167306.56,0.15,0
"2025-09-09",112418509.62,110503748.2,0,110503748.2,1091431.5,0.98,0
"2025-09-10",113544615.7,110574490.16,0,110574490.16,1126106.08,1,0
"2025-09-11",115715788.08,114664084.76,0,114664084.76,2171172.38,1.91,0
"2025-09-12",116152901.36,115144660.68,0,115144660.68,437113.28,0.38,0
"2025-09-15",116919905.88,115094440.8,0,115094440.8,767004.52,0.66,0
"2025-09-16",118676887.64,115799178.96,0,115799178.96,1756981.76,1.5,0
"2025-09-17",118344595.84,117118526.6,0,117118526.6,-332291.8,-0.28,-0.28
"2025-09-18",120606975.24,116682629.2,0,116682629.2,2262379.4,1.91,0
"2025-09-19",123314663.72,117308581.8,0,117308581.8,2707688.48,2.25,0
"2025-09-22",124312424,118898432.16,0,118898432.16,997760.28,0.81,0
"2025-09-23",125530574.36,120264584.24,0,120264584.24,1218150.36,0.98,0
"2025-09-24",123725478.84,120668374.76,0,120668374.76,-1805095.52,-1.44,-1.44
"2025-09-25",122558442.04,120560455.16,0,120560455.16,-1167036.8,-0.94,-2.37
"2025-09-26",122025933.24,120311237.92,0,120311237.92,-532508.8,-0.43,-2.79
"2025-09-29",122654981.08,120258485.88,0,120258485.88,629047.84,0.52,-2.29
"2025-09-30",124555491.48,120756962.36,0,120756962.36,1900510.4,1.55,-0.78
"2025-10-01",125509021.68,121976107.48,0,121976107.48,953530.2,0.77,-0.02
"2025-10-02",127359478.76,122923420.44,0,122923420.44,1850457.08,1.47,0
"2025-10-03",125068825.6,123327899.72,0,123327899.72,-2290653.16,-1.8,-1.8
"2025-10-06",124801821.12,123684205.32,0,123684205.32,-267004.48,-0.21,-2.01
"2025-10-07",126001267.72,124082919.32,0,124082919.32,1199446.6,0.96,-1.07
"2025-10-08",125152266.72,124174552.32,0,124174552.32,-849001,-0.67,-1.73
"2025-10-09",127027482.28,125194471.8,0,125194471.8,1875215.56,1.5,-0.26
"2025-10-10",122047537.44,125781934.76,0,125781934.76,-4979944.84,-3.92,-4.17
"2025-10-13",126419314.44,126285791.72,0,126285791.72,4371777,3.58,-0.74
"2025-10-14",128440926.06,126611103.08,0,126611103.08,2021611.62,1.6,0
"2025-10-15",134321435.06,129936950.84,0,129936950.84,5880509,4.58,0
"2025-10-16",142808879.72,137198597.72,0,137198597.72,8487444.66,6.32,0
"2025-10-17",142558086.32,139577964.16,0,139577964.16,-250793.4,-0.18,-0.18
"2025-10-20",141579871.16,140955200.28,0,140955200.28,-978215.16,-0.69,-0.86
"2025-10-21",141479064.44,141156103.52,0,141156103.52,-100806.72,-0.07,-0.93
"2025-10-22",140131387.64,140518849.96,0,140518849.96,-1347676.8,-0.95,-1.87
"2025-10-23",140398461.68,140288137.44,0,140288137.44,267074.04,0.19,-1.69
"2025-10-24",138882929.08,137846420.56,0,137846420.56,-1515532.6,-1.08,-2.75
"2025-10-27",139482662.84,138745086.64,0,138745086.64,599733.76,0.43,-2.33
"2025-10-28",142624095.98,138954982.4,0,138954982.4,3141433.14,2.25,-0.13
"2025-10-29",146161298.86,139503917.88,0,139503917.88,3537202.88,2.48,0
"2025-10-30",147230750.96,143749195.2,0,143749195.2,1069452.1,0.73,0
"2025-10-31",149655655.4,147091207.36,0,147091207.36,2424904.44,1.65,0
"2025-11-03",148765124.48,147697030.8,0,147697030.8,-890530.92,-0.6,-0.6
"2025-11-04",144600742.9,147444423.76,0,147444423.76,-4164381.58,-2.8,-3.38
"2025-11-05",145663313.46,147306246.52,0,147306246.52,1062570.56,0.73,-2.67
"2025-11-06",144356020.8,146848101.2,0,146848101.2,-1307292.66,-0.9,-3.54
"2025-11-07",143153691.32,145579346.72,0,145579346.72,-1202329.48,-0.83,-4.34
"2025-11-10",145619537.2,146643070.8,0,146643070.8,2465845.88,1.72,-2.7
"2025-11-11",145554462.24,146436147.68,0,146436147.68,-65074.96,-0.04,-2.74
"2025-11-12",145927282.24,146581100.08,0,146581100.08,372820,0.26,-2.49
"2025-11-13",145039613.76,146882206.72,0,146882206.72,-887668.48,-0.61,-3.08
"2025-11-14",144807952.88,145855487.52,0,145855487.52,-231660.88,-0.16,-3.24
"2025-11-17",144277294.72,145356739.28,0,145356739.28,-530658.16,-0.37,-3.59
"2025-11-18",143905608.98,144669318,0,144669318,-371685.74,-0.26,-3.84
"2025-11-19",144384570.1,142346711.92,0,142346711.92,478961.12,0.33,-3.52
"2025-11-20",160878002.52,160625032.6,0,160625032.6,16493432.42,11.42,0
"2025-11-21",161040141.96,161040141.96,0,161040141.96,162139.44,0.1,0
"2025-11-24",162029020.44,162024433.08,0,162024433.08,988878.48,0.61,0
"2025-11-25",160476218.64,160808658.08,0,160808658.08,-1552801.8,-0.96,-0.96
"2025-11-26",158546217.72,158529138.84,0,158529138.84,-1930000.92,-1.2,-2.15
"2025-11-28",158592080.92,158585358.04,0,158585358.04,45863.2,0.03,-2.12
"2025-12-01",158536481.08,158653426.84,0,158653426.84,-55599.84,-0.04,-2.16
"2025-12-02",155782369.36,156153165.56,0,156153165.56,-2754111.72,-1.74,-3.86
"2025-12-03",155837612.24,156280303.4,0,156280303.4,55242.88,0.04,-3.82
"2025-12-04",155174422.64,154925416.08,0,154925416.08,-663189.6,-0.43,-4.23
"2025-12-05",154489859.88,154015654.88,0,154015654.88,-684562.76,-0.44,-4.65
"2025-12-08",155035395,153833086.88,0,153833086.88,545535.12,0.35,-4.32
"2025-12-09",155213514.24,155307868.6,0,155307868.6,178119.24,0.11,-4.21
"2025-12-10",155277056.36,154558230.76,0,154558230.76,63542.12,0.04,-4.17
"2025-12-11",153616101.16,153117263.76,0,153117263.76,-1660955.2,-1.07,-5.19
"2025-12-12",151860063.08,153002593.08,0,153002593.08,-1756038.08,-1.14,-6.28
"2025-12-15",151995802.8,152919533.88,0,152919533.88,135739.72,0.09,-6.19
"2025-12-16",151050472,152422345.96,0,152422345.96,-945330.8,-0.62,-6.78
"2025-12-17",150220577.44,151478726.72,0,151478726.72,-829894.56,-0.55,-7.29
"2025-12-18",151271134,150968358.2,0,150968358.2,1050556.56,0.7,-6.64
"2025-12-19",151968149.36,151361477.36,0,151361477.36,697015.36,0.46,-6.21
"2025-12-22",151436412.4,151485395.76,0,151485395.76,-531736.96,-0.35,-6.54
"2025-12-23",151861863.28,151365853.48,0,151365853.48,425450.88,0.28,-6.27
"2025-12-24",153340602.04,152943709.32,0,152943709.32,1478738.76,0.97,-5.36
"2025-12-26",152853965.4,153078244.52,0,153078244.52,-486636.64,-0.32,-5.66
"2025-12-29",152741669.92,153138718.72,0,153138718.72,-112295.48,-0.07,-5.73
"2025-12-30",153144297.32,153146761.72,0,153146761.72,402627.4,0.26,-5.48
"2025-12-31",152062959.48,152684088.28,0,152684088.28,-1081337.84,-0.71,-6.15
"2026-01-02",153647236.16,154256873.44,0,154256873.44,1584276.68,1.04,-5.17
"2026-01-05",154907636.44,154420281.04,0,154420281.04,1260400.28,0.82,-4.4
"2026-01-06",155302416.44,154959405.08,0,154959405.08,394780,0.25,-4.15
"2026-01-07",155260030.2,155128308.2,0,155128308.2,-42386.24,-0.03,-4.18
"2026-01-08",155338872.16,155306567.72,0,155306567.72,78841.96,0.05,-4.13
"2026-01-09",158345464.96,157328732.52,0,157328732.52,3006592.8,1.94,-2.27
"2026-01-12",158368703.24,157173430.32,0,157173430.32,23238.28,0.01,-2.26
"2026-01-13",159788698.12,158668917.64,0,158668917.64,1419994.88,0.9,-1.38
"2026-01-14",160127705.2,159377607.12,0,159377607.12,339007.08,0.21,-1.17
"2026-01-15",161279909.52,160589160,0,160589160,1152204.32,0.72,-0.46
"2026-01-16",161283301.6,160896686.16,0,160896686.16,3392.08,0,-0.46
"2026-01-20",157330988.62,160896686.16,0,160896686.16,-3952312.98,-2.45,-2.9
"2026-01-21",159673895.02,159670295.76,0,159670295.76,2342906.4,1.49,-1.45
"2026-01-22",158544659.28,158298397.64,0,158298397.64,-1129235.74,-0.71,-2.15
"2026-01-23",159149978.48,158430080.84,0,158430080.84,605319.2,0.38,-1.78
"2026-01-26",159675223.08,158776182.24,0,158776182.24,525244.6,0.33,-1.45
"2026-01-27",160189594.56,158091840.84,0,158091840.84,514371.48,0.32,-1.14
"2026-01-28",161649759.6,158819694.4,0,158819694.4,1460165.04,0.91,-0.23
"2026-01-29",163569945,159876124.6,0,159876124.6,1920185.4,1.19,0
"2026-01-30",164223683.68,160006843.4,0,160006843.4,653738.68,0.4,0
"2026-02-02",163487854.12,160775540.12,0,160775540.12,-735829.56,-0.45,-0.45
"2026-02-03",161367607.4,161035863.04,0,161035863.04,-2120246.72,-1.3,-1.74
"2026-02-04",163792692.44,160970984.8,0,160970984.8,2425085.04,1.5,-0.26
"2026-02-05",162746236.28,161990866.48,0,161990866.48,-1046456.16,-0.64,-0.9
"2026-02-06",166126627.84,164083750.96,0,164083750.96,3380391.56,2.08,0
"2026-02-09",166273594.72,164070170.56,0,164070170.56,146966.88,0.09,0
"2026-02-10",166099282.68,166231536.2,0,166231536.2,-174312.04,-0.1,-0.1
"2026-02-11",166140668.16,165723017.12,0,165723017.12,41385.48,0.02,-0.08
"2026-02-12",178843468.72,179570525.32,0,179570525.32,12702800.56,7.65,0
"2026-02-13",178662311.44,179636553.36,0,179636553.36,-181157.28,-0.1,-0.1
"2026-02-17",178202720.76,179636553.36,0,179636553.36,-459590.68,-0.26,-0.36
"2026-02-18",178432485.72,177672508.16,0,177672508.16,229764.96,0.13,-0.23
"2026-02-19",178555299.96,176675371.64,0,176675371.64,122814.24,0.07,-0.16
"2026-02-20",178472935,176751840.52,0,176751840.52,-82364.96,-0.05,-0.21
"2026-02-23",179742964.72,176656915.72,0,176656915.72,1270029.72,0.71,0
"2026-02-24",179893886.62,179215524.92,0,179215524.92,150921.9,0.08,0
"2026-02-25",177594822.14,178390257.84,0,178390257.84,-2299064.48,-1.28,-1.28
"2026-02-26",179652346.04,178484113.68,0,178484113.68,2057523.9,1.16,-0.13
"2026-02-27",180778941.68,179224377.52,0,179224377.52,1126595.64,0.63,0
"2026-03-02",182440183.4,179368794.52,0,179368794.52,1661241.72,0.92,0
"2026-03-03",182443208.6,179190352.2,0,179190352.2,3025.2,0,0
"2026-03-04",180479345.44,180461089.36,0,180461089.36,-1963863.16,-1.08,-1.08
"2026-03-05",181310707.36,179625684.56,0,179625684.56,831361.92,0.46,-0.62
"2026-03-06",186273463,181367168.72,0,181367168.72,4962755.64,2.74,0
"2026-03-09",184848589.44,181367168.72,0,181367168.72,-1424873.56,-0.76,-0.76
"2026-03-10",183752772.76,182298151.04,0,182298151.04,-1095816.68,-0.59,-1.35
"2026-03-11",183000432.2,181658366.52,0,181658366.52,-752340.56,-0.41,-1.76
"2026-03-12",187331418.36,186119080.84,0,186119080.84,4330986.16,2.37,0
"2026-03-13",190162714.84,189469295.64,0,189469295.64,2831296.48,1.51,0
"2026-03-16",189321005.68,189473826.96,0,189473826.96,-841709.16,-0.44,-0.44
"2026-03-17",188045756.28,188871142.56,0,188871142.56,-1275249.4,-0.67,-1.11
"2026-03-18",189216925.8,189775110.72,0,189775110.72,1171169.52,0.62,-0.5
"2026-03-19",188941621.6,189951372.32,0,189951372.32,-275304.2,-0.15,-0.64
"2026-03-20",188050885.48,189943230.08,0,189943230.08,-890736.12,-0.47,-1.11
