"Strategy","Date Opened","Time Opened","Opening Price","Legs","Initial Premium","No. of Contracts","P/L","Closing Price","Date Closed","Time Closed","Avg. Closing Cost","Reason For Close"
"DC 2/7 | Mon, Wed - v2","2026-03-18","15:30:41.4109846",6638.1,"1 Mar 20 6525 P STO 15.41 | 1 Mar 20 6755 C STO 8.08 | 1 Mar 25 6525 P BTO 41.16 | 1 Mar 25 6755 C BTO 27.23",-44.9,1,0.22684000000014137,6589.53,"2026-03-19","14:13:07.4586558",45,"Below Short/Long Ratio"
"Afternoon Low ORB DC Bounce","2026-03-18","15:22:06.8656146",6640.04,"3 Mar 19 6705 C STO 10.02 | 2 Mar 19 6630 P STO 30.01 | 3 Mar 30 6730 C BTO 56.93 | 2 Mar 30 6605 P BTO 83.42",-247.55,1,-3239.5129000000006,6561.48,"2026-03-19","09:36:06.4234743",215.4,"Exited at Specified Time"
"Hump Day, Half-Baked Calendar - 1/2","2026-03-18","09:32:36.5769281",6694.04,"1 Mar 19 6600 P STO 11.82 | 1 Mar 19 6780 C STO 7.58 | 1 Mar 20 6600 P BTO 21.20 | 1 Mar 20 6780 C BTO 16.40",-18.2,1,-149.77315999999985,6566.5,"2026-03-19","09:32:08.1703411",16.8,"Above Delta"
"DC 2/7 Tues","2026-03-17","10:08:27.5837916",6742.08,"1 Mar 19 6655 P STO 19.08 | 1 Mar 19 6855 C STO 4.20 | 1 Mar 24 6655 P BTO 42.35 | 1 Mar 24 6855 C BTO 20.53",-39.6,1,-814.7731600000001,6566.5,"2026-03-19","09:32:07.336426",31.55,"Above Delta"
"Pickle RIC v2","2026-03-17","09:40:11.7970083",6747.92,"2 Mar 17 6755 C BTO 11.74 | 2 Mar 17 6795 C STO 1.27",-10.47,2,-1903.8131600000002,6713.59,"2026-03-17","11:37:11.9424331",1,"Underlying Price Move Down"
"Pickle RIC v2","2026-03-17","09:40:11.7970083",6747.92,"2 Mar 17 6745 P BTO 16.15 | 2 Mar 17 6665 P STO 2.02",-14.13,2,2324.18684,6720.1,"2026-03-17","15:45:06.6029344",25.8,"Exited at Specified Time"
"DC 2/7 | Mon, Wed - v2","2026-03-16","15:30:06.5921364",6701.36,"1 Mar 18 6595 P STO 14.37 | 1 Mar 18 6800 C STO 6.64 | 1 Mar 23 6595 P BTO 42.32 | 1 Mar 23 6800 C BTO 30.64",-51.95,1,-334.77316,6740.86,"2026-03-17","10:04:11.4315531",48.7,"Below Short/Long Ratio"
"Monday 2/4 DC - v2","2026-03-16","14:33:56.6810409",6708.02,"1 Mar 18 6600 P STO 14.59 | 1 Mar 18 6805 C STO 6.70 | 1 Mar 20 6600 P BTO 31.86 | 1 Mar 20 6805 C BTO 21.93",-32.5,1,-439.7731600000001,6694.04,"2026-03-18","09:32:07.1100113",28.2,"Short/Long Ratio Move Down"
"DC57 | 25/17.5 P/C | Min .4 S/L Entry | Blackouts","2026-03-13","15:03:38.7599204",6647.63,"1 Mar 18 6510 P STO 31.80 | 1 Mar 18 6800 C STO 14.63 | 1 Mar 20 6510 P BTO 48.38 | 1 Mar 20 6800 C BTO 28.30",-30.25,1,-1174.7731599999997,6694.04,"2026-03-18","09:32:16.6249505",18.6,"Below Short/Long Ratio"
"Friday Happy Hour Calendar - 6/7 - v2","2026-03-13","11:00:21.8594602",6662.54,"4 Mar 19 6505 P STO 37.26 | 4 Mar 19 6855 C STO 13.29 | 4 Mar 20 6505 P BTO 44.49 | 4 Mar 20 6855 C BTO 18.65",-12.5875,4,-1534.1726400000002,6736.03,"2026-03-17","09:32:07.3036231",8.85,"VIX9D Move Down"
"Friday DC 5/7 25D - v2","2026-03-13","11:00:21.3706507",6662.54,"1 Mar 18 6520 P STO 32.73 | 1 Mar 18 6785 C STO 25.89 | 1 Mar 20 6520 P BTO 47.94 | 1 Mar 20 6785 C BTO 40.93",-30.25,1,-34.773160000000004,6705.52,"2026-03-16","09:45:27.167744",30,"VIX9D Move Down"
"Pickle RIC v2","2026-03-13","09:42:11.7977272",6717.66,"2 Mar 13 6725 C BTO 18.54 | 2 Mar 13 6765 C STO 5.12",-13.42,2,-1733.8131600000002,6683.23,"2026-03-13","10:45:11.407409",4.8,"Underlying Price Move Down"
"Pickle RIC v2","2026-03-13","09:42:11.7977272",6717.66,"2 Mar 13 6710 P BTO 19.18 | 2 Mar 13 6630 P STO 3.35",-15.83,2,7594.186840000001,6654.75,"2026-03-13","14:48:14.9689286",53.85,"Manual User Exit"
"DC 2/7 | Mon, Wed - v2","2026-03-11","15:30:21.7499941",6761.19,"1 Mar 13 6645 P STO 15.00 | 1 Mar 13 6865 C STO 7.55 | 1 Mar 18 6645 P BTO 44.08 | 1 Mar 18 6865 C BTO 30.77",-52.3,1,300.2268400000001,6710.08,"2026-03-13","09:32:07.230048",55.4,"Below Short/Long Ratio"
"Pickle RIC v2","2026-03-11","10:01:16.9187458",6808.21,"2 Mar 11 6800 P BTO 16.61 | 2 Mar 11 6720 P STO 2.52",-14.09,2,2782.18684,6772.04,"2026-03-11","15:45:16.3117965",28.05,"Exited at Specified Time"
"Pickle RIC v2","2026-03-11","10:01:16.9187458",6808.21,"2 Mar 11 6815 C BTO 18.91 | 2 Mar 11 6855 C STO 4.70",-14.21,2,-1841.81316,6773.41,"2026-03-11","10:25:07.0554513",5.05,"Underlying Price Move Down"
"Hump Day, Half-Baked Calendar - 1/2","2026-03-11","09:32:32.1739434",6791.05,"1 Mar 12 6695 P STO 11.88 | 1 Mar 12 6875 C STO 6.49 | 1 Mar 13 6695 P BTO 21.29 | 1 Mar 13 6875 C BTO 14.43",-17.35,1,1100.2268399999998,6685.19,"2026-03-12","14:50:07.2232769",28.45,"Above Delta"
"Pickle RIC v2","2026-03-10","10:23:21.5996744",6785.04,"2 Mar 10 6790 C BTO 17.27 | 2 Mar 10 6830 C STO 4.20",-13.065,2,-2619.90658,6781.48,"2026-03-10","16:15:00.484824",0,"Expired"
"Pickle RIC v2","2026-03-10","10:23:21.5996744",6785.04,"2 Mar 10 6780 P BTO 18.72 | 2 Mar 10 6700 P STO 2.56",-16.16,2,-2031.81316,6812.22,"2026-03-10","10:44:06.4437678",6.05,"Underlying Price Move Up"
"8/10 DC - v2","2026-03-10","10:15:21.7970262",6766.82,"6 Mar 18 6680 P STO 59.50 | 6 Mar 18 6875 C STO 33.67 | 6 Mar 20 6680 P BTO 70.17 | 6 Mar 20 6875 C BTO 43.65",-20.65,6,6811.201040000002,6656.29,"2026-03-18","14:35:07.2030977",32.1,"Exited at Specified Time"
"DC 2/7 Tues","2026-03-10","10:08:26.8648919",6767.44,"1 Mar 12 6670 P STO 23.48 | 1 Mar 12 6900 C STO 4.70 | 1 Mar 17 6670 P BTO 49.56 | 1 Mar 17 6900 C BTO 18.82",-40.2,1,565.22684,6777.87,"2026-03-10","15:49:43.6958299",45.95,"Manual User Exit"
"2/3 DC - v2","2026-03-10","09:32:06.413636",6796.74,"6 Mar 12 6700 P STO 22.34 | 9 Mar 12 6885 C STO 12.15 | 6 Mar 13 6700 P BTO 30.49 | 9 Mar 13 6885 C BTO 19.12",-37.2,3,5611.501299999999,6684.59,"2026-03-12","14:57:07.4625053",56.15,"Above Delta"
"DC 2/7 | Mon, Wed - v2","2026-03-09","15:30:27.3912619",6786.14,"1 Mar 11 6660 P STO 19.17 | 1 Mar 11 6895 C STO 7.14 | 1 Mar 16 6660 P BTO 45.55 | 1 Mar 16 6895 C BTO 26.46",-45.7,1,-314.7731600000005,6785.04,"2026-03-10","10:23:06.8777437",42.65,"Below Short/Long Ratio"
"Monday 2/4 DC - v2","2026-03-09","14:33:16.1540068",6717.39,"1 Mar 11 6595 P STO 17.80 | 1 Mar 11 6835 C STO 7.90 | 1 Mar 13 6595 P BTO 36.35 | 1 Mar 13 6835 C BTO 21.75",-32.4,1,205.22683999999987,6775.18,"2026-03-10","15:53:36.5331774",34.55,"Manual User Exit"
"Friday DC 5/7 25D - v2","2026-03-06","11:00:37.1214598",6763.07,"2 Mar 11 6625 P STO 31.43 | 2 Mar 11 6870 C STO 21.64 | 2 Mar 13 6625 P BTO 45.84 | 2 Mar 13 6870 C BTO 34.03",-26.8,2,320.37367999999987,6762.2,"2026-03-06","14:28:37.6824753",28.5,"Manual User Exit"
"Friday Happy Hour Calendar - 6/7 - v2","2026-03-06","11:00:22.0439692",6763.07,"6 Mar 12 6610 P STO 35.79 | 6 Mar 12 6925 C STO 11.05 | 6 Mar 13 6610 P BTO 42.88 | 6 Mar 13 6925 C BTO 15.31",-11.35,6,421.2010400000005,6760.81,"2026-03-06","14:29:37.284731",12.15,"Manual User Exit"
"Slow Burn Calendar - 21/28 - V2","2026-03-05","09:45:41.6439692",6842.04,"5 Mar 26 6525 P STO 46.56 | 5 Mar 26 7040 C STO 24.43 | 5 Apr 2 6525 P BTO 59.35 | 5 Apr 2 7040 C BTO 38.67",-27.04,5,1956.0542000000007,6610.6,"2026-03-19","15:30:12.4786261",31.05,"Exited at Specified Time"
"DC 2/7 | Mon, Wed - v2","2026-03-04","15:30:21.9959632",6877.29,"1 Mar 6 6775 P STO 13.48 | 1 Mar 6 6955 C STO 5.09 | 1 Mar 11 6775 P BTO 34.32 | 1 Mar 11 6955 C BTO 21.95",-37.7,1,920.2268399999998,6719.34,"2026-03-06","09:37:11.7861316",47,"Above Delta"
"Pickle RIC v2","2026-03-04","10:01:06.4429722",6837.77,"1 Mar 4 6830 P BTO 17.75 | 1 Mar 4 6750 P STO 2.55",-15.2,1,-994.8865799999999,6866.03,"2026-03-04","10:22:21.5480946",5.3,"Underlying Price Move Up"
"Pickle RIC v2","2026-03-04","10:01:06.4429722",6837.77,"1 Mar 4 6845 C BTO 16.80 | 1 Mar 4 6885 C STO 3.90",-12.9,1,1156.55671,6869.5,"2026-03-04","16:15:01.0459625",24.5,"Expired"
"Hump Day, Half-Baked Calendar - 1/2","2026-03-04","09:32:16.6919309",6838.37,"4 Mar 5 6745 P STO 11.93 | 4 Mar 5 6920 C STO 6.70 | 4 Mar 6 6745 P BTO 21.48 | 4 Mar 6 6920 C BTO 14.13",-16.975,4,-529.1726400000006,6816.23,"2026-03-05","15:26:07.1889814",15.75,"Below Short/Long Ratio"
"8/10 DC - v2","2026-03-03","10:15:31.5564662",6740.57,"3 Mar 11 6645 P STO 65.23 | 3 Mar 11 6855 C STO 39.24 | 3 Mar 13 6645 P BTO 75.89 | 3 Mar 13 6855 C BTO 48.63",-20.05,3,2970.60052,6764.6,"2026-03-06","14:31:22.7038473",30.05,"Manual User Exit"
"DC 2/7 Tues","2026-03-03","10:08:37.0769779",6735.64,"1 Mar 5 6625 P STO 25.67 | 1 Mar 5 6885 C STO 5.65 | 1 Mar 10 6625 P BTO 55.93 | 1 Mar 10 6885 C BTO 22.69",-47.3,1,-739.7731599999997,6827.76,"2026-03-05","15:55:36.9779096",40,"Exited at Specified Time"
"2/3 DC - v2","2026-03-03","09:32:21.8727287",6776.26,"6 Mar 5 6670 P STO 25.13 | 9 Mar 5 6875 C STO 13.24 | 6 Mar 6 6670 P BTO 35.09 | 9 Mar 6 6875 C BTO 21.47",-44.6,3,-2788.4987000000015,6814.82,"2026-03-05","15:43:06.9684075",35.55,"Exited at Specified Time"
"DC 2/7 | Mon, Wed - v2","2026-03-02","15:30:21.3426607",6868.71,"1 Mar 4 6770 P STO 13.34 | 1 Mar 4 6945 C STO 5.65 | 1 Mar 9 6770 P BTO 36.05 | 1 Mar 9 6945 C BTO 25.34",-42.4,1,255.2268399999999,6838.37,"2026-03-04","09:32:51.7500723",45.05,"Below Short/Long Ratio"
"Monday 2/4 DC - v2","2026-03-02","14:30:36.7671846",6896.87,"2 Mar 4 6810 P STO 12.10 | 2 Mar 4 6965 C STO 5.05 | 2 Mar 6 6810 P BTO 26.05 | 2 Mar 6 6965 C BTO 17.57",-26.475,2,-1184.6263200000005,6734.69,"2026-03-03","09:59:07.0958476",20.65,"Above Delta"
"Vol Crush Special v1.5","2026-03-02","12:17:21.1930042",6884.41,"2 Mar 2 6855 P STO 3.23 | 4 Mar 2 6905 C STO 2.74 | 2 Mar 2 6755 P BTO 0.42 | 4 Mar 2 6955 C BTO 0.12",8.05,2,1494.96026,6877.14,"2026-03-02","15:45:11.1943435",-0.45,"Exited at Specified Time"
"Friday Happy Hour Calendar - 6/7 - v2","2026-02-27","11:00:11.4649998",6867.58,"5 Mar 5 6755 P STO 26.85 | 5 Mar 5 6980 C STO 8.20 | 5 Mar 6 6755 P BTO 33.50 | 5 Mar 6 6980 C BTO 13.25",-11.7,5,626.0142000000006,6829.03,"2026-03-05","10:58:04.4460391",13.05,"Manual User Exit"
"Friday DC 5/7 25D - v2","2026-02-27","11:00:06.4377264",6867.58,"2 Mar 4 6770 P STO 23.45 | 2 Mar 4 6940 C STO 15.20 | 2 Mar 6 6770 P BTO 36.35 | 2 Mar 6 6940 C BTO 27.85",-25.55,2,-774.6263200000004,6877.29,"2026-03-04","15:30:12.1323458",21.775,"Exited at Specified Time"
"Vol Crush Special v1.5","2026-02-26","10:20:06.5214812",6880.89,"2 Feb 26 6800 P STO 3.21 | 4 Feb 26 6935 C STO 3.05 | 2 Feb 26 6700 P BTO 0.52 | 4 Feb 26 6990 C BTO 0.17",8.45,2,1669.2802599999998,6908.86,"2026-02-26","16:15:01.226849",0,"Expired"
"Vol Crush Special v1.5","2026-02-26","09:32:06.4034194",6942.87,"2 Feb 26 6875 P STO 3.41 | 4 Feb 26 6985 C STO 2.70 | 2 Feb 26 6775 P BTO 0.42 | 4 Feb 26 7035 C BTO 0.12",8.15,2,-1019.4394799999999,6896.48,"2026-02-26","10:17:18.6770887",-13.1,"Stop Loss"
"DC 2/7 | Mon, Wed - v2","2026-02-25","15:31:40.9169424",6945.47,"2 Feb 27 6860 P STO 12.50 | 2 Feb 27 7020 C STO 3.90 | 2 Mar 4 6860 P BTO 27.40 | 2 Mar 4 7020 C BTO 15.10",-26.1,2,1810.3736799999997,6872.65,"2026-02-27","11:31:06.5320033",35.25,"Below Short/Long Ratio"
"Pickle RIC v2","2026-02-25","09:40:11.6613866",6927.95,"1 Feb 25 6925 P BTO 12.30 | 1 Feb 25 6845 P STO 1.52",-10.78,1,-1081.44329,6946.13,"2026-02-25","16:15:01.0379323",0,"Expired"
"Pickle RIC v2","2026-02-25","09:40:11.6613866",6927.95,"1 Feb 25 6930 C BTO 10.74 | 1 Feb 25 6970 C STO 0.47",-10.27,1,582.55671,6946.13,"2026-02-25","16:15:01.0579287",16.13,"Expired"
"Hump Day, Half-Baked Calendar - 1/2","2026-02-25","09:32:21.6753634",6924.77,"5 Feb 26 6845 P STO 10.32 | 5 Feb 26 6985 C STO 5.09 | 5 Feb 27 6845 P BTO 16.67 | 5 Feb 27 6985 C BTO 10.84",-12.1,5,-2549.0258,6906.7,"2026-02-26","15:55:07.586664",7.1,"Exited at Specified Time"
"Vol Crush Special v1.5","2026-02-24","10:29:26.5490371",6878.45,"2 Feb 24 6840 P STO 3.51 | 4 Feb 24 6905 C STO 2.50 | 2 Feb 24 6740 P BTO 0.32 | 4 Feb 24 6955 C BTO 0.07",8.05,2,1524.9302600000003,6888.49,"2026-02-24","15:45:16.4555971",-0.3,"Exited at Specified Time"
"8/10 DC - v2","2026-02-24","10:15:11.6878455",6848.5,"3 Mar 4 6780 P STO 50.78 | 3 Mar 4 6940 C STO 28.59 | 3 Mar 6 6780 P BTO 61.04 | 3 Mar 6 6940 C BTO 38.43",-20.1,3,3105.60052,6838.37,"2026-03-04","09:32:41.4356329",30.55,"Below Short/Long Ratio"
"DC 2/7 Tues","2026-02-24","10:08:41.9899262",6845.77,"2 Feb 26 6760 P STO 18.87 | 2 Feb 26 6960 C STO 4.60 | 2 Mar 3 6760 P BTO 39.33 | 2 Mar 3 6960 C BTO 18.49",-34.35,2,-1849.6263200000005,6906.7,"2026-02-26","15:55:27.1942203",25.2,"Exited at Specified Time"
"2/3 DC - v2","2026-02-24","09:33:06.4522735",6827.82,"6 Feb 26 6735 P STO 22.45 | 9 Feb 26 6920 C STO 11.60 | 6 Feb 27 6735 P BTO 30.35 | 9 Feb 27 6920 C BTO 18.75",-37.25,3,3871.5012999999994,6907.44,"2026-02-26","15:43:11.8930981",50.4,"Exited at Specified Time"
"Tuesday 2/3 DC QQQ","2026-02-24","09:32:16.3477702",601.49,"68 Feb 26 591 P STO 2.83 | 102 Feb 26 612 C STO 1.69 | 68 Feb 27 591 P BTO 3.69 | 102 Feb 27 612 C BTO 2.47",-4.067058823529412,34,-1815.2786000000017,606.23,"2026-02-26","12:41:11.9885715",3.57,"Below Short/Long Ratio"
"DC 2/7 | Mon, Wed - v2","2026-02-23","15:30:31.756264",6830.25,"1 Feb 25 6740 P STO 11.78 | 1 Feb 25 6915 C STO 6.24 | 1 Mar 2 6740 P BTO 38.56 | 1 Mar 2 6915 C BTO 29.41",-49.95,1,-24.77316000000057,6862.5,"2026-02-24","09:53:06.5344937",49.8,"Below Short/Long Ratio"
"Monday 2/4 DC - v2","2026-02-23","14:30:26.5660956",6828.6,"1 Feb 25 6735 P STO 12.89 | 1 Feb 25 6915 C STO 6.40 | 1 Feb 27 6735 P BTO 31.80 | 1 Feb 27 6915 C BTO 22.94",-35.45,1,-484.77316000000036,6928.06,"2026-02-25","09:38:16.9530043",30.7,"Below Delta"
"Vol Crush Special v1.5","2026-02-23","09:32:06.4217205",6905.83,"2 Feb 23 6840 P STO 3.55 | 4 Feb 23 6945 C STO 2.86 | 2 Feb 23 6740 P BTO 0.52 | 4 Feb 23 6995 C BTO 0.10",8.55,2,-929.43948,6851.27,"2026-02-23","10:52:28.8588721",-13.05,"Stop Loss"
"Friday Happy Hour Calendar - 6/7 - v2","2026-02-20","11:00:16.4176536",6905.83,"6 Feb 26 6800 P STO 25.97 | 6 Feb 26 7015 C STO 7.20 | 6 Feb 27 6800 P BTO 31.60 | 6 Feb 27 7015 C BTO 11.62",-10.05,6,-1888.7989600000005,6881.57,"2026-02-26","12:05:32.1044183",7,"Below Short/Long Ratio"
"Vol Crush Special v1.5","2026-02-20","10:02:06.2983506",6908.27,"2 Feb 20 6815 P STO 3.25 | 4 Feb 20 6975 C STO 3.64 | 2 Feb 20 6715 P BTO 0.67 | 4 Feb 20 7025 C BTO 1.03",7.8,2,1539.28026,6909.51,"2026-02-20","16:15:00.799529",0,"Expired"
"Slow Burn Calendar - 21/28 - V2","2026-02-20","09:45:51.554885",6864.64,"2 Mar 13 6580 P STO 43.84 | 2 Mar 13 7060 C STO 22.97 | 2 Mar 20 6580 P BTO 57.10 | 2 Mar 20 7060 C BTO 36.16",-26.45,2,1610.3736800000004,6765.09,"2026-03-06","14:32:33.3539782",34.6,"Manual User Exit"
"DC 2/7 | Mon, Wed - v2","2026-02-18","15:30:21.4425473",6859.94,"1 Feb 20 6760 P STO 13.19 | 1 Feb 20 6940 C STO 5.90 | 1 Feb 25 6760 P BTO 33.10 | 1 Feb 25 6940 C BTO 22.59",-36.6,1,120.22683999999971,6873.22,"2026-02-19","11:23:26.8217294",37.9,"Below Short/Long Ratio"
"Pickle RIC v2","2026-02-18","09:41:06.5137668",6861.87,"1 Feb 18 6870 C BTO 17.91 | 1 Feb 18 6910 C STO 3.55",-14.36,1,-308.4432899999999,6881.31,"2026-02-18","16:15:00.7553407",11.31,"Expired"
"Pickle RIC v2","2026-02-18","09:41:06.5137668",6861.87,"1 Feb 18 6855 P BTO 18.91 | 1 Feb 18 6775 P STO 2.92",-15.99,1,-1048.8865800000003,6894.3,"2026-02-18","10:05:06.4714512",5.55,"Underlying Price Move Up"
"Hump Day, Half-Baked Calendar - 1/2","2026-02-18","09:32:21.9470309",6858.64,"4 Feb 19 6770 P STO 12.72 | 4 Feb 19 6930 C STO 4.54 | 4 Feb 20 6770 P BTO 21.82 | 4 Feb 20 6930 C BTO 11.64",-16.2,4,-2339.25264,6848.99,"2026-02-19","15:20:06.5886682",10.45,"Below Short/Long Ratio"
"8/10 DC - v2","2026-02-17","10:15:06.4299316",6787.61,"2 Feb 25 6710 P STO 55.39 | 2 Feb 25 6890 C STO 33.20 | 2 Feb 27 6710 P BTO 66.77 | 2 Feb 27 6890 C BTO 44.97",-23.15,2,2550.3736800000006,6841.43,"2026-02-23","11:28:25.2348334",36,"Manual User Exit"
"DC 2/7 Tues","2026-02-17","10:08:22.1382518",6793.06,"1 Feb 19 6700 P STO 21.79 | 1 Feb 19 6930 C STO 4.64 | 1 Feb 24 6700 P BTO 43.98 | 1 Feb 24 6930 C BTO 17.30",-34.85,1,-644.7731600000001,6856.15,"2026-02-19","15:55:06.71986",28.5,"Exited at Specified Time"
"Friday Happy Hour Calendar - 6/7 - v2","2026-02-13","11:00:26.373888",6843.9,"5 Feb 19 6735 P STO 25.42 | 5 Feb 19 6960 C STO 8.69 | 5 Feb 20 6735 P BTO 31.84 | 5 Feb 20 6960 C BTO 14.37",-12.1,5,-2174.0258,6869.47,"2026-02-19","09:54:06.6741458",7.85,"Below Short/Long Ratio"
"Pickle RIC v2","2026-02-12","09:40:11.5010851",6968.94,"1 Feb 12 6965 P BTO 12.55 | 1 Feb 12 6885 P STO 1.45",-11.1,1,6580.113420000001,6873.31,"2026-02-12","15:01:47.444952",76.95,"Manual User Exit"
"Pickle RIC v2","2026-02-12","09:40:11.5010851",6968.94,"1 Feb 12 6975 C BTO 10.00 | 1 Feb 12 7015 C STO 0.50",-9.5,1,-854.88658,6931.28,"2026-02-12","10:39:06.3646337",1,"Underlying Price Move Down"
"DC 2/7 | Mon, Wed - v2","2026-02-11","15:30:06.7884526",6943.45,"3 Feb 13 6865 P STO 10.88 | 3 Feb 13 7010 C STO 4.30 | 3 Feb 18 6865 P BTO 22.85 | 3 Feb 18 7010 C BTO 13.53",-21.2,3,930.6005199999997,6857.14,"2026-02-12","11:31:24.8356095",24.399999999999995,"Manual User Exit"
"Afternoon Low ORB DC Bounce","2026-02-10","15:51:06.5394992",6947.79,"3 Feb 11 6985 C STO 5.65 | 2 Feb 11 6940 P STO 18.99 | 3 Feb 20 7010 C BTO 30.23 | 2 Feb 20 6915 P BTO 48.80",-133.35,1,265.48710000000057,6982.91,"2026-02-11","09:35:06.1499219",136.25,"Exited at Specified Time"
"8/10 DC - v2","2026-02-10","10:15:11.9099151",6975.57,"3 Feb 18 6925 P STO 34.48 | 3 Feb 18 7040 C STO 18.99 | 3 Feb 20 6925 P BTO 43.29 | 3 Feb 20 7040 C BTO 28.38",-18.2,3,-1739.3994799999998,6877.21,"2026-02-18","14:35:06.4727545",12.5,"Exited at Specified Time"
"DC 2/7 Tues","2026-02-10","10:08:27.0135214",6983.96,"3 Feb 12 6925 P STO 13.64 | 3 Feb 12 7055 C STO 2.80 | 3 Feb 17 6925 P BTO 26.45 | 3 Feb 17 7055 C BTO 12.34",-22.35,3,375.6005199999994,6901.21,"2026-02-12","11:03:06.8692886",23.7,"Above Delta"
"Pickle RIC v2","2026-02-10","09:59:06.7609022",6981.19,"1 Feb 10 6975 P BTO 10.13 | 1 Feb 10 6895 P STO 1.00",-9.13,1,1387.11342,6951.14,"2026-02-10","15:45:21.5103027",23.05,"Exited at Specified Time"
"Pickle RIC v2","2026-02-10","09:59:06.7609022",6981.19,"1 Feb 10 6985 C BTO 10.64 | 1 Feb 10 7025 C STO 0.47",-10.17,1,-1020.44329,6941.81,"2026-02-10","16:15:00.4980899",0,"Expired"
"Monday 2/4 DC - v2","2026-02-09","14:30:31.5993838",6979.25,"3 Feb 11 6910 P STO 8.89 | 3 Feb 11 7030 C STO 4.15 | 3 Feb 13 6910 P BTO 19.35 | 3 Feb 13 7030 C BTO 15.34",-21.65,3,-1109.3994799999994,6987.67,"2026-02-11","09:34:16.6452843",18.05,"Short/Long Ratio Move Down"
"Friday DC 5/7 25D - v2","2026-02-06","11:00:12.1280529",6879.43,"3 Feb 11 6785 P STO 23.38 | 3 Feb 11 6955 C STO 14.99 | 3 Feb 13 6785 P BTO 34.34 | 3 Feb 13 6955 C BTO 25.68",-21.65,3,-89.39947999999978,6909.28,"2026-02-06","12:46:11.635084",21.45,"VIX9D Move Down"
"Friday Happy Hour Calendar - 6/7 - v2","2026-02-06","11:00:11.9551021",6879.43,"6 Feb 12 6770 P STO 25.57 | 6 Feb 12 6995 C STO 8.14 | 6 Feb 13 6770 P BTO 31.04 | 6 Feb 13 6995 C BTO 12.62",-9.95,6,421.2010400000005,6930.48,"2026-02-06","15:46:11.6179246",10.75,"VIX9D Move Down"
"Slow Burn Calendar - 21/28 - V2","2026-02-06","09:45:41.5050596",6878.13,"2 Feb 27 6620 P STO 39.94 | 2 Feb 27 7070 C STO 22.40 | 2 Mar 6 6620 P BTO 51.62 | 2 Mar 6 7070 C BTO 34.52",-23.8,2,-19.62632,6900.38,"2026-02-20","15:30:21.4447665",23.8,"Exited at Specified Time"
"Pickle RIC v2","2026-02-06","09:40:11.5066989",6870.16,"1 Feb 6 6880 C BTO 17.18 | 1 Feb 6 6920 C STO 3.95",-13.23,1,1862.1134199999997,6914.42,"2026-02-06","14:11:17.8756423",31.9,"Manual User Exit"
"Pickle RIC v2","2026-02-06","09:40:11.5066989",6870.16,"1 Feb 6 6865 P BTO 22.67 | 1 Feb 6 6785 P STO 4.55",-18.12,1,-1401.88658,6898.13,"2026-02-06","11:22:06.3121809",4.15,"Underlying Price Move Up"
"DC 2/7 | Mon, Wed - v2","2026-02-04","15:30:11.5943063",6897.43,"2 Feb 6 6800 P STO 13.73 | 2 Feb 6 6995 C STO 6.74 | 2 Feb 11 6800 P BTO 32.92 | 2 Feb 11 6995 C BTO 20.00",-32.45,2,350.37367999999884,6863.09,"2026-02-06","09:34:26.4337713",34.3,"Below Short/Long Ratio"
"Hump Day, Half-Baked Calendar - 1/2","2026-02-04","09:32:21.5917868",6915.58,"5 Feb 5 6835 P STO 11.41 | 5 Feb 5 6985 C STO 5.51 | 5 Feb 6 6835 P BTO 18.09 | 5 Feb 6 6985 C BTO 11.56",-12.74,5,2655.974199999999,6806.53,"2026-02-05","10:08:12.1222146",18.15,"Above Delta"
"2/3 DC - v2","2026-02-03","12:38:31.3642642",6902.3,"6 Feb 5 6830 P STO 17.69 | 9 Feb 5 6975 C STO 9.20 | 6 Feb 6 6830 P BTO 24.84 | 9 Feb 6 6975 C BTO 15.82",-34.15,3,826.5013,6784.2,"2026-02-05","10:28:06.7950027",37.15,"Above Delta"
"8/10 DC - v2","2026-02-03","10:15:06.520273",6941.35,"4 Feb 11 6890 P STO 38.13 | 4 Feb 11 7015 C STO 22.05 | 4 Feb 13 6890 P BTO 45.30 | 4 Feb 13 7015 C BTO 29.79",-14.9,4,3280.7473599999994,6977.07,"2026-02-10","10:54:16.5943866",23.2,"Below Short/Long Ratio"
"DC 2/7 Tues","2026-02-03","10:08:16.7905568",6943.12,"2 Feb 5 6880 P STO 14.97 | 2 Feb 5 7030 C STO 3.05 | 2 Feb 10 6880 P BTO 30.83 | 2 Feb 10 7030 C BTO 13.54",-26.35,2,330.37368,6815.18,"2026-02-05","09:33:06.57605",28.1,"Above Delta"
"DC 2/7 | Mon, Wed - v2","2026-02-02","15:30:47.234011",6980.08,"2 Feb 4 6920 P STO 7.90 | 2 Feb 4 7030 C STO 3.05 | 2 Feb 9 6920 P BTO 24.73 | 2 Feb 9 7030 C BTO 20.12",-33.9,2,-249.6263199999997,6986.25,"2026-02-03","09:32:16.3950001",32.75,"Below Short/Long Ratio"
"Monday 2/4 DC - v2","2026-02-02","14:30:21.7535236",6990.71,"3 Feb 4 6935 P STO 8.10 | 3 Feb 4 7035 C STO 3.70 | 3 Feb 6 6935 P BTO 18.93 | 3 Feb 6 7035 C BTO 15.32",-22.45,3,-1799.3994799999996,6887.72,"2026-02-03","13:14:36.5222994",16.55,"Above Delta"
"Friday Happy Hour Calendar - 6/7 - v2","2026-01-30","11:00:16.4798577",6943.78,"6 Feb 5 6855 P STO 21.84 | 6 Feb 5 7045 C STO 6.50 | 6 Feb 6 6855 P BTO 27.53 | 6 Feb 6 7045 C BTO 11.31",-10.5,6,1441.20104,6786.47,"2026-02-05","10:27:12.4649231",13,"Above Delta"
"DC 2/7 | Mon, Wed - v2","2026-01-28","15:30:26.8858955",6977.57,"3 Jan 30 6900 P STO 10.25 | 3 Jan 30 7045 C STO 5.50 | 3 Feb 4 6900 P BTO 21.90 | 3 Feb 4 7045 C BTO 16.30",-22.45,3,525.6005200000004,6964.07,"2026-01-29","15:56:11.6788434",24.3,"Below Short/Long Ratio"
"21/28 30 Delta","2026-01-28","09:45:24.3164421",7000.57,"1 Feb 18 6890 P STO 45.72 | 1 Feb 18 7110 C STO 33.02 | 1 Feb 25 6890 P BTO 59.10 | 1 Feb 25 7125 C BTO 42.24",-22.6,1,-394.77316000000013,6784.2,"2026-02-05","10:28:06.8849809",18.75,"Above Delta"
"DC long put inside 7/14day MWF, rsi60, 30/30 delta","2026-01-28","09:40:27.761358",6995.7,"1 Feb 4 6930 P STO 26.38 | 1 Feb 4 7055 C STO 19.94 | 1 Feb 11 6935 P BTO 46.04 | 1 Feb 11 7060 C BTO 38.38",-38.1,1,465.22684,6986.17,"2026-02-02","12:10:06.3001002",42.85,"Below Short/Long Ratio"
"9/23 DC","2026-01-28","09:35:23.2000635",6997.83,"1 Feb 6 6910 P STO 29.74 | 1 Feb 6 7075 C STO 22.79 | 1 Feb 20 6910 P BTO 56.74 | 1 Feb 20 7075 C BTO 53.24",-57.45,1,-434.77316,6865.3,"2026-02-03","14:04:22.1788129",53.2,"Above Delta"
"Hump Day, Half-Baked Calendar - 1/2","2026-01-28","09:32:43.3663945",7001.14,"6 Jan 29 6935 P STO 10.12 | 6 Jan 29 7055 C STO 4.19 | 6 Jan 30 6935 P BTO 15.57 | 6 Jan 30 7055 C BTO 8.94",-10.2,6,-118.79895999999978,6914.2,"2026-01-29","10:15:07.2854663",10.1,"Above Delta"
"8/10 DC - v2","2026-01-27","10:15:12.9602898",6975.22,"3 Feb 4 6930 P STO 32.63 | 3 Feb 4 7040 C STO 19.54 | 3 Feb 6 6930 P BTO 40.79 | 3 Feb 6 7040 C BTO 29.03",-17.65,3,990.6005200000006,6986.25,"2026-02-03","09:32:11.5137636",21.05,"Below Short/Long Ratio"
"DC 2/7 Tues","2026-01-27","10:08:27.9596057",6971.81,"2 Jan 29 6915 P STO 13.38 | 2 Jan 29 7050 C STO 2.85 | 2 Feb 3 6915 P BTO 26.15 | 2 Feb 3 7050 C BTO 13.13",-23.05,2,640.3736800000001,6890.05,"2026-01-29","10:43:46.9629195",26.35,"Above Delta"
"Pickle RIC v2","2026-01-27","09:51:08.5955154",6971.83,"2 Jan 27 6975 C BTO 6.97 | 2 Jan 27 7015 C STO 0.22",-6.75,2,-636.90658,6978.6,"2026-01-27","16:15:00.7195599",3.6,"Expired"
"Pickle RIC v2","2026-01-27","09:51:08.5955154",6971.83,"2 Jan 27 6970 P BTO 8.67 | 2 Jan 27 6890 P STO 0.67",-8,2,-1599.81316,6982.98,"2026-01-27","15:45:12.9244669",0.05,"Exited at Specified Time"
"DC 2/7 | Mon, Wed - v2","2026-01-26","15:30:29.0245395",6958.84,"1 Jan 28 6900 P STO 7.90 | 1 Jan 28 7010 C STO 3.65 | 1 Feb 2 6900 P BTO 25.53 | 1 Feb 2 7010 C BTO 21.62",-35.6,1,20.226839999999715,6964.88,"2026-01-27","09:32:12.5699038",35.9,"Below Short/Long Ratio"
"Monday 2/4 DC - v2","2026-01-26","14:30:33.6472916",6961.77,"2 Jan 28 6900 P STO 7.75 | 2 Jan 28 7015 C STO 3.35 | 2 Jan 30 6900 P BTO 20.38 | 2 Jan 30 7015 C BTO 15.72",-25,2,680.37368,6973.11,"2026-01-28","12:07:08.9095654",28.5,"Short/Long Ratio Move Down"
"Friday Happy Hour Calendar - 6/7 - v2","2026-01-23","11:00:08.1985223",6928.63,"7 Jan 29 6850 P STO 19.06 | 7 Jan 29 7020 C STO 6.99 | 7 Jan 30 6850 P BTO 23.67 | 7 Jan 30 7020 C BTO 10.88",-8.5,7,4096.347879999999,6879.22,"2026-01-29","10:52:00.653841",14.45,"Profit Target"
"Slow Burn Calendar - 21/28 - V2","2026-01-23","09:45:14.1411632",6903.62,"3 Feb 13 6700 P STO 33.37 | 3 Feb 13 7080 C STO 18.66 | 3 Feb 20 6700 P BTO 42.96 | 3 Feb 20 7080 C BTO 27.87",-18.8,3,585.6005200000002,6919.94,"2026-02-06","15:30:21.5174981",20.85,"Exited at Specified Time"
"Slow Burn Calendar - 21/28 - V2","2026-01-22","09:45:14.6007701",6917.92,"3 Feb 12 6710 P STO 31.96 | 3 Feb 12 7100 C STO 18.13 | 3 Feb 19 6710 P BTO 41.05 | 3 Feb 19 7100 C BTO 26.49",-17.45,3,1785.6005200000002,6799.05,"2026-02-05","15:30:11.6028568",23.5,"Exited at Specified Time"
"Pickle RIC v2","2026-01-22","09:40:28.1126311",6927.57,"1 Jan 22 6930 C BTO 12.74 | 1 Jan 22 6970 C STO 0.87",-11.87,1,-1190.44329,6913.35,"2026-01-22","16:15:00.7561407",0,"Expired"
"Pickle RIC v2","2026-01-22","09:40:28.1126311",6927.57,"1 Jan 22 6925 P BTO 11.65 | 1 Jan 22 6845 P STO 1.02",-10.63,1,677.1134199999999,6908.02,"2026-01-22","15:46:07.5705653",17.45,"Exited at Specified Time"
"DC 2/7 | Mon, Wed - v2","2026-01-21","15:30:08.6142565",6877.07,"2 Jan 23 6810 P STO 10.00 | 2 Jan 23 6950 C STO 5.25 | 2 Jan 28 6810 P BTO 27.50 | 2 Jan 28 6950 C BTO 18.35",-30.6,2,-379.62632000000013,6921.01,"2026-01-22","14:45:08.2739475",28.8,"Below Short/Long Ratio"
"Pickle RIC v2","2026-01-21","09:44:17.5936723",6824.6,"1 Jan 21 6820 P BTO 16.75 | 1 Jan 21 6740 P STO 1.87",-14.88,1,-1132.88658,6856.13,"2026-01-21","10:17:07.9064397",3.6,"Underlying Price Move Up"
"Pickle RIC v2","2026-01-21","09:44:17.5936723",6824.6,"1 Jan 21 6830 C BTO 15.69 | 1 Jan 21 6870 C STO 2.97",-12.72,1,2724.55671,6875.62,"2026-01-21","16:15:01.3983736",40,"Expired"
"Hump Day, Half-Baked Calendar - 1/2","2026-01-21","09:32:07.7001798",6819.34,"5 Jan 22 6750 P STO 11.02 | 5 Jan 22 6895 C STO 5.24 | 5 Jan 23 6750 P BTO 18.17 | 5 Jan 23 6895 C BTO 10.44",-12.35,5,-1849.0258,6928.48,"2026-01-22","09:33:08.7959923",8.75,"Below Delta"
"8/10 DC - v2","2026-01-20","10:15:07.6690407",6839.99,"3 Jan 28 6780 P STO 44.21 | 3 Jan 28 6925 C STO 27.65 | 3 Jan 30 6780 P BTO 54.88 | 3 Jan 30 6925 C BTO 38.53",-21.55,3,1080.6005199999997,6913.45,"2026-01-23","15:52:55.334773",25.25,"Manual User Exit"
"DC 2/7 Tues","2026-01-20","10:08:53.2903982",6839.74,"2 Jan 22 6765 P STO 17.97 | 2 Jan 22 6950 C STO 3.85 | 2 Jan 27 6765 P BTO 36.04 | 2 Jan 27 6950 C BTO 14.23",-28.45,2,-1969.62632,6911.34,"2026-01-22","15:55:08.3352747",18.7,"Exited at Specified Time"
"Slow Burn Calendar - 21/28 - V2","2026-01-20","09:45:13.8610075",6855.14,"3 Feb 10 6600 P STO 39.07 | 3 Feb 10 7050 C STO 22.01 | 3 Feb 17 6600 P BTO 48.51 | 3 Feb 17 7050 C BTO 31.37",-18.8,3,315.60051999999956,6897.35,"2026-02-03","15:30:11.5664139",19.95,"Exited at Specified Time"
"Friday Happy Hour Calendar - 6/7 - v2","2026-01-16","11:00:17.8847664",6942.37,"9 Jan 22 6880 P STO 14.40 | 9 Jan 22 7020 C STO 5.00 | 9 Jan 23 6880 P BTO 18.40 | 9 Jan 23 7020 C BTO 8.40",-7.4,9,-2653.1984400000006,6930.58,"2026-01-22","13:23:18.1941681",4.55,"Below Short/Long Ratio"
"Pickle RIC v2","2026-01-15","09:40:47.8905478",6966.22,"1 Jan 15 6970 C BTO 10.18 | 1 Jan 15 7010 C STO 0.47",-9.71,1,-974.4432900000002,6944.47,"2026-01-15","16:15:02.0347119",0,"Expired"
"Pickle RIC v2","2026-01-15","09:40:47.8905478",6966.22,"1 Jan 15 6960 P BTO 9.39 | 1 Jan 15 6880 P STO 0.80",-8.59,1,1086.11342,6940.91,"2026-01-15","15:45:07.4863041",19.5,"Exited at Specified Time"
"DC 2/7 | Mon, Wed - v2","2026-01-14","15:30:08.1930124",6915.68,"3 Jan 16 6850 P STO 8.39 | 3 Jan 16 6985 C STO 4.55 | 3 Jan 21 6850 P BTO 20.06 | 3 Jan 21 6985 C BTO 12.93",-20.05,3,-269.3994800000002,6941.56,"2026-01-15","15:46:12.7048934",19.25,"Below Short/Long Ratio"
"8/10 DC - v2","2026-01-13","10:15:07.9222961",6959.57,"4 Jan 21 6920 P STO 27.39 | 4 Jan 21 7015 C STO 17.90 | 4 Jan 23 6920 P BTO 34.42 | 4 Jan 23 7015 C BTO 25.62",-14.75,4,-2860.05264,6877.65,"2026-01-21","14:35:07.9647147",7.7,"Exited at Specified Time"
"DC 2/7 Tues","2026-01-13","10:08:18.2176704",6963.47,"4 Jan 15 6915 P STO 11.69 | 4 Jan 15 7040 C STO 2.40 | 4 Jan 20 6915 P BTO 21.03 | 4 Jan 20 7040 C BTO 8.51",-15.45,4,699.9473600000006,6944.03,"2026-01-15","15:55:08.4627488",17.3,"Exited at Specified Time"
"21/28 30 Delta","2026-01-13","09:45:19.0729473",6976.48,"1 Feb 3 6880 P STO 43.02 | 1 Feb 3 7080 C STO 32.21 | 1 Feb 10 6880 P BTO 56.26 | 1 Feb 10 7100 C BTO 39.72",-20.75,1,1000.0268400000001,6943,"2026-02-02","09:38:11.2934204",30.85,"Below Short/Long Ratio"
"Monday 2/4 DC - v2","2026-01-12","14:30:38.7244846",6978.89,"4 Jan 14 6925 P STO 7.85 | 4 Jan 14 7030 C STO 4.30 | 4 Jan 16 6925 P BTO 15.58 | 4 Jan 16 7030 C BTO 12.52",-15.95,4,19.947360000000856,6903.04,"2026-01-14","10:44:28.0595176",16.1,"Above Delta"
"DC long put inside 7/14day MWF, rsi60, 30/30 delta","2026-01-12","09:42:13.4353315",6955.24,"2 Jan 20 6900 P STO 23.18 | 2 Jan 20 7010 C STO 18.79 | 2 Jan 26 6905 P BTO 36.84 | 2 Jan 26 7015 C BTO 30.83",-25.7,2,979.9736800000001,6951.22,"2026-01-16","13:16:12.6129262",30.7,"Below Short/Long Ratio"
"Friday DC 5/7 25D - v2","2026-01-09","11:27:18.144409",6957.06,"3 Jan 14 6900 P STO 14.09 | 3 Jan 14 7005 C STO 10.65 | 3 Jan 16 6905 P BTO 23.02 | 3 Jan 16 7010 C BTO 17.77",-16.05,3,2864.4005199999997,6902.29,"2026-01-14","14:18:02.3530676",25.7,"Profit Target"
"Friday Happy Hour Calendar - 6/7 - v2","2026-01-09","11:00:27.9214993",6945.56,"8 Jan 15 6880 P STO 14.58 | 8 Jan 15 7025 C STO 5.89 | 8 Jan 16 6880 P BTO 18.55 | 8 Jan 16 7025 C BTO 9.72",-7.8,8,-4040.0252799999994,6974.55,"2026-01-15","11:46:17.8689727",2.85,"Below Short/Long Ratio"
"DC long put inside 7/14day MWF, rsi60, 30/30 delta","2026-01-09","10:26:28.1274187",6951.22,"2 Jan 16 6900 P STO 22.60 | 2 Jan 16 7005 C STO 17.86 | 2 Jan 23 6905 P BTO 37.71 | 2 Jan 23 7010 C BTO 30.50",-27.75,2,1489.9736799999996,6963.4,"2026-01-15","09:58:22.5849235",35.3,"Below Short/Long Ratio"
"Pickle RIC v2","2026-01-09","10:14:13.7583612",6935.3,"1 Jan 9 6930 P BTO 10.25 | 1 Jan 9 6850 P STO 0.67",-9.58,1,-873.08658,6964.56,"2026-01-09","11:51:13.2934547",0.9,"Underlying Price Move Up"
"Pickle RIC v2","2026-01-09","10:14:13.7583612",6935.3,"1 Jan 9 6940 C BTO 9.59 | 1 Jan 9 6980 C STO 0.67",-8.92,1,2407.9134199999994,6973.81,"2026-01-09","14:46:31.0735046",33.05,"Manual User Exit"
"DC 2/7 | Mon, Wed - v2","2026-01-07","15:30:12.5745539",6928.89,"2 Jan 9 6870 P STO 8.45 | 2 Jan 9 6985 C STO 4.30 | 2 Jan 14 6870 P BTO 20.80 | 2 Jan 14 6985 C BTO 16.20",-24.25,2,349.5736800000003,6933.69,"2026-01-09","09:32:07.6728107",26.1,"Below Short/Long Ratio"
"DC long put inside 7/14day MWF, rsi60, 30/30 delta","2026-01-07","09:40:13.3901426",6950.87,"2 Jan 14 6895 P STO 22.39 | 2 Jan 14 7005 C STO 17.50 | 2 Jan 21 6900 P BTO 36.97 | 2 Jan 21 7010 C BTO 30.77",-27.85,2,979.57368,6956.22,"2026-01-13","10:54:13.0005753",32.85,"Below Short/Long Ratio"
"8/10 DC - v2","2026-01-06","10:15:12.6811277",6931.85,"4 Jan 14 6895 P STO 28.20 | 4 Jan 14 6990 C STO 18.00 | 4 Jan 16 6895 P BTO 34.40 | 4 Jan 16 6990 C BTO 25.85",-14.05,4,2319.1473599999995,6955.57,"2026-01-13","14:56:08.019303",19.95,"Below Short/Long Ratio"
"DC 2/7 Tues","2026-01-06","10:08:27.9937204",6930.58,"2 Jan 8 6890 P STO 8.84 | 2 Jan 8 6985 C STO 1.90 | 2 Jan 13 6890 P BTO 24.30 | 2 Jan 13 6985 C BTO 15.74",-29.3,2,549.5736799999995,6923.2,"2026-01-08","15:55:08.9751447",32.15,"Exited at Specified Time"
"DC 2/7 | Mon, Wed - v2","2026-01-05","15:30:07.7540718",6905.55,"2 Jan 7 6855 P STO 6.35 | 2 Jan 7 6950 C STO 3.25 | 2 Jan 12 6855 P BTO 19.63 | 2 Jan 12 6950 C BTO 17.92",-27.95,2,-80.42632000000015,6911.85,"2026-01-06","09:33:08.0912045",27.65,"Below Short/Long Ratio"
"Monday 2/4 DC - v2","2026-01-05","14:30:32.8359664",6908.32,"3 Jan 7 6860 P STO 6.49 | 3 Jan 7 6955 C STO 2.80 | 3 Jan 9 6860 P BTO 15.45 | 3 Jan 9 6955 C BTO 12.64",-18.8,3,449.40051999999935,6961.45,"2026-01-07","11:58:08.2314018",20.4,"Below Delta"
