"Date Opened","Time Opened","Opening Price","Legs","Premium","Closing Price","Date Closed","Time Closed","Avg. Closing Cost","Reason For Close","P/L","P/L %","No. of Contracts","Funds at Close","Margin Req.","Strategy","Opening VIX","Closing VIX","Gap","Movement","Max Profit","Max Loss"
"2026-02-26","09:33:00",6938.15,"31 Feb 26 6870 P BTO 3.40",-340,6908.86,"2026-02-26","16:00:00",-725.1612903225806,"Multiple Reasons",11940,113.28273244781784,31,2141901,10540,"",17.95,18.6,-1.39,-6.59,648.53,-100
"2026-02-25","09:33:00",6922.68,"35 Feb 25 6865 P BTO 3.05",-305,6946.13,"2026-02-25","16:00:00",0,"Expired",-10675,-100,35,2129961,10675,"",18.74,17.96,25.08,7.53,0,-100
"2026-02-18","09:33:00",6854.68,"25 Feb 18 6775 P BTO 4.30",-430,6881.31,"2026-02-18","16:00:00",0,"Expired",-10750,-100,25,2140636,10750,"",20.13,19.53,12.26,-0.8,0,-100
"2026-02-13","09:33:00",6840.98,"22 Feb 13 6750 P BTO 4.85",-485,6836.17,"2026-02-13","16:00:00",0,"Expired",-10670,-100,22,2151386,10670,"",20.77,20.61,1.51,6.71,195.88,-100
"2026-02-12","09:33:00",6971.8,"34 Feb 12 6915 P BTO 2.95",-295,6832.76,"2026-02-12","16:00:00",-4627,"Multiple Reasons",147288,1468.4745762711864,34,2162056,10030,"",17.2,20.76,16.07,14.26,2976.27,-5.08
"2026-02-11","09:33:00",6991.24,"38 Feb 11 6935 P BTO 2.60",-260,6941.47,"2026-02-11","16:00:00",-390,"Multiple Reasons",4940,50,38,2014768,9880,"",16.77,17.52,34.67,14.76,1059.62,-100
"2026-02-10","09:33:00",6975.44,"40 Feb 10 6920 P BTO 2.50",-250,6941.81,"2026-02-10","16:00:00",0,"Expired",-10000,-100,40,2009828,10000,"",17.34,17.82,9.67,0.95,124,-100
"2026-02-06","09:33:00",6856.67,"23 Feb 6 6765 P BTO 4.30",-430,6932.3,"2026-02-06","16:00:00",0,"Expired",-9890,-100,23,2019828,9890,"",19.66,17.87,18.34,39.93,1.16,-100
"2026-02-04","09:33:00",6916.9,"29 Feb 4 6840 P BTO 3.45",-345,6882.72,"2026-02-04","16:00:00",-558.6206896551724,"Multiple Reasons",6195,61.91904047976012,29,2029718,10005,"",18.26,19.18,6.69,-7.6,378.26,-100
"2026-02-03","09:33:00",6983.33,"38 Feb 3 6935 P BTO 2.60",-260,6917.81,"2026-02-03","16:00:00",-1297,"Multiple Reasons",39406,398.84615384615387,38,2023523,9880,"",16.32,18.12,9.01,-2.12,2688.46,-15.38
"2026-01-28","09:33:00",6999.08,"36 Jan 28 6940 P BTO 2.70",-270,6978.03,"2026-01-28","16:00:00",0,"Expired",-9720,-100,36,1984117,9720,"",16.42,16.55,23.4,-2.92,144.44,-100
"2026-01-27","09:33:00",6965.17,"47 Jan 27 6925 P BTO 2.10",-210,6978.6,"2026-01-27","16:00:00",0,"Expired",-9870,-100,47,1993837,9870,"",16.21,16.2,15.73,-0.79,33.33,-100
"2026-01-22","09:33:00",6928.48,"39 Jan 22 6875 P BTO 2.55",-255,6913.35,"2026-01-22","16:00:00",-400,"Multiple Reasons",5655,56.86274509803921,39,2003707,9945,"",15.77,15.61,38.82,14.04,250.98,-100
"2026-01-21","09:33:00",6818.27,"26 Jan 21 6750 P BTO 3.85",-385,6875.62,"2026-01-21","16:00:00",0,"Expired",-10010,-100,26,1998052,10010,"",19.06,17.02,13.85,7.56,0,-100
"2026-01-16","09:33:00",6962.21,"48 Jan 16 6920 P BTO 2.05",-205,6940.01,"2026-01-16","16:00:00",-322.5,"Multiple Reasons",5640,57.3170731707317,48,2008062,9840,"",15.41,15.88,16.07,1.67,397.56,-100
"2026-01-15","09:33:00",6969.69,"43 Jan 15 6920 P BTO 2.30",-230,6944.47,"2026-01-15","16:00:00",0,"Expired",-9890,-100,43,2002422,9890,"",15.64,15.8,42.86,0.23,41.3,-100
"2026-01-13","09:33:00",6978.75,"54 Jan 13 6935 P BTO 1.85",-185,6963.74,"2026-01-13","16:00:00",-280,"Multiple Reasons",5130,51.35135135135135,54,2012312,9990,"",15.1,15.97,0.14,1.34,313.51,-100
"2026-01-09","09:33:00",6935.19,"29 Jan 9 6870 P BTO 3.40",-340,6966.28,"2026-01-09","16:00:00",0,"Expired",-9860,-100,29,2007182,9860,"",15.42,14.52,6.37,7.36,22.06,-100
"2026-01-06","09:33:00",6911.85,"54 Jan 6 6870 P BTO 1.85",-185,6944.82,"2026-01-06","16:00:00",0,"Expired",-9990,-100,54,2017042,9990,"",14.9,14.73,5.98,3.82,18.92,-100
"2026-01-02","09:33:00",6874.78,"46 Jan 2 6830 P BTO 2.15",-215,6858.47,"2026-01-02","16:00:00",-392.5,"Multiple Reasons",8165,82.55813953488372,46,2027032,9890,"",14.89,14.59,32.61,-3.33,416.28,-100
"2025-12-24","09:33:00",6912.1,"88 Dec 24 6890 P BTO 1.15",-115,6932.05,"2025-12-24","13:00:00",0,"Expired",-10120,-100,88,2018867,10120,"",13.94,13.41,-4.88,7.19,13.04,-100
"2025-12-23","09:33:00",6878.05,"50 Dec 23 6835 P BTO 2.00",-200,6909.79,"2025-12-23","16:00:00",0,"Expired",-10000,-100,50,2028987,10000,"",14.17,13.86,-6.08,5.64,0,-100
"2025-12-19","09:33:00",6808.76,"27 Dec 19 6745 P BTO 3.75",-375,6834.5,"2025-12-19","16:00:00",0,"Expired",-10125,-100,27,2038987,10125,"",15.92,15.1,17.86,16.14,0,-100
"2025-12-18","09:33:00",6791.56,"30 Dec 18 6725 P BTO 3.35",-335,6774.76,"2025-12-18","16:00:00",0,"Expired",-10050,-100,30,2049112,10050,"",16.33,16.81,56.63,13.5,98.51,-100
"2025-12-17","09:33:00",6807.48,"31 Dec 17 6750 P BTO 3.15",-315,6721.43,"2025-12-17","16:00:00",-1937.258064516129,"Multiple Reasons",50290,515.0025601638505,31,2059162,9765,"",16.11,18,2.62,4.6,830.16,-14.29
"2025-12-05","09:33:00",6875.25,"36 Dec 5 6815 P BTO 2.75",-275,6870.4,"2025-12-05","16:00:00",0,"Expired",-9900,-100,36,2008872,9900,"",15.72,15.35,9.2,8.93,1.82,-100
"2025-12-04","09:33:00",6865.47,"41 Dec 4 6815 P BTO 2.40",-240,6857.12,"2025-12-04","16:00:00",-376.4634146341463,"Multiple Reasons",5595,56.859756097560975,41,2018772,9840,"",15.98,15.68,16.75,-1,206.25,-100
"2025-12-02","09:33:00",6833.8,"36 Dec 2 6785 P BTO 2.75",-275,6829.37,"2025-12-02","16:00:00",0,"Expired",-9900,-100,36,2013177,9900,"",16.75,16.6,18.33,2.84,152.73,-100
"2025-11-26","09:33:00",6801.92,"31 Nov 26 6740 P BTO 3.25",-325,6812.61,"2025-11-26","16:00:00",0,"Expired",-10075,-100,31,2023077,10075,"",17.81,17.29,27.67,8.37,49.23,-100
"2025-11-25","09:33:00",6705.53,"29 Nov 25 6635 P BTO 3.45",-345,6765.88,"2025-11-25","16:00:00",-638.7931034482758,"Multiple Reasons",8520,85.15742128935533,29,2033152,10005,"",20.15,18.61,-8.09,8.5,294.2,-100
"2025-11-20","09:33:00",6750.31,"24 Nov 20 6675 P BTO 3.80",-380,6538.76,"2025-11-20","16:00:00",-7439.5,"Multiple Reasons",169428,1857.7631578947369,24,2024632,9120,"",19.31,26.53,95.77,12.38,3576.32,-51.32
"2025-11-12","09:33:00",6861.98,"36 Nov 12 6815 P BTO 2.55",-255,6850.92,"2025-11-12","16:00:00",-387.5,"Multiple Reasons",4770,51.9607843137255,36,1855204,9180,"",17.28,17.5,21.16,-5.79,207.84,-100
"2025-11-11","09:33:00",6822.36,"35 Nov 11 6775 P BTO 2.65",-265,6846.61,"2025-11-11","16:00:00",0,"Expired",-9275,-100,35,1850434,9275,"",17.66,17.26,-16.79,6.72,26.42,-100
"2025-11-05","09:33:00",6771.9,"27 Nov 5 6710 P BTO 3.35",-335,6796.29,"2025-11-05","16:00:00",0,"Expired",-9045,-100,27,1859709,9045,"",19.01,17.83,-1.78,2.13,38.81,-100
"2025-10-31","09:33:00",6865.84,"30 Oct 31 6805 P BTO 3.05",-305,6840.2,"2025-10-31","16:00:00",-470,"Multiple Reasons",4950,54.09836065573771,30,1868754,9150,"",16.33,17.32,56.83,-13.33,250.82,-100
"2025-10-30","09:33:00",6852.49,"24 Oct 30 6785 P BTO 3.90",-390,6822.34,"2025-10-30","16:00:00",0,"Expired",-9360,-100,24,1863804,9360,"",16.85,17.36,-30.09,-8.01,74.36,-100
"2025-10-28","09:33:00",6891.62,"41 Oct 28 6850 P BTO 2.25",-225,6890.89,"2025-10-28","16:00:00",0,"Expired",-9225,-100,41,1873164,9225,"",15.78,16.41,22.58,-6.12,122.22,-100
"2025-10-24","09:33:00",6784.82,"32 Oct 24 6730 P BTO 2.90",-290,6791.69,"2025-10-24","16:00:00",0,"Expired",-9280,-100,32,1882389,9280,"",16.42,16.37,33.63,12.75,1.72,-100
"2025-10-16","09:33:00",6693.31,"25 Oct 16 6620 P BTO 3.65",-365,6629.07,"2025-10-16","16:00:00",-808.6,"Multiple Reasons",11090,121.53424657534246,25,1891669,9125,"",20.36,24.67,17.96,4.29,756.16,-100
"2025-10-15","09:33:00",6691.65,"28 Oct 15 6625 P BTO 3.25",-325,6671.06,"2025-10-15","16:00:00",-537.5,"Multiple Reasons",5950,65.38461538461539,28,1880579,9100,"",19.48,20.46,43.96,3.38,761.54,-100
"2025-10-10","09:33:00",6749.69,"37 Oct 10 6705 P BTO 2.15",-215,6552.51,"2025-10-10","16:00:00",-7870.324324324324,"Multiple Reasons",283247,3560.615964802011,37,1874629,7955,"",16.44,21.99,5.38,9.2,7053.49,-65.12
"2025-10-09","09:33:00",6760,"38 Oct 9 6725 P BTO 2.05",-205,6735.11,"2025-10-09","16:00:00",-360,"Multiple Reasons",5890,75.60975609756098,38,1591382,7790,"",16.36,16.42,6.78,-0.5,436.59,-100
"2025-10-08","09:33:00",6729.09,"35 Oct 8 6690 P BTO 2.25",-225,6753.72,"2025-10-08","16:00:00",0,"Expired",-7875,-100,35,1585492,7875,"",16.96,16.25,9.28,5.22,55.56,-100
"2025-10-07","09:33:00",6751.7,"46 Oct 7 6715 P BTO 1.70",-170,6714.59,"2025-10-07","16:00:00",-325.5,"Multiple Reasons",7153,91.47058823529412,46,1593367,7820,"",16.29,17.19,5.86,5.56,988.24,-75.88
"2025-10-03","09:33:00",6729.3,"36 Oct 3 6685 P BTO 2.20",-220,6715.79,"2025-10-03","16:00:00",0,"Expired",-7920,-100,36,1586214,7920,"",16.37,16.53,6.79,7.16,84.09,-100
"2025-10-02","09:33:00",6729.7,"44 Oct 2 6690 P BTO 1.80",-180,6715.35,"2025-10-02","16:00:00",-272.5,"Multiple Reasons",4070,51.388888888888886,44,1594134,7920,"",15.98,16.61,20.11,-1.61,327.78,-100
"2025-09-26","09:33:00",6630.07,"33 Sep 26 6580 P BTO 2.40",-240,6643.7,"2025-09-26","16:00:00",0,"Expired",-7920,-100,33,1590064,7920,"",16.37,15.36,10.66,14.69,158.33,-100
"2025-09-24","09:33:00",6667.32,"49 Sep 24 6630 P BTO 1.60",-160,6637.97,"2025-09-24","16:00:00",-250,"Multiple Reasons",4410,56.25,49,1597984,7840,"",16.38,16.36,12.87,-2.47,731.25,-100
"2025-09-23","09:33:00",6694.58,"50 Sep 23 6660 P BTO 1.55",-155,6656.92,"2025-09-23","16:00:00",-446.5,"Multiple Reasons",14575,188.06451612903226,50,1593574,7750,"",16.01,16.71,-1.31,2.14,964.52,-41.94
"2025-09-19","09:33:00",6646.35,"32 Sep 19 6600 P BTO 2.45",-245,6664.36,"2025-09-19","16:00:00",0,"Expired",-7840,-100,32,1578999,7840,"",15.36,15.49,15.15,-0.76,20.41,-100
"2025-09-18","09:33:00",6627.78,"32 Sep 18 6575 P BTO 2.45",-245,6631.96,"2025-09-18","16:00:00",0,"Expired",-7840,-100,32,1586839,7840,"",15.24,15.77,26.5,0.93,44.9,-100
"2025-09-17","09:33:00",6609.34,"22 Sep 17 6535 P BTO 3.55",-355,6600.35,"2025-09-17","16:00:00",0,"Expired",-7810,-100,22,1594679,7810,"",15.98,15.7,-1.89,4.47,150.7,-100
"2025-09-16","09:33:00",6622.4,"48 Sep 16 6590 P BTO 1.65",-165,6606.76,"2025-09-16","16:00:00",0,"Expired",-7920,-100,48,1602489,7920,"",15.71,16.35,8.85,-1.73,133.33,-100
"2025-09-12","09:33:00",6584.36,"42 Sep 12 6550 P BTO 1.90",-190,6584.29,"2025-09-12","16:00:00",0,"Expired",-7980,-100,42,1610409,7980,"",14.71,14.76,3.19,-6.3,10.53,-100
"2025-09-11","09:33:00",6554.76,"34 Sep 11 6510 P BTO 2.35",-235,6587.47,"2025-09-11","16:00:00",0,"Expired",-7990,-100,34,1618389,7990,"",14.79,14.7,22.37,0.35,8.51,-100
"2025-09-10","09:33:00",6538.72,"38 Sep 10 6500 P BTO 2.10",-210,6532.04,"2025-09-10","16:00:00",0,"Expired",-7980,-100,38,1626379,7980,"",14.84,15.33,37.68,-11.57,0,-100
"2025-09-05","09:33:00",6527.82,"31 Sep 5 6480 P BTO 2.55",-255,6481.5,"2025-09-05","16:00:00",-412.9032258064516,"Multiple Reasons",4895,61.922833649588874,31,1634359,7905,"",14.77,15.18,27,-1.26,1409.8,-100
"2025-09-04","09:33:00",6455.77,"43 Sep 4 6415 P BTO 1.90",-190,6502.08,"2025-09-04","16:00:00",0,"Expired",-8170,-100,43,1629464,8170,"",16.13,15.41,8.34,-0.83,10.53,-100
"2025-09-03","09:33:00",6440.13,"37 Sep 3 6395 P BTO 2.20",-220,6448.26,"2025-09-03","16:00:00",0,"Expired",-8140,-100,37,1637634,8140,"",17.16,16.48,30.28,-5.69,13.64,-100
"2025-08-28","09:33:00",6491.09,"39 Aug 28 6455 P BTO 2.10",-210,6501.86,"2025-08-28","16:00:00",-379.4871794871795,"Multiple Reasons",6610,80.7081807081807,39,1645774,8190,"",14.16,14.33,2.44,7.25,252.38,-100
"2025-08-22","09:33:00",6392.74,"20 Aug 22 6310 P BTO 4.05",-405,6466.91,"2025-08-22","16:00:00",0,"Expired",-8100,-100,20,1639164,8100,"",16.34,14.24,14.42,8.15,12.35,-100
"2025-08-19","09:33:00",6437.47,"46 Aug 19 6405 P BTO 1.75",-175,6411.37,"2025-08-19","16:00:00",-305,"Multiple Reasons",5980,74.28571428571429,46,1647264,8050,"",15.14,15.56,-2.91,-8.77,351.43,-100
"2025-08-15","09:33:00",6471.94,"36 Aug 15 6430 P BTO 2.25",-225,6449.8,"2025-08-15","16:00:00",0,"Expired",-8100,-100,36,1641284,8100,"",14.64,15,8.84,-5.44,115.56,-100
"2025-08-13","09:33:00",6470.87,"41 Aug 13 6435 P BTO 2.00",-200,6466.58,"2025-08-13","16:00:00",0,"Expired",-8200,-100,41,1649384,8200,"",14.31,14.43,16.91,8.2,82.5,-100
"2025-08-12","09:33:00",6401.84,"38 Aug 12 6355 P BTO 2.15",-215,6445.76,"2025-08-12","16:00:00",0,"Expired",-8170,-100,38,1657584,8170,"",15.28,14.8,21.72,6.67,155.81,-100
"2025-08-08","09:33:00",6360.44,"38 Aug 8 6315 P BTO 2.20",-220,6389.45,"2025-08-08","16:00:00",0,"Expired",-8360,-100,38,1665754,8360,"",16.15,15.39,15.22,5.22,9.09,-100
"2025-08-07","09:33:00",6385.57,"36 Aug 7 6340 P BTO 2.30",-230,6340,"2025-08-07","16:00:00",-397.5,"Multiple Reasons",6030,72.82608695652173,36,1674114,8280,"",16.06,16.73,29.26,11.25,1186.96,-100
"2025-08-06","09:33:00",6310.61,"31 Aug 6 6265 P BTO 2.70",-270,6345.06,"2025-08-06","16:00:00",0,"Expired",-8370,-100,31,1668084,8370,"",17.65,16.66,10.11,1.31,48.15,-100
"2025-08-05","09:33:00",6333.33,"35 Aug 5 6285 P BTO 2.35",-235,6299.19,"2025-08-05","16:00:00",-396,"Multiple Reasons",5635,68.51063829787233,35,1676454,8225,"",17.54,17.82,6.69,-3.3,378.72,-100
"2025-07-31","09:33:00",6405.76,"31 Jul 31 6360 P BTO 2.60",-260,6339.39,"2025-07-31","16:00:00",-1402.4193548387098,"Multiple Reasons",35415,439.39205955334995,31,1670819,8060,"",15.29,16.67,64.12,-21.26,1038.46,-55.77
"2025-07-30","09:33:00",6374.26,"30 Jul 30 6325 P BTO 2.70",-270,6362.9,"2025-07-30","16:00:00",0,"Expired",-8100,-100,30,1635404,8100,"",15.99,16.06,10.37,-6.97,85.19,-100
"2025-07-29","09:33:00",6403.01,"54 Jul 29 6375 P BTO 1.50",-150,6370.86,"2025-07-29","16:00:00",-454.5,"Multiple Reasons",16443,202.99999999999997,54,1643504,8100,"",14.79,15.96,15.85,-2.61,700,-6.67
"2025-07-25","09:33:00",6369.02,"45 Jul 25 6335 P BTO 1.80",-180,6388.64,"2025-07-25","16:00:00",0,"Expired",-8100,-100,45,1627061,8100,"",15.3,14.95,6.66,-0.99,0,-100
"2025-07-24","09:33:00",6365.02,"43 Jul 24 6330 P BTO 1.90",-190,6363.35,"2025-07-24","16:00:00",0,"Expired",-8170,-100,43,1635161,8170,"",15.11,15.51,9.69,-3.58,34.21,-100
"2025-07-23","09:33:00",6329.96,"45 Jul 23 6295 P BTO 1.80",-180,6358.91,"2025-07-23","16:00:00",0,"Expired",-8100,-100,45,1643331,8100,"",16.13,15.39,17.28,3.06,61.11,-100
"2025-07-18","09:33:00",6312.75,"39 Jul 18 6275 P BTO 2.10",-210,6296.79,"2025-07-18","16:00:00",0,"Expired",-8190,-100,39,1651431,8190,"",16.36,16.44,15.59,-0.2,83.33,-100
"2025-07-17","09:33:00",6266.06,"41 Jul 17 6230 P BTO 2.00",-200,6297.36,"2025-07-17","16:00:00",0,"Expired",-8200,-100,41,1659621,8200,"",17.21,16.63,-0.3,2.66,0,-100
"2025-07-16","09:33:00",6255.94,"43 Jul 16 6215 P BTO 1.90",-190,6263.7,"2025-07-16","16:00:00",-486.04651162790697,"Multiple Reasons",12730,155.81395348837208,43,1667821,8170,"",16.7,17.09,10.74,1.44,981.58,-100
"2025-07-15","09:33:00",6296.89,"40 Jul 15 6260 P BTO 2.00",-200,6243.76,"2025-07-15","16:00:00",-1129.5,"Multiple Reasons",37180,464.75,40,1655091,8000,"",16.67,17.3,26.73,1.6,712,-42.5
"2025-07-10","09:33:00",6260.65,"43 Jul 10 6225 P BTO 1.85",-185,6280.46,"2025-07-10","16:00:00",0,"Expired",-7955,-100,43,1617911,7955,"",15.95,15.73,3.54,-6.15,40.54,-100
"2025-07-09","09:33:00",6255.28,"42 Jul 9 6220 P BTO 1.90",-190,6263.26,"2025-07-09","16:00:00",-297.5,"Multiple Reasons",4515,56.57894736842105,42,1625866,7980,"",16.03,15.9,17.81,11.95,223.68,-100
"2025-07-08","09:33:00",6231.48,"39 Jul 8 6195 P BTO 2.05",-205,6225.52,"2025-07-08","16:00:00",0,"Expired",-7995,-100,39,1621351,7995,"",17.1,16.87,4.05,-2.55,73.17,-100
"2025-07-03","09:33:00",6252.69,"52 Jul 3 6220 P BTO 1.55",-155,6279.35,"2025-07-03","13:00:00",0,"Expired",-8060,-100,52,1629346,8060,"",16.15,16.33,19.04,6.23,3.23,-100
"2025-06-27","09:33:00",6155.59,"47 Jun 27 6115 P BTO 1.75",-175,6173.07,"2025-06-27","16:00:00",0,"Expired",-8225,-100,47,1637406,8225,"",16.32,16.28,9.68,4.89,77.14,-100
"2025-06-26","09:33:00",6113.82,"42 Jun 26 6080 P BTO 1.95",-195,6141.02,"2025-06-26","16:00:00",0,"Expired",-8190,-100,42,1645631,8190,"",16.6,16.43,19.93,1.73,38.46,-100
"2025-06-25","09:33:00",6102.9,"46 Jun 25 6065 P BTO 1.80",-180,6092.16,"2025-06-25","16:00:00",0,"Expired",-8280,-100,46,1653821,8280,"",17.05,16.69,12.05,-1.33,50,-100
"2025-06-24","09:33:00",6070.12,"36 Jun 24 6020 P BTO 2.30",-230,6092.18,"2025-06-24","16:00:00",0,"Expired",-8280,-100,36,1662101,8280,"",17.99,17.54,36.04,8.91,21.74,-100
"2025-06-20","09:33:00",6005.08,"31 Jun 20 5950 P BTO 2.65",-265,5967.84,"2025-06-20","16:00:00",-477.4193548387097,"Multiple Reasons",6585,80.15824710894705,31,1670381,8215,"",19.4,20.59,18.8,5.41,347.17,-100
"2025-06-18","09:33:00",5984.21,"25 Jun 18 5915 P BTO 3.30",-330,5980.87,"2025-06-18","16:00:00",0,"Expired",-8250,-100,25,1663796,8250,"",20.9,20.27,5.21,-3.72,7.58,-100
"2025-06-11","09:33:00",6042.71,"36 Jun 11 5995 P BTO 2.30",-230,6022.24,"2025-06-11","16:00:00",-392.5,"Multiple Reasons",5850,70.65217391304348,36,1672046,8280,"",16.56,17.38,10.57,-6.67,241.3,-100
"2025-06-10","09:33:00",6016.53,"41 Jun 10 5970 P BTO 2.00",-200,6038.81,"2025-06-10","16:00:00",0,"Expired",-8200,-100,41,1666196,8200,"",17.1,16.73,4.03,6.62,52.5,-100
"2025-06-06","09:33:00",5997.91,"36 Jun 6 5945 P BTO 2.30",-230,6000.36,"2025-06-06","16:00:00",0,"Expired",-8280,-100,36,1674396,8280,"",17.08,16.82,47.76,10.85,28.26,-100
"2025-06-05","09:33:00",5975.23,"30 Jun 5 5915 P BTO 2.75",-275,5939.3,"2025-06-05","16:00:00",0,"Expired",-8250,-100,30,1682676,8250,"",17.73,18.57,14.86,-10.44,121.82,-100
"2025-06-04","09:33:00",5984.26,"33 Jun 4 5935 P BTO 2.55",-255,5970.81,"2025-06-04","16:00:00",0,"Expired",-8415,-100,33,1690926,8415,"",17.51,17.57,8.57,5.32,60.78,-100
"2025-06-03","09:33:00",5932.56,"34 Jun 3 5885 P BTO 2.45",-245,5970.37,"2025-06-03","16:00:00",0,"Expired",-8330,-100,34,1699341,8330,"",18.42,17.68,2.62,-6,0,-100
"2025-05-29","09:33:00",5926.71,"26 May 29 5860 P BTO 3.15",-315,5912.17,"2025-05-29","16:00:00",-587.5,"Multiple Reasons",7085,86.5079365079365,26,1707671,8190,"",18.99,18.97,51.41,-13.25,273.02,-100
"2025-05-28","09:33:00",5929.57,"33 May 28 5885 P BTO 2.55",-255,5888.55,"2025-05-28","16:00:00",0,"Expired",-8415,-100,33,1700586,8415,"",19,19.3,4,4.03,74.51,-100
"2025-05-27","09:33:00",5866.81,"29 May 27 5810 P BTO 2.90",-290,5921.54,"2025-05-27","16:00:00",0,"Expired",-8410,-100,29,1709001,8410,"",20.75,18.97,51.25,12.74,29.31,-100
"2025-05-20","09:33:00",5947.25,"32 May 20 5900 P BTO 2.65",-265,5940.46,"2025-05-20","16:00:00",0,"Expired",-8480,-100,32,1717411,8480,"",18.12,17.89,-18.94,2.59,54.72,-100
"2025-05-16","09:33:00",5919.74,"31 May 16 5865 P BTO 2.75",-275,5958.38,"2025-05-16","16:00:00",0,"Expired",-8525,-100,31,1725891,8525,"",17.63,17.2,12.16,-9.35,3.64,-100
"2025-05-14","09:33:00",5901.01,"32 May 14 5845 P BTO 2.70",-270,5892.58,"2025-05-14","16:00:00",0,"Expired",-8640,-100,32,1734416,8640,"",18.18,18.6,10.19,4.27,96.3,-100
"2025-05-13","09:33:00",5848.44,"30 May 13 5795 P BTO 2.90",-290,5886.55,"2025-05-13","16:00:00",0,"Expired",-8700,-100,30,1743056,8700,"",17.77,18.29,9.96,-5.71,0,-100
"2025-03-26","09:33:00",5773.4,"38 Mar 26 5730 P BTO 2.20",-220,5712.2,"2025-03-26","16:00:00",-1242.5,"Multiple Reasons",38855,464.77272727272725,38,1751756,8360,"",17.16,18.39,-4.99,1.74,1495.45,-38.64
"2025-03-25","09:33:00",5777.22,"32 Mar 25 5730 P BTO 2.65",-265,5776.65,"2025-03-25","16:00:00",0,"Expired",-8480,-100,32,1712901,8480,"",17.21,17.07,8.39,1.26,39.62,-100
"2025-02-27","09:33:00",5985.97,"23 Feb 27 5915 P BTO 3.55",-355,5861.57,"2025-02-27","16:00:00",-3244.0434782608695,"Multiple Reasons",66448,813.8150642988364,23,1721381,8165,"",18.15,21.1,25.82,4.09,1405.07,-66.2
"2025-02-26","09:33:00",5967.48,"25 Feb 26 5905 P BTO 3.20",-320,5956.06,"2025-02-26","16:00:00",0,"Expired",-8000,-100,25,1654933,8000,"",19.47,19.09,15.62,-3.39,1.56,-100
"2025-02-21","09:33:00",6113.9,"33 Feb 21 6070 P BTO 2.35",-235,6013.13,"2025-02-21","16:00:00",-3177.181818181818,"Multiple Reasons",97092,1251.9922630560927,33,1662933,7755,"",15.55,18.24,-3.42,-0.2,2455.32,0
"2025-02-14","09:33:00",6117.64,"29 Feb 14 6070 P BTO 2.65",-265,6114.63,"2025-02-14","16:00:00",0,"Expired",-7685,-100,29,1565841,7685,"",15.05,14.89,0.45,2.12,3.77,-100
"2025-02-13","09:33:00",6067.21,"28 Feb 13 6015 P BTO 2.75",-275,6115.07,"2025-02-13","16:00:00",0,"Expired",-7700,-100,28,1573526,7700,"",15.65,15,8.62,6.62,103.64,-100
"2025-02-07","09:33:00",6094.24,"34 Feb 7 6045 P BTO 2.25",-225,6025.99,"2025-02-07","16:00:00",-1320.5,"Multiple Reasons",37247,486.88888888888886,34,1581226,7650,"",14.95,16.62,-0.44,11.11,957.78,-28.89
"2025-02-06","09:33:00",6075.68,"33 Feb 6 6035 P BTO 2.30",-230,6083.57,"2025-02-06","16:00:00",0,"Expired",-7590,-100,33,1543979,7590,"",15.66,15.26,10.74,3.46,86.96,-100
"2025-02-05","09:33:00",6022.85,"29 Feb 5 5970 P BTO 2.60",-260,6061.48,"2025-02-05","16:00:00",0,"Expired",-7540,-100,29,1551569,7540,"",16.85,15.88,-17.43,2.4,78.85,-100
"2025-02-04","09:33:00",5998.24,"24 Feb 4 5940 P BTO 3.15",-315,6037.88,"2025-02-04","16:00:00",0,"Expired",-7560,-100,24,1559109,7560,"",17.91,16.87,3.57,0.1,0,-100
"2025-01-31","09:33:00",6096.83,"29 Jan 31 6045 P BTO 2.65",-265,6040.53,"2025-01-31","16:00:00",-670.9655172413793,"Multiple Reasons",11773,153.19453480806766,29,1566669,7685,"",15.26,16.67,25.62,0.04,505.66,-90.57
"2025-01-30","09:33:00",6062.51,"30 Jan 30 6015 P BTO 2.55",-255,6071.17,"2025-01-30","16:00:00",0,"Expired",-7650,-100,30,1554896,7650,"",15.7,15.87,11.44,11.76,198.04,-100
"2025-01-28","09:33:00",6016.72,"27 Jan 28 5960 P BTO 2.90",-290,6067.7,"2025-01-28","16:00:00",0,"Expired",-7830,-100,27,1562546,7830,"",17.79,16.35,14.69,-10.25,118.97,-100
"2025-01-24","09:33:00",6119.61,"40 Jan 24 6080 P BTO 1.95",-195,6101.24,"2025-01-24","16:00:00",0,"Expired",-7800,-100,40,1570376,7800,"",14.95,14.8,2.72,-1.82,43.59,-100
"2025-01-23","09:33:00",6076.73,"36 Jan 23 6040 P BTO 2.15",-215,6118.71,"2025-01-23","16:00:00",0,"Expired",-7740,-100,36,1578176,7740,"",15.03,14.96,-10.05,0.41,0,-100
"2025-01-21","09:33:00",6028.04,"27 Jan 21 5980 P BTO 2.90",-290,6049.24,"2025-01-21","16:00:00",0,"Expired",-7830,-100,27,1585916,7830,"",15.8,15.32,17.46,13.92,81.03,-100
"2025-01-17","09:33:00",5992.12,"30 Jan 17 5935 P BTO 2.60",-260,5996.66,"2025-01-17","16:00:00",0,"Expired",-7800,-100,30,1593746,7800,"",15.91,15.94,58.06,-3.28,30.77,-100
"2025-01-16","09:33:00",5955.68,"27 Jan 16 5905 P BTO 2.90",-290,5937.34,"2025-01-16","16:00:00",0,"Expired",-7830,-100,27,1601546,7830,"",15.98,16.27,13.7,-7.93,81.03,-100
"2025-01-15","09:33:00",5929.69,"26 Jan 15 5865 P BTO 3.10",-310,5949.91,"2025-01-15","16:00:00",0,"Expired",-8060,-100,26,1609376,8060,"",16.87,16.13,62.3,24.48,67.74,-100
"2025-01-14","09:33:00",5856.74,"24 Jan 14 5795 P BTO 3.35",-335,5842.91,"2025-01-14","16:00:00",0,"Expired",-8040,-100,24,1617436,8040,"",18.76,18.92,23.05,-2.53,177.61,-100
"2025-01-07","09:33:00",5998.17,"32 Jan 7 5950 P BTO 2.40",-240,5909.03,"2025-01-07","16:00:00",-2543.5,"Multiple Reasons",73712,959.7916666666666,32,1625476,7680,"",15.91,18.03,17.88,4.91,2354.17,-12.5
"2025-01-03","09:33:00",5906.28,"23 Jan 3 5850 P BTO 3.25",-325,5942.47,"2025-01-03","16:00:00",0,"Expired",-7475,-100,23,1551764,7475,"",17.21,16.13,22.52,15.21,64.62,-100
"2025-01-02","09:33:00",5914.28,"25 Jan 2 5855 P BTO 3.05",-305,5868.55,"2025-01-02","16:00:00",-481,"Multiple Reasons",4400,57.70491803278689,25,1559239,7625,"",17.37,17.99,21.63,11.02,839.34,-100
"2024-12-31","09:33:00",5920.3,"22 Dec 31 5860 P BTO 3.55",-355,5881.63,"2024-12-31","16:00:00",0,"Expired",-7810,-100,22,1554839,7810,"",16.98,17.35,12.8,0.56,140.85,-100
"2024-12-19","09:33:00",5924.51,"19 Dec 19 5850 P BTO 4.05",-405,5867.08,"2024-12-19","16:00:00",0,"Expired",-7695,-100,19,1562649,7695,"",20.39,23.45,40.55,11.8,109.88,-100
"2024-12-18","09:33:00",6046.07,"27 Dec 18 5995 P BTO 2.55",-255,5872.16,"2024-12-18","16:00:00",-6350.074074074074,"Multiple Reasons",164567,2390.2251270878724,27,1570344,6885,"",15.65,24.09,-2.96,-1.58,4717.25,-84.31
"2024-12-13","09:33:00",6070.11,"53 Dec 13 6040 P BTO 1.30",-130,6051.09,"2024-12-13","16:00:00",-198.67924528301887,"Multiple Reasons",3640,52.83018867924528,53,1405777,6890,"",13.43,13.75,16.92,1.94,484.62,-100
"2024-12-12","09:33:00",6068.86,"56 Dec 12 6040 P BTO 1.25",-125,6051.25,"2024-12-12","16:00:00",0,"Expired",-7000,-100,56,1402137,7000,"",13.75,13.82,-9.9,-5.43,44,-100
"2024-12-11","09:33:00",6067.53,"48 Dec 11 6035 P BTO 1.45",-145,6084.19,"2024-12-11","16:00:00",0,"Expired",-6960,-100,48,1409137,6960,"",13.55,13.56,25.24,7.38,0,-100
"2024-12-10","09:33:00",6055.46,"43 Dec 10 6030 P BTO 1.65",-165,6034.91,"2024-12-10","16:00:00",0,"Expired",-7095,-100,43,1416097,7095,"",14.16,14.24,4.74,-2.13,63.64,-100
"2024-12-06","09:33:00",6090.74,"42 Dec 6 6060 P BTO 1.70",-170,6090.27,"2024-12-06","16:00:00",0,"Expired",-7140,-100,42,1423192,7140,"",13.05,12.73,6.27,9.36,5.88,-100
"2024-12-05","09:33:00",6086.03,"51 Dec 5 6060 P BTO 1.40",-140,6075.11,"2024-12-05","16:00:00",0,"Expired",-7140,-100,51,1430332,7140,"",13.5,13.39,2.54,-3,25,-100
"2024-12-04","09:33:00",6070.92,"46 Dec 4 6035 P BTO 1.55",-155,6086.49,"2024-12-04","16:00:00",0,"Expired",-7130,-100,46,1437472,7130,"",12.93,13.43,19.51,1.53,9.68,-100
"2024-11-29","09:33:00",6010.52,"42 Nov 29 5985 P BTO 1.70",-170,6032.38,"2024-11-29","13:00:00",0,"Expired",-7140,-100,42,1444602,7140,"",13.97,13.55,5.24,6.54,2.94,-100
"2024-11-27","09:33:00",6013.49,"38 Nov 27 5980 P BTO 1.90",-190,5998.74,"2024-11-27","16:00:00",0,"Expired",-7220,-100,38,1451742,7220,"",14.1,14.11,-7.52,-0.62,165.79,-100
"2024-11-26","09:33:00",6005.77,"34 Nov 26 5965 P BTO 2.10",-210,6021.63,"2024-11-26","16:00:00",0,"Expired",-7140,-100,34,1458962,7140,"",14.33,14.11,12.66,5.74,38.1,-100
"2024-11-22","09:33:00",5954.41,"24 Nov 22 5905 P BTO 3.05",-305,5969.34,"2024-11-22","16:00:00",0,"Expired",-7320,-100,24,1466102,7320,"",16.37,15.44,-4.35,10.05,0,-100
"2024-11-21","09:33:00",5939.04,"29 Nov 21 5890 P BTO 2.50",-250,5948.71,"2024-11-21","16:00:00",-426.7241379310345,"Multiple Reasons",5125,70.6896551724138,29,1473422,7250,"",15.87,16.83,23.47,-1.54,604,-100
"2024-11-14","09:33:00",5989.24,"41 Nov 14 5950 P BTO 1.75",-175,5949.17,"2024-11-14","16:00:00",-335,"Multiple Reasons",6560,91.42857142857143,41,1468297,7175,"",13.96,14.06,4.3,-0.44,337.14,-65.71
"2024-11-13","09:33:00",5990.21,"36 Nov 13 5955 P BTO 2.00",-200,5985.38,"2024-11-13","16:00:00",-317.5,"Multiple Reasons",4230,58.75,36,1461737,7200,"",14.63,14.06,1.76,4.46,217.5,-100
"2024-11-08","09:33:00",5983,"36 Nov 8 5945 P BTO 2.00",-200,5995.54,"2024-11-08","16:00:00",0,"Expired",-7200,-100,36,1457507,7200,"",14.79,14.92,3.66,6.24,2.5,-100
"2024-11-07","09:33:00",5953.28,"24 Nov 7 5900 P BTO 3.05",-305,5973.1,"2024-11-07","16:00:00",0,"Expired",-7320,-100,24,1464707,7320,"",15.31,15.2,18.17,6.07,16.39,-100
"2024-11-06","09:33:00",5895.69,"20 Nov 6 5825 P BTO 3.60",-360,5929.04,"2024-11-06","16:00:00",0,"Expired",-7200,-100,20,1472027,7200,"",15.81,16.14,82.13,30.8,45.83,-100
"2024-10-25","09:33:00",5842.88,"34 Oct 25 5805 P BTO 2.15",-215,5808.12,"2024-10-25","16:00:00",-340,"Multiple Reasons",4250,58.139534883720934,34,1479227,7310,"",18.46,20.23,16.89,16.13,488.37,-100
"2024-10-24","09:33:00",5807.62,"33 Oct 24 5765 P BTO 2.20",-220,5809.86,"2024-10-24","16:00:00",0,"Expired",-7260,-100,33,1474977,7260,"",19.13,19.19,20.38,-10.18,113.64,-100
"2024-10-18","09:33:00",5851.49,"35 Oct 18 5810 P BTO 2.10",-210,5864.67,"2024-10-18","16:00:00",0,"Expired",-7350,-100,35,1482237,7350,"",19.23,18.08,17.96,-7.94,30.95,-100
"2024-10-17","09:33:00",5873.63,"39 Oct 17 5835 P BTO 1.90",-190,5841.47,"2024-10-17","16:00:00",-294.87179487179486,"Multiple Reasons",4090,55.19568151147099,39,1489587,7410,"",19.25,19.08,33.15,-1.99,273.68,-100
"2024-10-15","09:33:00",5864.62,"40 Oct 15 5830 P BTO 1.80",-180,5815.26,"2024-10-15","16:00:00",-1012,"Multiple Reasons",33280,462.2222222222222,40,1485497,7200,"",19.49,20.61,6.89,-2.12,1197.22,-13.89
"2024-10-11","09:33:00",5786.47,"33 Oct 11 5745 P BTO 2.15",-215,5815.03,"2024-10-11","16:00:00",0,"Expired",-7095,-100,33,1452217,7095,"",20.65,20.5,-4.96,11.38,13.95,-100
"2024-10-04","09:33:00",5738.61,"22 Oct 4 5680 P BTO 3.25",-325,5751.07,"2024-10-04","16:00:00",0,"Expired",-7150,-100,22,1459312,7150,"",19.37,18.64,37.54,1.13,152.31,-100
"2024-09-27","09:33:00",5755.26,"36 Sep 27 5715 P BTO 2.00",-200,5738.17,"2024-09-27","16:00:00",0,"Expired",-7200,-100,36,1466462,7200,"",15.35,16.8,9.99,-0.1,15,-100
"2024-09-26","09:33:00",5759.59,"37 Sep 26 5720 P BTO 2.00",-200,5745.37,"2024-09-26","16:00:00",0,"Expired",-7400,-100,37,1473662,7400,"",15.2,15.58,39.96,-2.63,197.5,-100
"2024-09-25","09:33:00",5737.95,"43 Sep 25 5700 P BTO 1.70",-170,5722.26,"2024-09-25","16:00:00",0,"Expired",-7310,-100,43,1481062,7310,"",15.46,15.5,0.72,4.3,26.47,-100
"2024-09-24","09:33:00",5723.93,"35 Sep 24 5690 P BTO 2.10",-210,5732.93,"2024-09-24","16:00:00",-326.57142857142856,"Multiple Reasons",4080,55.51020408163265,35,1488372,7350,"",15.87,15.27,9.09,-3.73,219.05,-100
"2024-09-20","09:33:00",5700.83,"24 Sep 20 5645 P BTO 3.05",-305,5702.55,"2024-09-20","16:00:00",0,"Expired",-7320,-100,24,1484292,7320,"",16.16,16.09,-4,-8.81,9.84,-100
"2024-09-19","09:33:00",5708.71,"21 Sep 19 5655 P BTO 3.45",-345,5713.64,"2024-09-19","16:00:00",0,"Expired",-7245,-100,21,1491612,7245,"",16.35,16.33,84.37,6.08,94.2,-100
"2024-09-17","09:33:00",5658.73,"29 Sep 17 5610 P BTO 2.55",-255,5634.58,"2024-09-17","16:00:00",-418.9655172413793,"Multiple Reasons",4755,64.3002028397566,29,1498857,7395,"",17.19,17.6,22.42,3.22,249.02,-100
"2024-09-13","09:33:00",5607.09,"23 Sep 13 5550 P BTO 3.15",-315,5626.02,"2024-09-13","16:00:00",0,"Expired",-7245,-100,23,1494102,7245,"",17.04,16.42,7.58,3.75,0,-100
"2024-09-11","09:33:00",5485.83,"23 Sep 11 5425 P BTO 3.25",-325,5554.13,"2024-09-11","16:00:00",-560.8695652173913,"Multiple Reasons",5425,72.5752508361204,23,1501347,7475,"",18.68,17.77,0.9,-10.59,738.46,-100
"2024-09-10","09:33:00",5495.02,"26 Sep 10 5445 P BTO 2.80",-280,5495.52,"2024-09-10","16:00:00",-475,"Multiple Reasons",5070,69.64285714285714,26,1495922,7280,"",19,19.06,19.46,4.51,419.64,-100
"2024-09-06","09:33:00",5509.34,"19 Sep 6 5440 P BTO 3.75",-375,5408.42,"2024-09-06","16:00:00",-2132.7368421052633,"Multiple Reasons",33397,468.7298245614035,19,1490852,7125,"",19.26,22.08,3.92,2.01,894.67,-24
"2024-09-05","09:33:00",5522.79,"20 Sep 5 5465 P BTO 3.65",-365,5503.41,"2024-09-05","16:00:00",0,"Expired",-7300,-100,20,1457455,7300,"",20.72,19.98,0.01,2.71,124.66,-100
"2024-08-30","09:33:00",5619.36,"32 Aug 30 5575 P BTO 2.25",-225,5648.4,"2024-08-30","16:00:00",-357.5,"Multiple Reasons",4240,58.88888888888889,32,1464755,7200,"",15.32,14.82,20.78,6.62,217.78,-100
"2024-08-29","09:33:00",5614.78,"27 Aug 29 5565 P BTO 2.65",-265,5591.96,"2024-08-29","16:00:00",0,"Expired",-7155,-100,27,1460515,7155,"",15.72,15.93,15.12,7.48,28.3,-100
"2024-08-23","09:33:00",5601.12,"15 Aug 23 5545 P BTO 4.65",-465,5634.61,"2024-08-23","16:00:00",0,"Expired",-6975,-100,15,1467670,6975,"",17.08,15.72,31.85,-1.37,2.15,-100
"2024-08-22","09:33:00",5639.41,"34 Aug 22 5595 P BTO 2.05",-205,5570.64,"2024-08-22","16:00:00",-1565.5,"Multiple Reasons",46257,663.6585365853658,34,1474645,6970,"",15.94,17.53,16.92,1.64,1582.93,-24.39
"2024-08-15","09:33:00",5507.2,"24 Aug 15 5465 P BTO 2.90",-290,5543.22,"2024-08-15","16:00:00",0,"Expired",-6960,-100,24,1428388,6960,"",15.32,15.18,45.92,6.07,12.07,-100
"2024-08-14","09:33:00",5444.13,"21 Aug 14 5385 P BTO 3.30",-330,5455.21,"2024-08-14","16:00:00",0,"Expired",-6930,-100,21,1435348,6930,"",17.4,16.28,7.93,1.77,90.91,-100
"2024-08-13","09:33:00",5385.96,"22 Aug 13 5325 P BTO 3.20",-320,5434.43,"2024-08-13","16:00:00",0,"Expired",-7040,-100,22,1442278,7040,"",19.56,18.02,32.59,8.98,7.81,-100
"2024-08-01","09:33:00",5547.84,"24 Aug 1 5495 P BTO 2.85",-285,5446.68,"2024-08-01","16:00:00",-2851,"Multiple Reasons",61584,900.3508771929825,24,1449318,6840,"",16.2,18.21,15.54,10,2850.88,-52.63
"2024-07-31","09:33:00",5501.2,"17 Jul 31 5440 P BTO 3.90",-390,5522.3,"2024-07-31","16:00:00",0,"Expired",-6630,-100,17,1387734,6630,"",16.45,16.42,69.15,-4.39,20.51,-100
"2024-07-30","09:33:00",5480.67,"30 Jul 30 5435 P BTO 2.25",-225,5436.44,"2024-07-30","16:00:00",-375,"Multiple Reasons",4500,66.66666666666666,30,1394364,6750,"",16.44,17.21,15.19,1.94,1422.22,-100
"2024-07-26","09:33:00",5439.14,"21 Jul 26 5380 P BTO 3.20",-320,5459.1,"2024-07-26","16:00:00",0,"Expired",-6720,-100,21,1389864,6720,"",17.52,16.4,34.45,5.47,3.12,-100
"2024-07-25","09:33:00",5427.12,"22 Jul 25 5375 P BTO 3.05",-305,5399.22,"2024-07-25","16:00:00",-460,"Multiple Reasons",3410,50.81967213114754,22,1396584,6710,"",18.07,18.39,1.57,-1.58,263.93,-100
"2024-07-23","09:33:00",5559.85,"32 Jul 23 5520 P BTO 2.15",-215,5555.74,"2024-07-23","16:00:00",0,"Expired",-6880,-100,32,1393174,6880,"",15.06,14.67,0.89,-5.45,0,-100
"2024-07-18","09:33:00",5600.75,"34 Jul 18 5560 P BTO 2.00",-200,5544.59,"2024-07-18","16:00:00",-1075.5,"Multiple Reasons",29767,437.75000000000006,34,1400054,6800,"",14.42,15.98,20.29,-7.81,1682.5,-70
"2024-07-16","09:33:00",5648.62,"39 Jul 16 5610 P BTO 1.75",-175,5667.2,"2024-07-16","16:00:00",0,"Expired",-6825,-100,39,1370287,6825,"",13.12,13.24,12.87,4.53,42.86,-100
"2024-07-12","09:33:00",5594.15,"36 Jul 12 5560 P BTO 1.90",-190,5615.35,"2024-07-12","16:00:00",0,"Expired",-6840,-100,36,1377112,6840,"",12.5,12.36,6.22,3.39,0,-100
"2024-07-11","09:33:00",5633.81,"29 Jul 11 5600 P BTO 2.30",-230,5584.54,"2024-07-11","16:00:00",-1162.7241379310344,"Multiple Reasons",27049,405.53223388305855,29,1383952,6670,"",12.5,12.97,1.3,-1.4,913.04,-52.17
"2024-07-10","09:33:00",5589.58,"48 Jul 10 5560 P BTO 1.40",-140,5633.91,"2024-07-10","16:00:00",0,"Expired",-6720,-100,48,1356903,6720,"",12.52,12.89,14.28,-1.68,0,-100
"2024-07-09","09:33:00",5584.24,"41 Jul 9 5555 P BTO 1.65",-165,5576.98,"2024-07-09","16:00:00",0,"Expired",-6765,-100,41,1363623,6765,"",12.38,12.51,11.39,0,9.09,-100
"2024-07-03","09:33:00",5514.04,"55 Jul 3 5490 P BTO 1.25",-125,5537.02,"2024-07-03","13:00:00",0,"Expired",-6875,-100,55,1370388,6875,"",12.04,12.08,-1.57,6.6,8,-100
"2024-06-27","09:33:00",5477.59,"40 Jun 27 5445 P BTO 1.70",-170,5482.87,"2024-06-27","16:00:00",0,"Expired",-6800,-100,40,1377263,6800,"",12.57,12.24,-4.31,4,20.59,-100
"2024-06-25","09:33:00",5454.89,"39 Jun 25 5425 P BTO 1.75",-175,5469.3,"2024-06-25","16:00:00",0,"Expired",-6825,-100,39,1384063,6825,"",13.47,12.91,12.86,-5.84,17.14,-100
"2024-06-18","09:33:00",5478.71,"46 Jun 18 5445 P BTO 1.50",-150,5487.03,"2024-06-18","16:00:00",0,"Expired",-6900,-100,46,1390888,6900,"",12.41,12.25,2.92,2.56,26.67,-100
"2024-06-13","09:33:00",5435.3,"34 Jun 13 5400 P BTO 2.00",-200,5433.74,"2024-06-13","16:00:00",-322.5,"Multiple Reasons",4165,61.25000000000001,34,1397788,6800,"",12.06,11.98,20.9,-6.63,310,-100
"2024-06-12","09:33:00",5422.5,"22 Jun 12 5365 P BTO 3.05",-305,5421.03,"2024-06-12","16:00:00",0,"Expired",-6710,-100,22,1393623,6710,"",12.43,12.06,33.81,13.37,1.64,-100
"2024-06-06","09:33:00",5358.62,"34 Jun 6 5325 P BTO 2.05",-205,5352.96,"2024-06-06","16:00:00",0,"Expired",-6970,-100,34,1400333,6970,"",12.65,12.54,3.77,0.82,73.17,-100
"2024-06-05","09:33:00",5312.41,"32 Jun 5 5275 P BTO 2.20",-220,5354.03,"2024-06-05","16:00:00",0,"Expired",-7040,-100,32,1407303,7040,"",12.98,12.61,23.14,-2.07,106.82,-100
"2024-05-31","09:33:00",5243.48,"35 May 31 5205 P BTO 2.00",-200,5277.51,"2024-05-31","16:00:00",-339.42857142857144,"Multiple Reasons",4880,69.71428571428571,35,1414343,7000,"",13.89,13.19,7.73,0.27,685,-100
"2024-05-30","09:33:00",5257.35,"37 May 30 5230 P BTO 1.85",-185,5235.48,"2024-05-30","16:00:00",-346.6216216216216,"Multiple Reasons",5980,87.36303871439006,37,1409463,6845,"",14.08,14.22,-7.18,-2.42,264.86,-100
"2024-05-24","09:33:00",5286.35,"39 May 24 5250 P BTO 1.80",-180,5304.72,"2024-05-24","16:00:00",0,"Expired",-7020,-100,39,1403483,7020,"",12.56,11.91,13.61,4.9,69.44,-100
"2024-05-23","09:33:00",5332,"35 May 23 5295 P BTO 1.90",-190,5267.84,"2024-05-23","16:00:00",-1658.6285714285714,"Multiple Reasons",51402,772.9624060150376,35,1410503,6650,"",11.91,12.97,33.25,-8.26,1844.74,-57.89
"2024-05-17","09:33:00",5300.28,"44 May 17 5270 P BTO 1.55",-155,5303.27,"2024-05-17","16:00:00",0,"Expired",-6820,-100,44,1359101,6820,"",12.34,11.91,6,-2.82,16.13,-100
"2024-05-16","09:33:00",5312.7,"41 May 16 5285 P BTO 1.65",-165,5297.1,"2024-05-16","16:00:00",0,"Expired",-6765,-100,41,1365921,6765,"",12.47,12.43,1.92,2.63,12.12,-100
"2024-05-15","09:33:00",5275.16,"32 May 15 5235 P BTO 2.15",-215,5308.15,"2024-05-15","16:00:00",0,"Expired",-6880,-100,32,1372686,6880,"",13.05,12.39,16.58,11.9,25.58,-100
"2024-05-07","09:33:00",5192.13,"46 May 7 5160 P BTO 1.50",-150,5187.7,"2024-05-07","16:00:00",0,"Expired",-6900,-100,46,1379566,6900,"",13.44,13.27,6.46,4.93,36.67,-100
"2024-05-03","09:33:00",5120.64,"22 May 3 5070 P BTO 3.05",-305,5127.79,"2024-05-03","16:00:00",0,"Expired",-6710,-100,22,1386466,6710,"",13.82,13.56,58.58,-2.14,44.26,-100
"2024-05-02","09:33:00",5054.36,"25 May 2 5010 P BTO 2.70",-270,5064.2,"2024-05-02","16:00:00",-504.4,"Multiple Reasons",5860,86.81481481481482,25,1393176,6750,"",15.03,14.71,30.93,5.04,462.96,-100
"2024-04-23","09:33:00",5034.16,"29 Apr 23 4995 P BTO 2.35",-235,5070.55,"2024-04-23","16:00:00",0,"Expired",-6815,-100,29,1387316,6815,"",16.49,15.8,18.25,5.31,23.4,-100
"2024-04-18","09:33:00",5030.66,"24 Apr 18 4985 P BTO 2.85",-285,5011.12,"2024-04-18","16:00:00",0,"Expired",-6840,-100,24,1394131,6840,"",17.93,18.09,9.31,-0.86,138.6,-100
"2024-04-17","09:33:00",5075.9,"30 Apr 17 5020 P BTO 2.30",-230,5022.21,"2024-04-17","16:00:00",-357.5,"Multiple Reasons",3825,55.434782608695656,30,1400971,6900,"",17.91,18.17,17.56,6.93,752.17,-100
"2024-04-16","09:33:00",5065.53,"26 Apr 16 5000 P BTO 2.60",-260,5051.41,"2024-04-16","16:00:00",0,"Expired",-6760,-100,26,1397146,6760,"",18.9,18.33,2.77,0.94,136.54,-100
"2024-04-11","09:33:00",5169.45,"26 Apr 11 5120 P BTO 2.65",-265,5199.06,"2024-04-11","16:00:00",-430,"Multiple Reasons",4290,62.264150943396224,26,1403906,6890,"",15.96,15.01,12.31,-3.5,232.08,-100
"2024-04-09","09:33:00",5223.8,"46 Apr 9 5195 P BTO 1.50",-150,5209.91,"2024-04-09","16:00:00",-250,"Multiple Reasons",4600,66.66666666666666,46,1399616,6900,"",15.08,15.09,14.64,6.77,2330,-100
"2024-04-05","09:33:00",5166.28,"26 Apr 5 5115 P BTO 2.65",-265,5204.34,"2024-04-05","16:00:00",0,"Expired",-6890,-100,26,1395016,6890,"",16.18,16.12,11.74,7.33,35.85,-100
"2024-04-04","09:33:00",5250.73,"42 Apr 4 5225 P BTO 1.45",-145,5147.21,"2024-04-04","16:00:00",-4142,"Multiple Reasons",167874,2756.551724137931,42,1401906,6090,"",14.01,16.53,32.56,6.68,5341.38,-68.97
"2024-03-27","09:33:00",5232.01,"45 Mar 27 5210 P BTO 1.35",-135,5248.49,"2024-03-27","16:00:00",-276,"Multiple Reasons",6345,104.44444444444446,45,1234032,6075,"",13.06,12.7,22.73,5.7,329.63,-100
"2024-03-26","09:33:00",5232.55,"43 Mar 26 5210 P BTO 1.40",-140,5203.58,"2024-03-26","16:00:00",-610.2790697674419,"Multiple Reasons",20222,335.91362126245843,43,1227687,6020,"",13.14,13.38,10.66,3.7,358.57,-89.29
"2024-03-22","09:33:00",5240.11,"43 Mar 22 5210 P BTO 1.40",-140,5234.18,"2024-03-22","16:00:00",0,"Expired",-6020,-100,43,1207465,6020,"",13.01,13.06,0.95,-2.37,39.29,-100
"2024-03-21","09:33:00",5250.83,"39 Mar 21 5220 P BTO 1.55",-155,5241.53,"2024-03-21","16:00:00",0,"Expired",-6045,-100,39,1213485,6045,"",12.68,13.02,28.81,-2.6,9.68,-100
"2024-03-14","09:33:00",5170.79,"32 Mar 14 5135 P BTO 1.85",-185,5150.48,"2024-03-14","16:00:00",-397.5,"Multiple Reasons",6800,114.86486486486487,32,1219530,5920,"",13.6,14.35,9.83,-4.35,567.57,-100
"2024-03-13","09:33:00",5173.16,"35 Mar 13 5145 P BTO 1.70",-170,5165.31,"2024-03-13","16:00:00",0,"Expired",-5950,-100,35,1212730,5950,"",13.85,13.79,-1.78,-0.33,73.53,-100
"2024-03-12","09:33:00",5141.8,"27 Mar 12 5100 P BTO 2.25",-225,5175.27,"2024-03-12","16:00:00",-360.3703703703704,"Multiple Reasons",3655,60.16460905349794,27,1218680,6075,"",14.41,13.86,16.36,7.5,304.44,-100
"2024-03-08","09:33:00",5165.72,"30 Mar 8 5130 P BTO 2.00",-200,5123.69,"2024-03-08","16:00:00",-633,"Multiple Reasons",12990,216.5,30,1215025,6000,"",14.05,14.81,7.1,1.26,682.5,-80
"2024-03-07","09:33:00",5136.56,"35 Mar 7 5100 P BTO 1.70",-170,5157.36,"2024-03-07","16:00:00",0,"Expired",-5950,-100,35,1202035,5950,"",14.28,14.39,27.62,4.18,23.53,-100
"2024-03-06","09:33:00",5113.59,"33 Mar 6 5075 P BTO 1.80",-180,5104.76,"2024-03-06","16:00:00",-278.1818181818182,"Multiple Reasons",3240,54.545454545454554,33,1207985,5940,"",13.95,14.44,28.79,5.56,200,-100
"2024-03-01","09:33:00",5102.94,"32 Mar 1 5070 P BTO 1.85",-185,5137.08,"2024-03-01","16:00:00",0,"Expired",-5920,-100,32,1204745,5920,"",13.28,13.16,2.24,4.43,64.86,-100
"2024-02-29","09:33:00",5094.18,"37 Feb 29 5060 P BTO 1.60",-160,5096.27,"2024-02-29","16:00:00",-302.97297297297297,"Multiple Reasons",5290,89.3581081081081,37,1210665,5920,"",13.35,13.33,15.6,8.82,350,-100
"2024-02-27","09:33:00",5074.73,"39 Feb 27 5050 P BTO 1.55",-155,5078.18,"2024-02-27","16:00:00",0,"Expired",-6045,-100,39,1205375,6045,"",13.68,13.48,5.07,0.13,145.16,-100
"2024-02-23","09:33:00",5107.36,"33 Feb 23 5075 P BTO 1.80",-180,5088.8,"2024-02-23","16:00:00",-293.6363636363636,"Multiple Reasons",3750,63.131313131313135,33,1211420,5940,"",14.15,13.76,13.89,6.44,311.11,-100
"2024-02-22","09:33:00",5044.41,"31 Feb 22 5005 P BTO 1.95",-195,5087.03,"2024-02-22","16:00:00",0,"Expired",-6045,-100,31,1207670,6045,"",14.3,14.58,57.03,5.58,2.56,-100
"2024-02-15","09:33:00",5007.49,"38 Feb 15 4975 P BTO 1.60",-160,5029.73,"2024-02-15","16:00:00",0,"Expired",-6080,-100,38,1213715,6080,"",14.29,14.19,2.52,4.35,43.75,-100
"2024-02-14","09:33:00",4980.83,"36 Feb 14 4945 P BTO 1.65",-165,5000.62,"2024-02-14","16:00:00",-247.5,"Multiple Reasons",2970,50,36,1219795,5940,"",14.45,14.31,23.27,4.39,233.33,-100
"2024-02-07","09:33:00",4977.09,"43 Feb 7 4945 P BTO 1.40",-140,4995.06,"2024-02-07","16:00:00",0,"Expired",-6020,-100,43,1216825,6020,"",12.91,12.86,18.82,4.04,64.29,-100
"2024-02-06","09:33:00",4949.03,"40 Feb 6 4920 P BTO 1.50",-150,4954.23,"2024-02-06","16:00:00",0,"Expired",-6000,-100,40,1222845,6000,"",13.5,13.08,7.35,-1.13,143.33,-100
"2024-02-01","09:33:00",4866.74,"31 Feb 1 4825 P BTO 1.95",-195,4906.19,"2024-02-01","16:00:00",0,"Expired",-6045,-100,31,1228845,6045,"",14.1,14.15,15.46,5.63,33.33,-100
"2024-01-31","09:33:00",4901.41,"31 Jan 31 4860 P BTO 1.90",-190,4845.65,"2024-01-31","16:00:00",-1045.3225806451612,"Multiple Reasons",26515,450.169779286927,31,1234890,5890,"",13.26,14.6,-25.78,2.22,655.26,-60.53
"2024-01-30","09:33:00",4923.4,"40 Jan 30 4895 P BTO 1.50",-150,4924.97,"2024-01-30","16:00:00",0,"Expired",-6000,-100,40,1208375,6000,"",13.69,13.32,-2.04,-2.49,3.33,-100
"2024-01-26","09:33:00",4897.57,"36 Jan 26 4865 P BTO 1.65",-165,4890.97,"2024-01-26","16:00:00",0,"Expired",-5940,-100,36,1214375,5940,"",13.49,13.28,-5.25,8.66,39.39,-100
"2024-01-25","09:33:00",4888.28,"37 Jan 25 4860 P BTO 1.65",-165,4894.16,"2024-01-25","16:00:00",0,"Expired",-6105,-100,37,1220315,6105,"",13.09,13.47,18.11,1.62,42.42,-100
"2024-01-24","09:33:00",4890.38,"45 Jan 24 4865 P BTO 1.35",-135,4868.55,"2024-01-24","16:00:00",0,"Expired",-6075,-100,45,1226420,6075,"",12.44,13.05,23.96,1.82,77.78,-100
"2024-01-23","09:33:00",4852.75,"37 Jan 23 4825 P BTO 1.65",-165,4864.6,"2024-01-23","16:00:00",0,"Expired",-6105,-100,37,1232495,6105,"",13.24,12.59,6.37,-4.05,6.06,-100
"2024-01-19","09:33:00",4792.51,"41 Jan 19 4755 P BTO 1.50",-150,4839.81,"2024-01-19","16:00:00",0,"Expired",-6150,-100,41,1238600,6150,"",13.73,13.33,15.34,-3.77,43.33,-100
"2024-01-18","09:33:00",4758.24,"44 Jan 18 4725 P BTO 1.40",-140,4780.94,"2024-01-18","16:00:00",0,"Expired",-6160,-100,44,1244750,6160,"",14.32,14.21,20.89,-1.86,53.57,-100
"2024-01-12","09:33:00",4794.36,"41 Jan 12 4760 P BTO 1.50",-150,4783.83,"2024-01-12","16:00:00",-238.17073170731706,"Multiple Reasons",3615,58.78048780487804,41,1250910,6150,"",12.54,12.65,10.94,3.18,286.67,-100
"2024-01-11","09:33:00",4787.84,"29 Jan 11 4755 P BTO 2.10",-210,4780.24,"2024-01-11","16:00:00",-390.51724137931035,"Multiple Reasons",5235,85.96059113300493,29,1247295,6090,"",12.53,12.44,8.68,-4.29,771.43,-100
"2024-01-10","09:33:00",4765.31,"44 Jan 10 4740 P BTO 1.40",-140,4783.45,"2024-01-10","16:00:00",0,"Expired",-6160,-100,44,1242060,6160,"",12.67,12.74,3.44,5.37,89.29,-100
"2024-01-05","09:33:00",4690.63,"34 Jan 5 4660 P BTO 1.80",-180,4697.24,"2024-01-05","16:00:00",0,"Expired",-6120,-100,34,1248220,6120,"",13.71,13.42,1.89,0.06,0,-100
"2023-12-28","09:33:00",4790.32,"40 Dec 28 4770 P BTO 1.55",-155,4783.35,"2023-12-28","16:00:00",0,"Expired",-6200,-100,40,1254340,6200,"",12.44,12.46,4.86,3.88,48.39,-100
"2023-12-27","09:33:00",4775.08,"48 Dec 27 4755 P BTO 1.30",-130,4781.58,"2023-12-27","16:00:00",0,"Expired",-6240,-100,48,1260540,6240,"",12.91,12.42,-1.3,1.63,65.38,-100
"2023-12-22","09:33:00",4762.15,"39 Dec 22 4730 P BTO 1.60",-160,4754.63,"2023-12-22","16:00:00",-261.53846153846155,"Multiple Reasons",3960,63.46153846153846,39,1266780,6240,"",13.76,13.05,7.17,8.23,218.75,-100
"2023-12-21","09:33:00",4738.05,"38 Dec 21 4705 P BTO 1.65",-165,4746.75,"2023-12-21","16:00:00",-247.5,"Multiple Reasons",3135,50,38,1262820,6270,"",13.38,13.59,25.94,13.76,378.79,-100
"2023-12-20","09:33:00",4759.15,"52 Dec 20 4735 P BTO 1.10",-110,4698.35,"2023-12-20","16:00:00",-2022.5,"Multiple Reasons",99450,1738.6363636363637,52,1259685,5720,"",12.35,13.77,-3.64,-5.58,3231.82,-90.91
"2023-12-19","09:33:00",4748.8,"64 Dec 19 4725 P BTO 0.90",-90,4768.37,"2023-12-19","16:00:00",0,"Expired",-5760,-100,64,1160235,5760,"",12.54,12.48,3.16,5.08,5.56,-100
"2023-12-15","09:33:00",4711.56,"34 Dec 15 4685 P BTO 1.70",-170,4719.19,"2023-12-15","16:00:00",0,"Expired",-5780,-100,34,1165995,5780,"",12.24,12.32,-5.32,-2.67,38.24,-100
"2023-12-14","09:33:00",4735.65,"37 Dec 14 4700 P BTO 1.55",-155,4719.55,"2023-12-14","16:00:00",-246.48648648648648,"Multiple Reasons",3385,59.023539668700955,37,1171775,5735,"",12.03,12.4,13.95,14.61,574.19,-100
"2023-12-12","09:33:00",4613.84,"40 Dec 12 4585 P BTO 1.45",-145,4643.7,"2023-12-12","16:00:00",0,"Expired",-5800,-100,40,1168390,5800,"",12.48,12.04,-4.14,-4.46,44.83,-100
"2023-12-08","09:33:00",4579.22,"32 Dec 8 4550 P BTO 1.80",-180,4604.37,"2023-12-08","16:00:00",0,"Expired",-5760,-100,32,1174190,5760,"",12.82,12.46,-9.39,3.02,0,-100
"2023-12-07","09:33:00",4573.6,"49 Dec 7 4545 P BTO 1.20",-120,4585.59,"2023-12-07","16:00:00",0,"Expired",-5880,-100,49,1179950,5880,"",13.06,13.05,19.5,4.76,20.83,-100
"2023-12-06","09:33:00",4589.42,"42 Dec 6 4565 P BTO 1.35",-135,4549.34,"2023-12-06","16:00:00",-998,"Multiple Reasons",36246,639.2592592592592,42,1185830,5670,"",12.76,12.96,19.05,3.19,1281.48,-14.81
"2023-12-01","09:33:00",4556.33,"33 Dec 1 4525 P BTO 1.70",-170,4594.63,"2023-12-01","16:00:00",0,"Expired",-5610,-100,33,1149584,5610,"",12.93,12.63,-8.37,-3.1,0,-100
"2023-11-29","09:33:00",4581.71,"36 Nov 29 4560 P BTO 1.55",-155,4550.58,"2023-11-29","16:00:00",-713.5,"Multiple Reasons",20106,360.3225806451613,36,1155194,5580,"",12.58,13.02,16.95,9.87,716.13,-48.39
"2023-11-22","09:33:00",4560.47,"49 Nov 22 4535 P BTO 1.15",-115,4556.62,"2023-11-22","16:00:00",-181.12244897959184,"Multiple Reasons",3240,57.497781721384214,49,1135088,5635,"",12.88,12.88,14.85,7.43,234.78,-100
"2023-11-17","09:33:00",4508.11,"39 Nov 17 4475 P BTO 1.45",-145,4514.02,"2023-11-17","16:00:00",0,"Expired",-5655,-100,39,1131848,5655,"",14.08,13.78,1.31,-1.44,27.59,-100
"2023-11-16","09:33:00",4498.24,"35 Nov 16 4470 P BTO 1.60",-160,4508.24,"2023-11-16","16:00:00",0,"Expired",-5600,-100,35,1137503,5600,"",14.01,14.26,-5.8,1.16,15.62,-100
"2023-11-15","09:33:00",4511.99,"35 Nov 15 4475 P BTO 1.60",-160,4502.88,"2023-11-15","16:00:00",0,"Expired",-5600,-100,35,1143103,5600,"",14.05,14.1,9.6,6.69,43.75,-100
"2023-11-14","09:33:00",4475.36,"25 Nov 14 4440 P BTO 2.25",-225,4495.7,"2023-11-14","16:00:00",0,"Expired",-5625,-100,25,1148703,5625,"",13.98,14.14,47.42,16.39,6.67,-100
"2023-11-10","09:33:00",4361.95,"33 Nov 10 4330 P BTO 1.75",-175,4415.24,"2023-11-10","16:00:00",0,"Expired",-5775,-100,33,1154328,5775,"",15.01,14.23,16.8,-2.2,14.29,-100
"2023-11-09","09:33:00",4388.35,"31 Nov 9 4360 P BTO 1.80",-180,4347.35,"2023-11-09","16:00:00",-942.4193548387096,"Multiple Reasons",23635,423.5663082437275,31,1160103,5580,"",14.43,15.4,8.63,-3.06,769.44,-66.67
"2023-11-08","09:33:00",4388.45,"41 Nov 8 4360 P BTO 1.35",-135,4382.78,"2023-11-08","16:00:00",-309.8780487804878,"Multiple Reasons",7170,129.53929539295393,41,1136468,5535,"",14.6,14.42,5.99,4.08,366.67,-100
"2023-11-07","09:33:00",4362.86,"35 Nov 7 4335 P BTO 1.60",-160,4378.38,"2023-11-07","16:00:00",0,"Expired",-5600,-100,35,1129298,5600,"",15.01,14.85,0.23,-3.35,37.5,-100
"2023-11-03","09:33:00",4345.65,"25 Nov 3 4305 P BTO 2.20",-220,4358.34,"2023-11-03","16:00:00",0,"Expired",-5500,-100,25,1134898,5500,"",15.23,15.11,16.45,11.42,9.09,-100
"2023-11-02","09:33:00",4284.77,"25 Nov 2 4245 P BTO 2.25",-225,4317.78,"2023-11-02","16:00:00",0,"Expired",-5625,-100,25,1140398,5625,"",16.25,15.58,30.4,16.51,0,-100
"2023-11-01","09:33:00",4201.45,"20 Nov 1 4150 P BTO 2.85",-285,4237.86,"2023-11-01","16:00:00",0,"Expired",-5700,-100,20,1146023,5700,"",17.86,16.84,7.47,0.18,12.28,-100
"2023-10-31","09:33:00",4167.92,"27 Oct 31 4125 P BTO 2.10",-210,4193.8,"2023-10-31","16:00:00",0,"Expired",-5670,-100,27,1151723,5670,"",19.62,18.04,4.51,-3.41,45.24,-100
"2023-10-27","09:33:00",4154.2,"21 Oct 27 4110 P BTO 2.65",-265,4117.37,"2023-10-27","16:00:00",-416.42857142857144,"Multiple Reasons",3180,57.14285714285714,21,1157393,5565,"",20.14,21.29,15.7,1.27,254.72,-100
"2023-10-24","09:33:00",4240.65,"25 Oct 24 4200 P BTO 2.25",-225,4247.68,"2023-10-24","16:00:00",0,"Expired",-5625,-100,25,1154213,5625,"",19.73,19.09,18.75,4.86,11.11,-100
"2023-10-19","09:33:00",4326.04,"22 Oct 19 4280 P BTO 2.55",-255,4278,"2023-10-19","16:00:00",-605,"Multiple Reasons",7700,137.2549019607843,22,1159838,5610,"",19.04,20.9,6.76,4.68,309.8,-78.43
"2023-10-13","09:33:00",4369.38,"26 Oct 13 4330 P BTO 2.20",-220,4327.78,"2023-10-13","16:00:00",-448.5,"Multiple Reasons",5941,103.86363636363636,26,1152138,5720,"",16.75,19.23,10.88,8.89,836.36,-18.18
"2023-10-12","09:33:00",4379.29,"27 Oct 12 4340 P BTO 2.10",-210,4349.61,"2023-10-12","16:00:00",-334.44444444444446,"Multiple Reasons",3360,59.25925925925925,27,1146197,5670,"",15.92,16.77,3.99,-1.65,680.95,-100
"2023-10-11","09:33:00",4376.51,"24 Oct 11 4340 P BTO 2.30",-230,4376.95,"2023-10-11","16:00:00",0,"Expired",-5520,-100,24,1142837,5520,"",16.5,16.28,8.35,9.92,145.65,-100
"2023-10-10","09:33:00",4344.78,"31 Oct 10 4310 P BTO 1.85",-185,4358.24,"2023-10-10","16:00:00",0,"Expired",-5735,-100,31,1148357,5735,"",17.36,17.08,4.09,5.03,32.43,-100
"2023-10-05","09:33:00",4260.2,"26 Oct 5 4220 P BTO 2.20",-220,4258.19,"2023-10-05","16:00:00",-355,"Multiple Reasons",3510,61.36363636363637,26,1154092,5720,"",18.41,18.33,-4.44,0.89,222.73,-100
"2023-10-04","09:33:00",4239.91,"24 Oct 4 4200 P BTO 2.40",-240,4263.75,"2023-10-04","16:00:00",0,"Expired",-5760,-100,24,1150582,5760,"",19.46,18.46,4.38,6.08,110.42,-100
"2023-09-29","09:33:00",4327.21,"23 Sep 29 4285 P BTO 2.50",-250,4288.05,"2023-09-29","16:00:00",-433.04347826086956,"Multiple Reasons",4210,73.21739130434783,23,1156342,5750,"",16.36,17.65,28.48,-0.97,500,-100
"2023-09-27","09:33:00",4289.25,"35 Sep 27 4250 P BTO 1.60",-160,4274.51,"2023-09-27","16:00:00",-249.42857142857142,"Multiple Reasons",3130,55.892857142857146,35,1152132,5600,"",18.32,18.35,9.1,6.62,818.75,-100
"2023-09-22","09:33:00",4341.89,"32 Sep 22 4305 P BTO 1.80",-180,4320.06,"2023-09-22","16:00:00",0,"Expired",-5760,-100,32,1149002,5760,"",16.9,17.21,11.74,0.15,50,-100
"2023-09-20","09:33:00",4452.68,"27 Sep 20 4410 P BTO 2.10",-210,4402.2,"2023-09-20","16:00:00",-717.7777777777778,"Multiple Reasons",13710,241.79894179894183,27,1154762,5670,"",14.04,14.97,8.86,-0.13,328.57,-71.43
"2023-09-14","09:33:00",4489.76,"38 Sep 14 4460 P BTO 1.50",-150,4505.1,"2023-09-14","16:00:00",0,"Expired",-5700,-100,38,1141052,5700,"",13.27,12.88,20.34,1.98,23.33,-100
"2023-09-13","09:33:00",4472.67,"36 Sep 13 4440 P BTO 1.60",-160,4467.44,"2023-09-13","16:00:00",0,"Expired",-5760,-100,36,1146752,5760,"",13.81,13.52,0.75,10.02,112.5,-100
"2023-09-08","09:33:00",4460.46,"33 Sep 8 4430 P BTO 1.75",-175,4457.49,"2023-09-08","16:00:00",0,"Expired",-5775,-100,33,1152512,5775,"",14.23,13.88,0.16,9.16,0,-100
"2023-09-01","09:33:00",4535.84,"30 Sep 1 4500 P BTO 1.90",-190,4515.77,"2023-09-01","16:00:00",-295,"Multiple Reasons",3150,55.26315789473685,30,1158287,5700,"",13.31,13.13,22.94,5.24,218.42,-100
"2023-08-31","09:33:00",4523.38,"36 Aug 31 4490 P BTO 1.60",-160,4507.66,"2023-08-31","16:00:00",0,"Expired",-5760,-100,36,1155137,5760,"",13.87,13.61,2.14,6.37,28.12,-100
"2023-08-30","09:33:00",4507.53,"34 Aug 30 4475 P BTO 1.70",-170,4514.87,"2023-08-30","16:00:00",0,"Expired",-5780,-100,34,1160897,5780,"",14.31,13.86,2.71,7.19,102.94,-100
"2023-08-29","09:33:00",4433.9,"40 Aug 29 4400 P BTO 1.45",-145,4497.63,"2023-08-29","16:00:00",0,"Expired",-5800,-100,40,1166677,5800,"",15.12,14.44,-0.56,1.15,0,-100
"2023-08-25","09:33:00",4398.51,"21 Aug 25 4350 P BTO 2.70",-270,4405.71,"2023-08-25","16:00:00",-437.3809523809524,"Multiple Reasons",3515,61.99294532627866,21,1172477,5670,"",16.68,15.66,13.07,9.13,307.41,-100
"2023-08-24","09:33:00",4447.53,"27 Aug 24 4415 P BTO 2.05",-205,4376.31,"2023-08-24","16:00:00",-2218.037037037037,"Multiple Reasons",54352,981.9692863595302,27,1168962,5535,"",15.83,17.18,19.15,-7.63,1787.32,-48.78
"2023-08-23","09:33:00",4401.15,"28 Aug 23 4370 P BTO 2.00",-200,4436.01,"2023-08-23","16:00:00",0,"Expired",-5600,-100,28,1114610,5600,"",16.85,15.98,8.89,4.71,15,-100
"2023-08-22","09:33:00",4414.25,"31 Aug 22 4380 P BTO 1.75",-175,4387.55,"2023-08-22","16:00:00",-278.7096774193548,"Multiple Reasons",3215,59.2626728110599,31,1120210,5425,"",16.95,16.98,15.56,-1.08,208.57,-100
"2023-08-17","09:33:00",4418.66,"30 Aug 17 4385 P BTO 1.80",-180,4370.36,"2023-08-17","16:00:00",-1042,"Multiple Reasons",25860,478.88888888888886,30,1116995,5400,"",16.56,17.95,11.99,2.34,1019.44,-47.22
"2023-08-16","09:33:00",4433.91,"33 Aug 16 4400 P BTO 1.65",-165,4404.33,"2023-08-16","16:00:00",0,"Expired",-5445,-100,33,1091135,5445,"",16.39,16.83,-4.07,0.12,72.73,-100
"2023-08-10","09:33:00",4498.62,"23 Aug 10 4460 P BTO 2.35",-235,4468.83,"2023-08-10","16:00:00",-451.30434782608694,"Multiple Reasons",4975,92.04440333024976,23,1096580,5405,"",15.02,15.87,19.45,11.46,321.28,-100
"2023-08-09","09:33:00",4498.12,"29 Aug 9 4470 P BTO 1.85",-185,4467.71,"2023-08-09","16:00:00",-467.44827586206895,"Multiple Reasons",8191,152.67474370922648,29,1091605,5365,"",15.92,16.09,2.19,-3.45,635.14,-89.19
"2023-08-04","09:33:00",4521.76,"27 Aug 4 4490 P BTO 1.90",-190,4478.03,"2023-08-04","16:00:00",-967.8148148148148,"Multiple Reasons",21001,409.3762183235867,27,1083414,5130,"",15.1,17.17,12.07,7.8,718.42,-86.84
"2023-07-28","09:33:00",4571.32,"34 Jul 28 4540 P BTO 1.55",-155,4582.23,"2023-07-28","16:00:00",0,"Expired",-5270,-100,34,1062413,5270,"",13.47,13.31,28.34,5.57,48.39,-100
"2023-07-27","09:33:00",4602.58,"42 Jul 27 4575 P BTO 1.15",-115,4537.41,"2023-07-27","16:00:00",-2164.5,"Multiple Reasons",86079,1782.1739130434783,42,1067683,4830,"",12.86,14.62,31.51,4.32,3856.52,-65.22
"2023-07-21","09:33:00",4549.86,"36 Jul 21 4520 P BTO 1.35",-135,4536.34,"2023-07-21","16:00:00",0,"Expired",-4860,-100,36,981604,4860,"",13.77,13.62,15.29,-0.3,140.74,-100
"2023-07-19","09:33:00",4572.27,"43 Jul 19 4545 P BTO 1.15",-115,4565.72,"2023-07-19","16:00:00",0,"Expired",-4945,-100,43,986464,4945,"",13.26,13.67,8.89,8.4,56.52,-100
"2023-07-14","09:33:00",4521.83,"39 Jul 14 4490 P BTO 1.25",-125,4505.42,"2023-07-14","16:00:00",0,"Expired",-4875,-100,39,991409,4875,"",13.65,13.26,4.57,7.22,40,-100
"2023-07-13","09:33:00",4495.07,"33 Jul 13 4470 P BTO 1.50",-150,4510.04,"2023-07-13","16:00:00",0,"Expired",-4950,-100,33,996284,4950,"",13.34,13.54,19.34,3.57,0,-100
"2023-07-12","09:33:00",4477.27,"31 Jul 12 4445 P BTO 1.60",-160,4472.16,"2023-07-12","16:00:00",0,"Expired",-4960,-100,31,1001234,4960,"",14.01,13.54,28.43,9.58,15.62,-100
"2023-07-11","09:33:00",4418.97,"33 Jul 11 4395 P BTO 1.50",-150,4439.26,"2023-07-11","16:00:00",0,"Expired",-4950,-100,33,1006194,4950,"",14.84,14.87,6.02,3.42,96.67,-100
"2023-06-30","09:33:00",4431.21,"30 Jun 30 4400 P BTO 1.65",-165,4450.38,"2023-06-30","16:00:00",0,"Expired",-4950,-100,30,1011144,4950,"",13.36,13.32,26,8.77,3.03,-100
"2023-06-28","09:33:00",4362.97,"30 Jun 28 4340 P BTO 1.65",-165,4376.86,"2023-06-28","16:00:00",0,"Expired",-4950,-100,30,1016094,4950,"",13.82,13.36,-10.93,-4.51,9.09,-100
"2023-06-27","09:33:00",4339.63,"41 Jun 27 4310 P BTO 1.25",-125,4378.41,"2023-06-27","16:00:00",0,"Expired",-5125,-100,41,1021044,5125,"",14.2,13.75,8.54,2.27,0,-100
"2023-06-21","09:33:00",4373.98,"31 Jun 21 4345 P BTO 1.65",-165,4365.69,"2023-06-21","16:00:00",0,"Expired",-5115,-100,31,1026169,5115,"",13.57,13.21,-8.7,-6.03,103.03,-100
"2023-06-16","09:33:00",4441.65,"23 Jun 16 4405 P BTO 2.25",-225,4409.59,"2023-06-16","16:00:00",0,"Expired",-5175,-100,23,1031284,5175,"",14.52,13.55,15.11,0.7,86.67,-100
"2023-06-13","09:33:00",4357.62,"27 Jun 13 4320 P BTO 1.90",-190,4369.01,"2023-06-13","16:00:00",0,"Expired",-5130,-100,27,1036459,5130,"",14.55,14.59,13.68,5.01,0,-100
"2023-06-09","09:33:00",4304.53,"37 Jun 9 4275 P BTO 1.40",-140,4298.86,"2023-06-09","16:00:00",0,"Expired",-5180,-100,37,1041589,5180,"",13.67,13.85,10.95,-0.35,50,-100
"2023-06-07","09:33:00",4290.37,"32 Jun 7 4265 P BTO 1.60",-160,4267.52,"2023-06-07","16:00:00",-242.5,"Multiple Reasons",2640,51.5625,32,1046769,5120,"",13.94,13.92,1.62,4.9,265.62,-100
"2023-06-02","09:33:00",4257.22,"33 Jun 2 4220 P BTO 1.55",-155,4282.37,"2023-06-02","16:00:00",0,"Expired",-5115,-100,33,1044129,5115,"",15.19,14.56,19.99,16.21,74.19,-100
"2023-06-01","09:33:00",4177.75,"31 Jun 1 4145 P BTO 1.65",-165,4221.02,"2023-06-01","16:00:00",0,"Expired",-5115,-100,31,1049244,5115,"",17.55,15.76,3.2,-5.28,6.06,-100
"2023-05-30","09:33:00",4228.71,"31 May 30 4190 P BTO 1.70",-170,4205.52,"2023-05-30","16:00:00",0,"Expired",-5270,-100,31,1054359,5270,"",17.06,17.57,21.26,2,182.35,-100
"2023-05-26","09:33:00",4162.51,"23 May 26 4125 P BTO 2.30",-230,4205.45,"2023-05-26","16:00:00",0,"Expired",-5290,-100,23,1059629,5290,"",18.62,18.02,4.88,6.35,0,-100
"2023-05-25","09:33:00",4137.78,"22 May 25 4095 P BTO 2.40",-240,4151.28,"2023-05-25","16:00:00",0,"Expired",-5280,-100,22,1064919,5280,"",19.35,19.07,40.47,-17.93,18.75,-100
"2023-05-19","09:33:00",4206.56,"28 May 19 4170 P BTO 1.90",-190,4191.98,"2023-05-19","16:00:00",-297.5,"Multiple Reasons",3010,56.57894736842105,28,1070199,5320,"",15.96,16.74,6.1,2.41,310.53,-100
"2023-05-18","09:33:00",4154.52,"34 May 18 4120 P BTO 1.55",-155,4198.05,"2023-05-18","16:00:00",0,"Expired",-5270,-100,34,1067189,5270,"",16.98,16.19,-1.09,-3.16,0,-100
"2023-05-17","09:33:00",4127.66,"34 May 17 4095 P BTO 1.55",-155,4158.77,"2023-05-17","16:00:00",0,"Expired",-5270,-100,34,1072459,5270,"",17.3,16.81,12.95,4.81,80.65,-100
"2023-05-12","09:33:00",4142.78,"34 May 12 4110 P BTO 1.55",-155,4124.08,"2023-05-12","16:00:00",-257.5,"Multiple Reasons",3485,66.12903225806451,34,1077729,5270,"",16.48,16.87,7.92,4.24,738.71,-100
"2023-05-10","09:33:00",4153.07,"29 May 10 4115 P BTO 1.80",-180,4137.64,"2023-05-10","16:00:00",-325.86206896551727,"Multiple Reasons",4230,81.03448275862068,29,1074244,5220,"",16.53,16.91,24.57,9.33,902.78,-100
"2023-05-05","09:33:00",4105.41,"22 May 5 4065 P BTO 2.35",-235,4136.25,"2023-05-05","16:00:00",0,"Expired",-5170,-100,22,1070014,5170,"",18.12,16.99,23.51,20.68,6.38,-100
"2023-04-28","09:33:00",4132.21,"31 Apr 28 4100 P BTO 1.70",-170,4169.48,"2023-04-28","16:00:00",0,"Expired",-5270,-100,31,1075184,5270,"",16.68,15.9,-5.72,2.58,32.35,-100
"2023-04-27","09:33:00",4081.18,"31 Apr 27 4050 P BTO 1.70",-170,4135.35,"2023-04-27","16:00:00",0,"Expired",-5270,-100,31,1080454,5270,"",17.95,16.99,19.3,5.89,29.41,-100
"2023-04-19","09:33:00",4138.54,"37 Apr 19 4110 P BTO 1.45",-145,4154.52,"2023-04-19","16:00:00",0,"Expired",-5365,-100,37,1085724,5365,"",16.75,16.32,-15.54,-0.79,51.72,-100
"2023-04-18","09:33:00",4164.4,"45 Apr 18 4135 P BTO 1.20",-120,4154.87,"2023-04-18","16:00:00",-194.22222222222223,"Multiple Reasons",3340,61.851851851851855,45,1091089,5400,"",16.93,16.82,12.94,0.14,425,-100
"2023-04-14","09:33:00",4142.36,"34 Apr 14 4110 P BTO 1.55",-155,4137.64,"2023-04-14","16:00:00",-245,"Multiple Reasons",3060,58.06451612903226,34,1087749,5270,"",17.84,17.12,-6.11,2.25,222.58,-100
"2023-04-13","09:33:00",4105.25,"33 Apr 13 4075 P BTO 1.65",-165,4146.22,"2023-04-13","16:00:00",0,"Expired",-5445,-100,33,1084689,5445,"",18.53,17.83,8.09,5.21,36.36,-100
"2023-04-12","09:33:00",4133.32,"33 Apr 12 4095 P BTO 1.60",-160,4091.95,"2023-04-12","16:00:00",-420.90909090909093,"Multiple Reasons",8610,163.06818181818184,33,1090134,5280,"",18.54,19.1,12.78,11.6,618.75,-75
"2023-03-31","09:33:00",4066.43,"31 Mar 31 4030 P BTO 1.70",-170,4109.31,"2023-03-31","16:00:00",0,"Expired",-5270,-100,31,1081524,5270,"",18.92,18.87,5.35,10.25,0,-100
"2023-03-30","09:33:00",4054.48,"30 Mar 30 4020 P BTO 1.80",-180,4050.83,"2023-03-30","16:00:00",0,"Expired",-5400,-100,30,1086794,5400,"",19.02,19.06,18.93,7.74,44.44,-100
"2023-03-29","09:33:00",4011.13,"31 Mar 29 3970 P BTO 1.75",-175,4027.81,"2023-03-29","16:00:00",0,"Expired",-5425,-100,31,1092194,5425,"",19.25,19.13,28.26,11.6,20,-100
"2023-03-23","09:33:00",3970.58,"17 Mar 23 3920 P BTO 3.05",-305,3948.72,"2023-03-23","16:00:00",-524.1176470588235,"Multiple Reasons",3725,71.84185149469624,17,1097619,5185,"",20.87,22.87,22.24,11.37,260.66,-100
"2023-03-22","09:33:00",3998.94,"13 Mar 22 3920 P BTO 3.95",-395,3936.97,"2023-03-22","16:00:00",0,"Expired",-5135,-100,13,1093894,5135,"",20.9,22.3,-0.83,-3.1,32.91,-100
"2023-03-09","09:33:00",3999.59,"27 Mar 9 3965 P BTO 1.85",-185,3918.32,"2023-03-09","16:00:00",-2602.740740740741,"Multiple Reasons",65279,1306.886886886887,27,1099029,4995,"",19.24,22.38,6.65,0.93,2851.35,-75.68
"2023-03-03","09:33:00",3997.23,"28 Mar 3 3955 P BTO 1.80",-180,4045.64,"2023-03-03","16:00:00",0,"Expired",-5040,-100,28,1033750,5040,"",19.37,18.5,16.67,-0.79,11.11,-100
"2023-03-01","09:33:00",3962.11,"21 Mar 1 3925 P BTO 2.40",-240,3951.39,"2023-03-01","16:00:00",0,"Expired",-5040,-100,21,1038790,5040,"",20.74,20.63,-6.81,-1.23,91.67,-100
"2023-02-15","09:33:00",4116.63,"24 Feb 15 4070 P BTO 2.10",-210,4147.6,"2023-02-15","16:00:00",0,"Expired",-5040,-100,24,1043830,5040,"",18.7,18.26,-16.63,-2.87,14.29,-100
"2023-02-14","09:33:00",4106.51,"15 Feb 14 4040 P BTO 3.50",-350,4136.13,"2023-02-14","16:00:00",0,"Expired",-5250,-100,15,1048870,5250,"",20.1,18.69,-10.59,-20.19,0,-100
"2023-02-09","09:33:00",4151.59,"23 Feb 9 4105 P BTO 2.15",-215,4081.5,"2023-02-09","16:00:00",-1504.7826086956522,"Multiple Reasons",29665,599.8988877654197,23,1054120,4945,"",19.23,20.75,26.39,7.34,1513.95,-41.86
"2023-02-03","09:33:00",4139.3,"16 Feb 3 4090 P BTO 3.05",-305,4136.48,"2023-02-03","16:00:00",0,"Expired",-4880,-100,16,1024455,4880,"",18.38,18.42,-43.07,2.61,11.48,-100
"2023-02-02","09:33:00",4160.27,"22 Feb 2 4115 P BTO 2.25",-225,4179.76,"2023-02-02","16:00:00",0,"Expired",-4950,-100,22,1029335,4950,"",17.43,18.36,39.47,1.59,122.22,-100
"2023-01-27","09:33:00",4053.89,"20 Jan 27 4010 P BTO 2.50",-250,4070.56,"2023-01-27","16:00:00",0,"Expired",-5000,-100,20,1034285,5000,"",18.68,18.38,-6.71,0.17,14,-100
"2023-01-26","09:33:00",4050.46,"22 Jan 26 4005 P BTO 2.30",-230,4060.43,"2023-01-26","16:00:00",-400,"Multiple Reasons",3740,73.91304347826086,22,1039285,5060,"",19.06,18.75,19.86,14.38,273.91,-100
"2023-01-20","09:33:00",3903.83,"24 Jan 20 3860 P BTO 2.15",-215,3972.61,"2023-01-20","16:00:00",0,"Expired",-5160,-100,24,1035545,5160,"",20.62,19.78,10.19,-5.21,16.28,-100
"2023-01-18","09:33:00",4000.76,"23 Jan 18 3960 P BTO 2.10",-210,3928.86,"2023-01-18","16:00:00",-1818,"Multiple Reasons",36984,765.7142857142858,23,1040705,4830,"",19.1,20.3,11.28,-1.49,1480.95,-76.19
"2023-01-12","09:33:00",3969.62,"15 Jan 12 3910 P BTO 3.20",-320,3983.17,"2023-01-12","16:00:00",0,"Expired",-4800,-100,15,1003721,4800,"",20.04,18.88,7.96,-7.95,129.69,-100
"2022-12-21","09:33:00",3845.26,"21 Dec 21 3805 P BTO 2.40",-240,3878.44,"2022-12-21","16:00:00",0,"Expired",-5040,-100,21,1008521,5040,"",20.46,20.08,17.87,5.77,2.08,-100
"2022-12-06","09:33:00",3999.43,"29 Dec 6 3960 P BTO 1.65",-165,3941.26,"2022-12-06","16:00:00",-1194.344827586207,"Multiple Reasons",29851,623.8453500522467,29,1013561,4785,"",20.42,22.15,-2.21,2.8,2415.15,-12.12
"2022-12-01","09:33:00",4093.65,"18 Dec 1 4050 P BTO 2.60",-260,4076.57,"2022-12-01","16:00:00",-435,"Multiple Reasons",3150,67.3076923076923,18,983710,4680,"",20.54,19.89,7.03,6.51,411.54,-100
"2022-08-16","09:33:00",4292.58,"24 Aug 16 4255 P BTO 2.00",-200,4305.2,"2022-08-16","16:00:00",0,"Expired",-4800,-100,24,980560,4800,"",19.92,19.64,-6.68,2.12,55,-100
"2022-08-12","09:33:00",4226.67,"27 Aug 12 4185 P BTO 1.80",-180,4280.15,"2022-08-12","16:00:00",0,"Expired",-4860,-100,27,985360,4860,"",19.92,19.56,17.75,1.65,33.33,-100
"2022-08-11","09:33:00",4237.41,"21 Aug 11 4195 P BTO 2.30",-230,4207.27,"2022-08-11","16:00:00",0,"Expired",-4830,-100,21,990220,4830,"",19.75,20.17,17.16,10.01,28.26,-100
"2022-08-10","09:33:00",4187.72,"18 Aug 10 4140 P BTO 2.75",-275,4210.24,"2022-08-10","16:00:00",0,"Expired",-4950,-100,18,995050,4950,"",20.49,19.68,58.55,6.7,12.73,-100
