"Date Opened","Time Opened","Opening Price","Legs","Premium","Closing Price","Date Closed","Time Closed","Avg. Closing Cost","Reason For Close","P/L","P/L %","No. of Contracts","Funds at Close","Margin Req.","Strategy","Opening Commissions + Fees","Closing Commissions + Fees","Opening Short/Long Ratio","Closing Short/Long Ratio","Opening VIX","Closing VIX","Gap","Movement","Max Profit","Max Loss"
"2026-03-05","15:15:00",6802.05,"31 Mar 6 6825 C BTO 25.85 | 31 Mar 6 6875 C STO 7.90",-1820,6736.77,"2026-03-06","09:35:00",-320,"Exited at Specified Time",-46658.72,-82.6989010989011,31,530466.08,56420,"",110.36,48.36,0.306,0.169,24.35,27.65,-18.42,-49.03,39.01,-81.59
"2026-02-23","15:15:00",6823.53,"37 Feb 24 6840 C BTO 19.80 | 37 Feb 24 6890 C STO 4.20",-1585,6823.53,"2026-02-24","09:35:00",-1320,"Exited at Specified Time",-9994.44,-17.042271293375393,37,577124.8,58645,"",131.72,57.72,0.212,0.143,21.71,21.89,-8.26,-77.72,22.71,-15.14
"2026-02-19","15:15:00",6848.44,"37 Feb 20 6870 C BTO 19.25 | 37 Feb 20 6920 C STO 3.55",-1595,6850.65,"2026-02-20","09:35:00",-1240,"Exited at Specified Time",-13324.44,-22.57805642633229,37,587119.24,59015,"",131.72,57.72,0.184,0.109,20.53,20.8,-19.97,-12.9,17.24,-37.3
"2026-02-12","15:15:00",6868.43,"40 Feb 13 6890 C BTO 20.60 | 40 Feb 13 6940 C STO 4.90",-1595,6831.53,"2026-02-13","09:35:00",-515,"Exited at Specified Time",-43404.8,-68.03260188087775,40,600443.68,63800,"",142.4,62.4,0.238,0.176,19.72,21.09,16.07,-89.11,0,-66.14
"2026-02-05","15:15:00",6819.94,"36 Feb 6 6845 C BTO 25.25 | 36 Feb 6 6895 C STO 8.50",-1700,6861.52,"2026-02-06","09:35:00",-2455,"Exited at Specified Time",26995.68,44.11058823529412,36,643848.48,61200,"",128.16,56.16,0.337,0.281,20.42,19.53,-45.33,-17.45,48.24,-38.82
"2025-11-20","15:15:00",6577.24,"35 Nov 21 6605 C BTO 28.90 | 35 Nov 21 6655 C STO 11.30",-1785,6567.64,"2025-11-21","09:35:00",-1180,"Exited at Specified Time",-21354.2,-34.180392156862744,35,616852.8,62475,"",124.6,54.6,0.391,0.309,25.36,25.21,95.77,-160.69,8.68,-41.74
"2025-11-17","15:15:00",6643.9,"39 Nov 18 6665 C BTO 23.85 | 39 Nov 18 6715 C STO 7.70",-1640,6644.6,"2025-11-18","09:35:00",-1340,"Exited at Specified Time",-11899.68,-18.60487804878049,39,638207,63960,"",138.84,60.84,0.323,0.216,23.18,23.73,-20.5,-69.71,37.2,-42.38
"2025-11-13","15:15:00",6734.93,"44 Nov 14 6755 C BTO 22.65 | 44 Nov 14 6805 C STO 6.95",-1595,6651.28,"2025-11-14","09:35:00",-145,"Exited at Specified Time",-64025.28,-91.23009404388715,44,650106.68,70180,"",156.64,68.64,0.307,0.227,21.04,22.94,-24.45,-91.54,15.67,-89.34
"2025-10-22","15:15:00",6690.89,"54 Oct 23 6705 C BTO 14.15 | 54 Oct 23 6755 C STO 1.50",-1290,6707.13,"2025-10-23","09:35:00",-1500,"Exited at Specified Time",11063.52,15.88217054263566,54,714131.96,69660,"",192.24,84.24,0.106,0.073,19.01,18.81,5.99,-50.45,36.05,-1.55
"2025-10-16","15:15:00",6616.93,"40 Oct 17 6640 C BTO 25.20 | 40 Oct 17 6690 C STO 8.20",-1725,6624.73,"2025-10-17","09:35:00",-1635,"Exited at Specified Time",-3804.8,-5.5142028985507245,40,703068.44,69000,"",142.4,62.4,0.325,0.256,24.33,24.05,17.96,-72.09,11.88,-18.26
"2025-10-15","15:15:00",6673.31,"48 Oct 16 6690 C BTO 17.30 | 48 Oct 16 6740 C STO 3.15",-1440,6692.64,"2025-10-16","09:35:00",-1755,"Exited at Specified Time",14874.24,21.519444444444442,48,706873.24,69120,"",170.88,74.88,0.182,0.11,20.45,20.41,43.96,-14.96,37.15,-33.68
"2025-10-10","15:15:00",6588.07,"38 Oct 13 6610 C BTO 24.25 | 38 Oct 13 6660 C STO 7.20",-1730,6629.55,"2025-10-13","09:35:00",-2530,"Exited at Specified Time",30205.44,45.94682080924856,38,691999,65740,"",135.28,59.28,0.297,0.221,21.39,20.24,5.38,-152.42,64.74,-36.42
"2025-08-01","15:15:00",6234.75,"40 Aug 4 6255 C BTO 18.60 | 40 Aug 4 6305 C STO 4.30",-1455,6288.58,"2025-08-04","09:35:00",-3145,"Exited at Specified Time",67395.2,115.79931271477662,40,661793.56,58200,"",142.4,62.4,0.231,0.151,20.95,18.33,-52.11,-52.53,117.87,-5.84
"2025-06-20","15:15:00",5960.46,"46 Jun 23 5980 C BTO 16.30 | 46 Jun 23 6030 C STO 2.95",-1360,5963.22,"2025-06-23","09:35:00",-680,"Exited at Specified Time",-31515.52,-50.37647058823529,46,594398.36,62560,"",163.76,71.76,0.181,0.054,20.81,21.02,18.8,-39.21,14.71,-49.26
"2025-06-17","15:15:00",5985.83,"43 Jun 18 6005 C BTO 19.60 | 43 Jun 18 6055 C STO 4.65",-1520,5981.91,"2025-06-18","09:35:00",-795,"Exited at Specified Time",-31395.16,-48.03421052631579,43,625913.88,65360,"",153.08,67.08,0.237,0.089,21.28,20.92,-20.96,-26.32,6.58,-46.05
"2025-06-13","15:15:00",5982.28,"38 Jun 16 6000 C BTO 20.55 | 38 Jun 16 6050 C STO 4.80",-1600,6021.32,"2025-06-16","09:35:00",-2520,"Exited at Specified Time",34765.44,57.18000000000001,38,657309.04,60800,"",135.28,59.28,0.234,0.08,20.84,19.41,-44.7,-18.28,59.06,-26.56
"2025-05-29","15:15:00",5897.13,"46 May 30 5915 C BTO 19.15 | 46 May 30 5965 C STO 5.30",-1410,5893.12,"2025-05-30","09:35:00",-830,"Exited at Specified Time",-26915.52,-41.49787234042554,46,622543.6,64860,"",163.76,71.76,0.277,0.128,19.09,19.49,51.41,-42.83,26.24,-45.74
"2025-05-21","15:15:00",5847.39,"49 May 22 5865 C BTO 18.40 | 49 May 22 5915 C STO 4.80",-1385,5828.45,"2025-05-22","09:35:00",-600,"Exited at Specified Time",-38715.88,-57.04837545126353,49,649459.12,67865,"",174.44,76.44,0.261,0.132,20.41,21.43,-30.28,-62.79,14.44,-55.23
"2025-05-09","15:15:00",5670.41,"37 May 12 5695 C BTO 26.55 | 37 May 12 5745 C STO 11.50",-1530,5808.16,"2025-05-12","09:35:00",-4680,"Exited at Specified Time",116360.56,205.54771241830068,37,688175,56610,"",131.72,57.72,0.433,0.589,21.97,19.36,15.71,-9.24,208.82,-17.97
"2025-04-28","15:15:00",5515.7,"41 Apr 29 5535 C BTO 19.60 | 41 Apr 29 5585 C STO 5.65",-1420,5514.82,"2025-04-29","09:35:00",-1075,"Exited at Specified Time",-14354.92,-24.656338028169014,41,571814.44,58220,"",145.96,63.96,0.288,0.185,25.2,25.41,4.01,-13.52,44.01,-26.76
"2025-04-23","15:15:00",5372.37,"37 Apr 24 5400 C BTO 28.25 | 37 Apr 24 5450 C STO 12.45",-1605,5379.65,"2025-04-24","09:35:00",-1295,"Exited at Specified Time",-11659.44,-19.633644859813085,37,586169.36,59385,"",131.72,57.72,0.441,0.298,28.86,27.81,108.16,-23.55,12.46,-20.87
"2025-04-21","15:15:00",5116.8,"32 Apr 22 5140 C BTO 28.60 | 32 Apr 22 5190 C STO 12.60",-1625,5210.25,"2025-04-22","09:35:00",-3840,"Exited at Specified Time",70716.16,135.9926153846154,32,597828.8,52000,"",113.92,49.92,0.441,0.5,34.72,31.59,-49.76,-116.14,143.38,-2.77
"2025-04-17","15:15:00",5290.08,"36 Apr 21 5320 C BTO 27.65 | 36 Apr 21 5370 C STO 11.80",-1610,5221.08,"2025-04-21","09:35:00",-125,"Exited at Specified Time",-53644.32,-92.55403726708073,36,527112.64,57960,"",128.16,56.16,0.427,0.268,30.59,32.14,29.75,-15.37,12.42,-90.99
"2025-04-08","15:15:00",4982.72,"30 Apr 9 5045 C BTO 60.20 | 30 Apr 9 5095 C STO 40.75",-1970,4969.31,"2025-04-09","09:35:00",-1585,"Exited at Specified Time",-11703.6,-19.803045685279187,30,580756.96,59100,"",106.8,46.8,0.677,0.625,53.78,51.07,131.32,-210.85,5.58,-31.73
"2025-03-28","15:15:00",5584.07,"41 Mar 31 5610 C BTO 24.60 | 41 Mar 31 5660 C STO 9.05",-1580,5505.61,"2025-03-31","09:35:00",-135,"Exited at Specified Time",-59454.92,-91.77974683544304,41,592460.56,64780,"",145.96,63.96,0.368,0.2,21.33,24.51,-14.11,-95.13,0,-89.87
"2025-03-18","15:15:00",5617.06,"43 Mar 19 5640 C BTO 22.30 | 43 Mar 19 5690 C STO 7.90",-1465,5631.94,"2025-03-19","09:35:00",-1685,"Exited at Specified Time",9239.84,14.667576791808873,43,651915.48,62995,"",153.08,67.08,0.354,0.266,21.54,21.58,-20.59,-37.47,26.28,-19.45
"2025-03-13","15:15:00",5536.43,"41 Mar 14 5560 C BTO 23.40 | 41 Mar 14 5610 C STO 8.90",-1475,5574.9,"2025-03-14","09:35:00",-2300,"Exited at Specified Time",33615.08,55.585084745762714,41,642675.64,60475,"",145.96,63.96,0.38,0.307,24.89,23.71,-4.85,-58.02,57.63,-37.63
"2025-03-12","15:15:00",5610.57,"41 Mar 13 5635 C BTO 23.60 | 41 Mar 13 5685 C STO 8.60",-1525,5591.63,"2025-03-13","09:35:00",-770,"Exited at Specified Time",-31164.92,-49.84393442622951,41,609060.56,62525,"",145.96,63.96,0.364,0.197,24.08,24.19,52.77,-14.27,0,-53.77
"2025-03-06","15:15:00",5742.33,"38 Mar 7 5775 C BTO 35.00 | 38 Mar 7 5825 C STO 17.90",-1735,5736.43,"2025-03-07","09:35:00",-1210,"Exited at Specified Time",-20144.56,-30.554466858789624,38,640225.48,65930,"",135.28,59.28,0.511,0.343,25.07,24.64,-56.76,-43.54,3.46,-38.04
"2025-03-03","15:15:00",5840.04,"45 Mar 4 5865 C BTO 24.40 | 45 Mar 4 5915 C STO 8.90",-1575,5793.56,"2025-03-04","09:35:00",-475,"Exited at Specified Time",-49730.4,-70.16634920634921,45,660370.04,70875,"",160.2,70.2,0.365,0.187,23,24.71,13.83,-128.29,8.25,-69.52
"2025-02-27","15:15:00",5885.63,"49 Feb 28 5905 C BTO 21.95 | 49 Feb 28 5955 C STO 6.70",-1550,5844.75,"2025-02-28","09:35:00",-470,"Exited at Specified Time",-53170.88,-70.00774193548386,49,710100.44,75950,"",174.44,76.44,0.305,0.132,20.6,22.04,25.82,-96.25,7.1,-68.06
"2025-02-26","15:15:00",5946.3,"44 Feb 27 5965 C BTO 22.20 | 44 Feb 27 6015 C STO 6.25",-1620,5984.86,"2025-02-27","09:35:00",-2525,"Exited at Specified Time",39594.72,55.548148148148144,44,763271.32,71280,"",156.64,68.64,0.282,0.203,19.6,18.14,15.62,-24.57,58.33,-4.01
"2025-02-25","15:15:00",5965.25,"53 Feb 26 5980 C BTO 16.45 | 53 Feb 26 6030 C STO 2.90",-1380,5967.45,"2025-02-26","09:35:00",-1000,"Exited at Specified Time",-20411.36,-27.907246376811596,53,723676.6,73140,"",188.68,82.68,0.176,0.064,19.34,19.49,-0.52,-17.48,30.07,-35.51
"2025-01-14","15:15:00",5816.36,"41 Jan 15 5840 C BTO 23.00 | 41 Jan 15 5890 C STO 8.00",-1525,5928.79,"2025-01-15","09:35:00",-4410,"Exited at Specified Time",118075.08,188.8445901639344,41,744087.96,62525,"",145.96,63.96,0.348,0.499,19.44,16.92,23.05,-42.91,195.41,0
"2025-01-10","15:15:00",5828.96,"52 Jan 13 5845 C BTO 16.40 | 52 Jan 13 5895 C STO 3.50",-1315,5783.2,"2025-01-13","09:35:00",-190,"Exited at Specified Time",-58766.24,-85.94068441064638,52,626012.88,68380,"",185.12,81.12,0.213,0.104,19.07,21.12,-27.9,-61.39,4.56,-85.55
"2024-12-19","15:15:00",5887.91,"49 Dec 20 5905 C BTO 19.40 | 49 Dec 20 5955 C STO 4.80",-1485,5847.04,"2024-12-20","09:35:00",-330,"Exited at Specified Time",-56845.88,-78.12255892255891,49,684779.12,72765,"",174.44,76.44,0.247,0.174,23.56,22.91,40.55,-24.8,18.18,-80.81
"2024-12-18","15:15:00",5957.31,"52 Dec 19 5975 C BTO 20.30 | 52 Dec 19 6025 C STO 5.40",-1515,5933.18,"2024-12-19","09:35:00",-365,"Exited at Specified Time",-60066.24,-76.24554455445544,52,741625,78780,"",185.12,81.12,0.266,0.17,19.22,20.19,-2.96,-90.34,2.97,-84.49
"2024-11-04","15:15:00",5718.65,"64 Nov 5 5730 C BTO 13.40 | 64 Nov 5 5780 C STO 1.65",-1200,5736.68,"2024-11-05","09:35:00",-1655,"Exited at Specified Time",28792.32,37.49,64,801691.24,76800,"",227.84,99.84,0.123,0.067,21.84,21.34,-3.65,-6.5,45.42,-22.92
"2024-10-31","15:15:00",5729.03,"54 Nov 1 5750 C BTO 18.90 | 54 Nov 1 5800 C STO 4.50",-1465,5739.55,"2024-11-01","09:35:00",-865,"Exited at Specified Time",-32676.48,-41.30511945392492,54,772898.92,79110,"",192.24,84.24,0.238,0.063,22.49,21.74,-38.33,-46.31,8.19,-47.78
"2024-10-25","15:15:00",5811.02,"66 Oct 28 5825 C BTO 11.75 | 66 Oct 28 5875 C STO 0.85",-1115,5839.86,"2024-10-28","09:35:00",-2025,"Exited at Specified Time",59722.08,81.15515695067265,66,805575.4,73590,"",234.96,102.96,0.072,0.049,20.02,19.03,16.89,-15.73,92.38,-21.52
"2024-10-24","15:15:00",5810.88,"61 Oct 25 5820 C BTO 11.30 | 61 Oct 25 5870 C STO 0.65",-1090,5839.72,"2024-10-25","09:35:00",-2260,"Exited at Specified Time",71057.68,106.86972477064218,61,745853.32,66490,"",217.16,95.16,0.058,0.042,19.12,18.5,20.38,-6.92,137.16,-5.5
"2024-10-23","15:15:00",5786.59,"59 Oct 24 5800 C BTO 11.40 | 59 Oct 24 5850 C STO 1.00",-1065,5808.71,"2024-10-24","09:35:00",-1715,"Exited at Specified Time",38047.92,60.55211267605634,59,674795.64,62835,"",210.04,92.04,0.088,0.054,19.53,19.14,-16.7,-47.91,65.26,0
"2024-10-15","15:15:00",5809.83,"57 Oct 16 5820 C BTO 12.40 | 57 Oct 16 5870 C STO 1.20",-1145,5814.54,"2024-10-16","09:35:00",-760,"Exited at Specified Time",-22236.84,-34.071615720524015,57,636747.72,65265,"",202.92,88.92,0.097,0.025,20.74,20.83,6.89,-56.91,16.16,-35.81
"2024-10-10","15:15:00",5769.71,"47 Oct 11 5780 C BTO 14.25 | 47 Oct 11 5830 C STO 0.95",-1355,5789.5,"2024-10-11","09:35:00",-1635,"Exited at Specified Time",12919.36,20.286346863468633,47,658984.56,63685,"",167.32,73.32,0.067,0.038,21.21,20.6,-13.68,-8.65,36.9,-5.17
"2024-10-07","15:15:00",5696.58,"48 Oct 8 5710 C BTO 14.55 | 48 Oct 8 5760 C STO 1.80",-1300,5717.43,"2024-10-08","09:35:00",-1655,"Exited at Specified Time",16794.24,26.913846153846162,48,646065.2,62400,"",170.88,74.88,0.124,0.045,22.32,22.05,-13.27,-41.22,48.08,-23.46
"2024-10-03","15:15:00",5684.93,"36 Oct 4 5705 C BTO 19.95 | 36 Oct 4 5755 C STO 4.75",-1545,5740.96,"2024-10-04","09:35:00",-3230,"Exited at Specified Time",60475.68,108.73009708737864,36,629270.96,55620,"",128.16,56.16,0.238,0.224,20.56,19.26,-11.35,-13.26,110.68,-3.56
"2024-09-06","15:15:00",5418.93,"40 Sep 9 5440 C BTO 17.20 | 40 Sep 9 5490 C STO 4.55",-1290,5454.88,"2024-09-09","09:35:00",-2350,"Exited at Specified Time",42195.2,81.7736434108527,40,568795.28,51600,"",142.4,62.4,0.265,0.175,22.06,20.82,3.92,-88.4,84.11,-26.74
"2024-09-05","15:15:00",5503.35,"34 Sep 6 5525 C BTO 20.40 | 34 Sep 6 5575 C STO 5.30",-1535,5518.15,"2024-09-06","09:35:00",-1445,"Exited at Specified Time",-3234.08,-6.196742671009773,34,526600.08,52190,"",121.04,53.04,0.26,0.165,20.04,18.92,0.01,-16.73,10.1,-25.73
"2024-09-03","15:15:00",5536.57,"44 Sep 4 5550 C BTO 15.50 | 44 Sep 4 5600 C STO 3.10",-1265,5520.23,"2024-09-04","09:35:00",-640,"Exited at Specified Time",-27725.28,-49.81185770750988,44,529834.16,55660,"",156.64,68.64,0.2,0.095,20.05,21.99,-24.51,-87.32,3.56,-64.03
"2024-08-12","15:15:00",5340.01,"32 Aug 13 5355 C BTO 18.00 | 32 Aug 13 5405 C STO 2.45",-1580,5388.8,"2024-08-13","09:35:00",-3135,"Exited at Specified Time",49596.16,98.09367088607596,32,557559.44,50560,"",113.92,49.92,0.136,0.21,20.5,19.5,7.72,-11.87,100,-15.19
"2024-08-07","15:15:00",5222.67,"28 Aug 8 5245 C BTO 27.45 | 28 Aug 8 5295 C STO 10.50",-1720,5254.48,"2024-08-08","09:35:00",-2135,"Exited at Specified Time",11476.64,23.830232558139535,28,507963.28,48160,"",99.68,43.68,0.383,0.315,27.24,25.86,53.1,-70.46,25.58,-26.45
"2024-08-01","15:15:00",5421.88,"35 Aug 2 5445 C BTO 24.90 | 35 Aug 2 5495 C STO 9.65",-1550,5354.44,"2024-08-02","09:35:00",-200,"Exited at Specified Time",-47429.2,-87.42709677419354,35,496486.64,54250,"",124.6,54.6,0.388,0.237,19.08,21.41,15.54,-115.96,37.1,-85.48
"2024-04-15","15:15:00",5060.97,"41 Apr 16 5080 C BTO 17.00 | 41 Apr 16 5130 C STO 3.85",-1340,5065.7,"2024-04-16","09:35:00",-1065,"Exited at Specified Time",-11484.92,-20.904477611940298,41,543915.84,54940,"",145.96,63.96,0.226,0.103,19.16,18.91,26.26,-88.7,10.07,-25.75
"2023-10-27","15:15:00",4110.61,"38 Oct 30 4125 C BTO 15.45 | 38 Oct 30 4175 C STO 2.70",-1300,4153.48,"2023-10-30","09:35:00",-2790,"Exited at Specified Time",56425.44,114.22153846153846,38,555400.76,49400,"",135.28,59.28,0.175,0.148,21.57,20.34,15.7,-42.32,116.54,-21.15
"2023-10-26","15:15:00",4157.59,"43 Oct 27 4170 C BTO 14.10 | 43 Oct 27 4220 C STO 2.25",-1210,4151.32,"2023-10-27","09:35:00",-665,"Exited at Specified Time",-23655.16,-45.46446280991736,43,498975.32,52030,"",153.08,67.08,0.16,0.074,20.55,20.19,-10.78,-18.4,3.31,-51.24
"2023-10-25","15:15:00",4184.44,"48 Oct 26 4200 C BTO 12.30 | 48 Oct 26 4250 C STO 1.35",-1120,4180.99,"2023-10-26","09:35:00",-760,"Exited at Specified Time",-17525.76,-32.599999999999994,48,522630.48,53760,"",170.88,74.88,0.11,0.082,20.7,20.65,-15.26,-47.98,28.12,-33.93
"2023-10-20","15:15:00",4235.45,"47 Oct 23 4250 C BTO 14.40 | 47 Oct 23 4300 C STO 2.15",-1250,4203.98,"2023-10-23","09:35:00",-125,"Exited at Specified Time",-53115.64,-90.40959999999998,47,540156.24,58750,"",167.32,73.32,0.149,0.062,21.01,22.05,-4.15,-38.4,13.2,-88
"2023-10-19","15:15:00",4280.38,"53 Oct 20 4295 C BTO 13.80 | 53 Oct 20 4345 C STO 2.20",-1185,4269.98,"2023-10-20","09:35:00",-475,"Exited at Specified Time",-37901.36,-60.34767932489451,53,593271.88,62805,"",188.68,82.68,0.159,0.065,20.82,20.9,6.76,-40.98,7.59,-63.71
"2023-10-18","15:15:00",4318.38,"50 Oct 19 4330 C BTO 14.60 | 50 Oct 19 4380 C STO 2.05",-1280,4322.01,"2023-10-19","09:35:00",-1035,"Exited at Specified Time",-12506,-19.540625,50,631173.24,64000,"",178,78,0.14,0.07,19.86,19.19,-15.85,-38.97,5.47,-33.59
"2023-10-13","15:15:00",4333.73,"47 Oct 16 4345 C BTO 14.90 | 47 Oct 16 4395 C STO 2.10",-1305,4358.56,"2023-10-16","09:35:00",-1850,"Exited at Specified Time",25374.36,41.37011494252874,47,643679.24,61335,"",167.32,73.32,0.141,0.058,19.1,18.04,10.88,-26.76,43.68,-32.57
"2023-10-03","15:15:00",4220.09,"48 Oct 4 4230 C BTO 13.70 | 48 Oct 4 4280 C STO 1.70",-1225,4241.3,"2023-10-04","09:35:00",-1810,"Exited at Specified Time",27834.24,47.33714285714286,48,618304.88,58800,"",170.88,74.88,0.124,0.076,20.35,19.37,-18.64,-49.66,49.8,-10.61
"2023-09-26","15:15:00",4272.34,"53 Sep 27 4285 C BTO 11.90 | 53 Sep 27 4335 C STO 1.15",-1100,4288.55,"2023-09-27","09:35:00",-1225,"Exited at Specified Time",6353.64,10.89818181818182,53,590470.64,58300,"",188.68,82.68,0.097,0.038,19.15,18.34,-24.56,-40.54,23.64,-20
"2023-05-24","15:15:00",4113.87,"51 May 25 4125 C BTO 11.35 | 51 May 25 4175 C STO 1.00",-1060,4139.41,"2023-05-25","09:35:00",-1895,"Exited at Specified Time",42323.88,78.29056603773586,51,584117,54060,"",181.56,79.56,0.088,0.096,20.15,19.25,-12.62,-19.09,92.92,-4.25
"2023-05-04","15:15:00",4061.51,"39 May 5 4075 C BTO 13.70 | 39 May 5 4125 C STO 1.85",-1210,4105.45,"2023-05-05","09:35:00",-2875,"Exited at Specified Time",64735.32,137.1801652892562,39,541793.12,47190,"",138.84,60.84,0.135,0.123,20.06,18.16,-8.2,-21.04,142.15,-14.05
"2023-04-26","15:15:00",4056.45,"41 Apr 27 4065 C BTO 10.90 | 41 Apr 27 4115 C STO 0.70",-1045,4082.72,"2023-04-27","09:35:00",-1985,"Exited at Specified Time",38330.08,89.46220095693779,41,477057.8,42845,"",145.96,63.96,0.064,0.015,19.16,17.92,16.15,-31.33,92.34,-28.23
"2023-04-25","15:15:00",4081.45,"49 Apr 26 4095 C BTO 10.10 | 49 Apr 26 4145 C STO 0.95",-940,4079.49,"2023-04-26","09:35:00",-385,"Exited at Specified Time",-27445.88,-59.58723404255319,49,438727.72,46060,"",174.44,76.44,0.094,0.024,19.28,18.81,-10.61,-44.98,5.32,-59.57
"2023-04-12","15:15:00",4094.6,"42 Apr 13 4105 C BTO 11.70 | 42 Apr 13 4155 C STO 0.85",-1110,4105.43,"2023-04-13","09:35:00",-875,"Exited at Specified Time",-10085.04,-21.632432432432434,42,466173.6,46620,"",149.52,65.52,0.073,0.022,19.16,18.55,12.78,-27.12,0,-37.84
"2023-04-05","15:15:00",4083.08,"53 Apr 6 4090 C BTO 9.70 | 53 Apr 6 4140 C STO 0.45",-950,4074.95,"2023-04-06","09:35:00",-395,"Exited at Specified Time",-29686.36,-58.96,53,476258.64,50350,"",188.68,82.68,0.046,0.023,19.28,19.84,-6.1,-11.42,31.05,-55.79
"2023-04-04","15:15:00",4095.29,"53 Apr 5 4105 C BTO 10.15 | 53 Apr 5 4155 C STO 0.50",-990,4093.8,"2023-04-05","09:35:00",-490,"Exited at Specified Time",-26771.36,-51.022222222222226,53,505945,52470,"",188.68,82.68,0.049,0.019,19.33,19.69,3.52,-32.74,5.05,-47.98
"2023-03-28","15:15:00",3964.48,"41 Mar 29 3975 C BTO 11.30 | 41 Mar 29 4025 C STO 0.75",-1080,4009.48,"2023-03-29","09:35:00",-3255,"Exited at Specified Time",88965.08,200.9148148148148,41,532716.36,44280,"",145.96,63.96,0.066,0.111,20.46,19.33,-3.4,-9.65,208.33,-20.37
"2023-03-23","15:15:00",3941.23,"34 Mar 24 3960 C BTO 17.65 | 34 Mar 24 4010 C STO 4.05",-1385,3926.58,"2023-03-24","09:35:00",-520,"Exited at Specified Time",-29584.08,-62.82454873646209,34,443751.28,47090,"",121.04,53.04,0.229,0.092,23.24,23.97,22.24,-17.98,31.05,-60.65
"2023-03-22","15:15:00",3989.17,"35 Mar 23 4005 C BTO 18.15 | 35 Mar 23 4055 C STO 4.00",-1440,3969.72,"2023-03-23","09:35:00",-170,"Exited at Specified Time",-44629.2,-88.55,35,473335.36,50400,"",124.6,54.6,0.22,0.049,21.03,20.83,-0.83,-12.87,36.46,-86.46
"2023-03-17","15:15:00",3915.95,"38 Mar 20 3935 C BTO 17.75 | 38 Mar 20 3985 C STO 4.40",-1360,3923.5,"2023-03-20","09:35:00",-1185,"Exited at Specified Time",-6844.56,-13.244117647058824,38,517964.56,51680,"",135.28,59.28,0.248,0.117,25.37,26.19,-1.59,-42.74,19.12,-11.03
"2023-03-14","15:15:00",3875.64,"36 Mar 15 3890 C BTO 17.80 | 36 Mar 15 3940 C STO 3.30",-1475,3868.48,"2023-03-15","09:35:00",-1000,"Exited at Specified Time",-17284.32,-32.550508474576276,36,524809.12,53100,"",128.16,56.16,0.185,0.173,25.28,26.44,38.25,-18.37,87.12,-38.64
"2023-03-10","15:15:00",3873.59,"43 Mar 13 3890 C BTO 17.65 | 43 Mar 13 3940 C STO 4.20",-1370,3819.6,"2023-03-13","09:35:00",-275,"Exited at Specified Time",-47305.16,-80.30072992700731,43,542093.44,58910,"",153.08,67.08,0.238,0.221,25.35,30.5,-5.55,-39.18,0,-78.1
"2023-03-09","15:15:00",3928.21,"42 Mar 10 3945 C BTO 20.80 | 42 Mar 10 3995 C STO 6.10",-1495,3902.92,"2023-03-10","09:35:00",-335,"Exited at Specified Time",-48935.04,-77.93444816053513,42,589398.6,62790,"",149.52,65.52,0.293,0.122,22.2,22.88,6.65,-70.45,0.67,-75.92
"2023-03-08","15:15:00",3975.4,"54 Mar 9 3985 C BTO 11.30 | 54 Mar 9 4035 C STO 1.00",-1055,4005.53,"2023-03-09","09:35:00",-2225,"Exited at Specified Time",62903.52,110.41516587677724,54,638333.64,56970,"",192.24,84.24,0.088,0.084,19.29,19.16,1.18,-12.15,113.27,-11.85
"2023-03-07","15:15:00",3987.98,"60 Mar 8 4000 C BTO 10.70 | 60 Mar 8 4050 C STO 1.15",-980,3986.99,"2023-03-08","09:35:00",-685,"Exited at Specified Time",-18007.2,-30.624489795918368,60,575430.12,58800,"",213.6,93.6,0.107,0.041,19.41,19.73,-0.16,-60.28,20.41,-27.55
"2023-03-01","15:15:00",3949.93,"54 Mar 2 3960 C BTO 12.60 | 54 Mar 2 4010 C STO 1.05",-1180,3935.04,"2023-03-02","09:35:00",-300,"Exited at Specified Time",-47796.48,-75.01016949152543,54,593437.32,63720,"",192.24,84.24,0.083,0.044,20.68,20.95,-6.81,-13.41,15.25,-75.42
"2023-02-27","15:15:00",3983.04,"66 Feb 28 3995 C BTO 11.10 | 66 Feb 28 4045 C STO 1.00",-1035,3971.73,"2023-02-28","09:35:00",-380,"Exited at Specified Time",-43567.92,-63.779710144927535,66,641233.8,68310,"",234.96,102.96,0.09,0.036,21.07,21.21,22.32,-9.32,0,-61.84
"2023-02-22","15:15:00",3982.45,"53 Feb 23 3995 C BTO 12.80 | 53 Feb 23 4045 C STO 1.70",-1135,4019.89,"2023-02-23","09:35:00",-2505,"Exited at Specified Time",72338.64,120.25374449339206,53,684801.72,60155,"",188.68,82.68,0.133,0.122,22.61,21.47,4.49,-19.38,137.44,-11.89
"2023-02-21","15:15:00",4001.12,"51 Feb 22 4015 C BTO 14.00 | 51 Feb 22 4065 C STO 2.05",-1220,4003.14,"2023-02-22","09:35:00",-905,"Exited at Specified Time",-16326.12,-26.239344262295084,51,612463.08,62220,"",181.56,79.56,0.146,0.079,22.93,23.18,-26.74,-51.23,13.52,-23.77
"2023-02-09","15:15:00",4086.96,"59 Feb 10 4100 C BTO 12.70 | 59 Feb 10 4150 C STO 1.90",-1105,4075.92,"2023-02-10","09:35:00",-605,"Exited at Specified Time",-29802.08,-45.71221719457014,59,628789.2,65195,"",210.04,92.04,0.15,0.06,20.62,21.32,26.39,-57.29,4.52,-47.51
"2023-02-08","15:15:00",4113.31,"50 Feb 9 4125 C BTO 13.50 | 50 Feb 9 4175 C STO 2.25",-1150,4151.56,"2023-02-09","09:35:00",-2655,"Exited at Specified Time",74994,130.42434782608697,50,658591.28,57500,"",178,78,0.167,0.156,19.95,19.21,-10.53,-40.16,139.13,-7.39
"2023-02-06","15:15:00",4106.89,"45 Feb 7 4120 C BTO 16.00 | 45 Feb 7 4170 C STO 3.10",-1315,4101.14,"2023-02-07","09:35:00",-940,"Exited at Specified Time",-17105.4,-28.906463878327,45,583597.28,59175,"",160.2,70.2,0.194,0.168,19.54,19.93,-16.91,-12.68,8.75,-26.62
"2023-01-30","15:15:00",4021.71,"57 Jan 31 4035 C BTO 11.85 | 57 Jan 31 4085 C STO 1.55",-1055,4028.8,"2023-01-31","09:35:00",-1045,"Exited at Specified Time",-861.84,-1.433175355450237,57,600702.68,60135,"",202.92,88.92,0.131,0.066,20.14,20.13,-21.29,-27.56,10.9,-23.22
"2023-01-18","15:15:00",3945.01,"63 Jan 19 3955 C BTO 11.00 | 63 Jan 19 4005 C STO 0.85",-1040,3910.03,"2023-01-19","09:35:00",-100,"Exited at Specified Time",-59542.56,-90.87692307692308,63,601564.52,65520,"",224.28,98.28,0.077,0.038,20.08,21.12,11.28,-57.24,0,-88.46
"2023-01-17","15:15:00",3993.86,"60 Jan 18 4005 C BTO 11.60 | 60 Jan 18 4055 C STO 0.95",-1090,4004.69,"2023-01-18","09:35:00",-1105,"Exited at Specified Time",592.8,0.9064220183486238,60,661107.08,65400,"",213.6,93.6,0.082,0.042,19.34,19.07,0.19,-5.42,6.88,-28.44
"2023-01-09","15:15:00",3897.08,"58 Jan 10 3910 C BTO 12.85 | 58 Jan 10 3960 C STO 1.85",-1125,3903.55,"2023-01-10","09:35:00",-1095,"Exited at Specified Time",-2036.96,-3.1217777777777775,58,660514.28,65250,"",206.48,90.48,0.144,0.115,21.85,22.03,15.74,-13.74,15.11,-27.11
"2023-01-05","15:15:00",3814.95,"44 Jan 6 3835 C BTO 18.50 | 44 Jan 6 3885 C STO 4.55",-1420,3848.14,"2023-01-06","09:35:00",-2150,"Exited at Specified Time",31894.72,51.04788732394366,44,662551.24,62480,"",156.64,68.64,0.246,0.16,22.51,21.8,-13.23,-24.79,53.17,-25.7
"2023-01-03","15:15:00",3820.72,"49 Jan 4 3835 C BTO 14.70 | 49 Jan 4 3885 C STO 2.60",-1235,3838.36,"2023-01-04","09:35:00",-1735,"Exited at Specified Time",24249.12,40.071255060728745,49,630656.52,60515,"",174.44,76.44,0.177,0.148,22.82,23.08,13.79,-32.57,51.82,-16.6
"2022-12-30","15:15:00",3820.13,"41 Jan 3 3830 C BTO 15.10 | 41 Jan 3 3880 C STO 2.35",-1300,3860.76,"2023-01-03","09:35:00",-2795,"Exited at Specified Time",61085.08,114.60615384615384,41,606407.4,53300,"",145.96,63.96,0.156,0.192,21.69,23,-20.22,-8.93,138.46,-5.38
"2022-12-28","15:15:00",3785.97,"47 Dec 29 3800 C BTO 11.70 | 47 Dec 29 3850 C STO 1.50",-1045,3814.7,"2022-12-29","09:35:00",-2040,"Exited at Specified Time",46524.36,94.72535885167464,47,545322.32,49115,"",167.32,73.32,0.128,0.088,22.12,21.89,0.31,-43.59,97.61,-16.27
"2022-12-27","15:15:00",3833.91,"52 Dec 28 3845 C BTO 10.30 | 52 Dec 28 3895 C STO 1.05",-950,3842.19,"2022-12-28","09:35:00",-1045,"Exited at Specified Time",4673.76,9.461052631578948,52,498797.96,49400,"",185.12,81.12,0.102,0.036,21.68,21.59,-1.48,-9.43,20,-38.95
"2022-12-22","15:15:00",3801.71,"43 Dec 23 3815 C BTO 13.20 | 43 Dec 23 3865 C STO 2.40",-1105,3815.53,"2022-12-23","09:35:00",-1410,"Exited at Specified Time",12894.84,27.138461538461538,43,494124.2,47515,"",153.08,67.08,0.182,0.133,22.25,21.86,-25.18,-51.55,73.76,0
"2022-12-19","15:15:00",3801.89,"45 Dec 20 3815 C BTO 12.00 | 45 Dec 20 3865 C STO 1.65",-1060,3809.23,"2022-12-20","09:35:00",-1075,"Exited at Specified Time",444.6,0.9320754716981133,45,481229.36,47700,"",160.2,70.2,0.138,0.079,22.55,22.51,1.43,-51.9,52.36,-2.36
"2022-12-16","15:15:00",3852.91,"38 Dec 19 3865 C BTO 16.50 | 38 Dec 19 3915 C STO 3.60",-1315,3845.55,"2022-12-19","09:35:00",-540,"Exited at Specified Time",-29644.56,-59.32471482889734,38,480784.76,49970,"",135.28,59.28,0.218,0.058,22.2,22.6,-4.84,-38,28.14,-57.03
"2022-12-15","15:15:00",3898.41,"44 Dec 16 3915 C BTO 15.65 | 44 Dec 16 3965 C STO 3.50",-1240,3873.34,"2022-12-16","09:35:00",-445,"Exited at Specified Time",-35205.28,-64.5258064516129,44,510429.32,54560,"",156.64,68.64,0.224,0.138,22.73,23.03,-36.95,-59.96,20.16,-62.1
"2022-12-13","15:15:00",4004.43,"31 Dec 14 4030 C BTO 29.30 | 31 Dec 14 4080 C STO 12.60",-1695,4028.82,"2022-12-14","09:35:00",-1960,"Exited at Specified Time",8056.28,15.332153392330383,31,545634.6,52545,"",110.36,48.36,0.43,0.401,23.19,22.64,78.82,-64.95,23.89,0
"2022-12-07","15:15:00",3928.26,"46 Dec 8 3940 C BTO 12.60 | 46 Dec 8 3990 C STO 1.60",-1125,3941.35,"2022-12-08","09:35:00",-1345,"Exited at Specified Time",9884.48,19.100444444444445,46,537578.32,51750,"",163.76,71.76,0.127,0.081,22.82,23.18,-7.98,-5.02,48.89,-15.56
"2022-12-06","15:15:00",3927.27,"47 Dec 7 3940 C BTO 12.00 | 47 Dec 7 3990 C STO 1.45",-1080,3943.78,"2022-12-07","09:35:00",-1495,"Exited at Specified Time",19264.36,37.951851851851856,47,527693.84,50760,"",167.32,73.32,0.121,0.131,22.19,22.63,-2.21,-69.36,48.15,-17.59
"2022-12-05","15:15:00",3996.29,"44 Dec 6 4005 C BTO 13.10 | 44 Dec 6 4055 C STO 1.65",-1170,3998.97,"2022-12-06","09:35:00",-825,"Exited at Specified Time",-15405.28,-29.924786324786325,44,508429.48,51480,"",156.64,68.64,0.126,0.056,20.92,20.49,-19.68,-55.73,0,-29.91
"2022-12-01","15:15:00",4078.67,"43 Dec 2 4095 C BTO 17.10 | 43 Dec 2 4145 C STO 4.00",-1335,4039.19,"2022-12-02","09:35:00",-150,"Exited at Specified Time",-51175.16,-89.14756554307117,43,523834.76,57405,"",153.08,67.08,0.234,0.079,20.22,20.34,7.03,-8.47,16.1,-88.76
"2022-11-29","15:15:00",3954.84,"42 Nov 30 3970 C BTO 16.00 | 42 Nov 30 4020 C STO 2.85",-1340,3964.55,"2022-11-30","09:35:00",-1545,"Exited at Specified Time",8394.96,14.91641791044776,42,575009.92,56280,"",149.52,65.52,0.178,0.158,22.01,22.01,0.25,-9.35,17.16,-8.96
"2022-11-28","15:15:00",3959.16,"57 Nov 29 3970 C BTO 10.50 | 57 Nov 29 4020 C STO 0.85",-990,3968.57,"2022-11-29","09:35:00",-990,"Exited at Specified Time",-291.84,-0.5171717171717171,57,566614.96,56430,"",202.92,88.92,0.081,0.033,22.37,22.2,-20.76,-46.2,14.14,-20.71
"2022-11-21","15:15:00",3951.92,"55 Nov 22 3965 C BTO 10.80 | 55 Nov 22 4015 C STO 1.10",-995,3966.03,"2022-11-22","09:35:00",-1200,"Exited at Specified Time",10993.4,20.088442211055277,55,566906.8,54725,"",195.8,85.8,0.102,0.035,22.57,22.16,-9.11,-4.31,53.27,-24.62
"2022-11-18","15:15:00",3959.3,"44 Nov 21 3970 C BTO 15.45 | 44 Nov 21 4020 C STO 2.60",-1310,3952.39,"2022-11-21","09:35:00",-670,"Exited at Specified Time",-28385.28,-49.24580152671756,44,555913.4,57640,"",156.64,68.64,0.168,0.048,23.22,23.66,19.83,-7.09,32.44,-46.95
"2022-11-16","15:15:00",3958.3,"49 Nov 17 3970 C BTO 15.20 | 49 Nov 17 4020 C STO 2.55",-1290,3914.2,"2022-11-17","09:35:00",-130,"Exited at Specified Time",-57090.88,-90.31937984496123,49,584298.68,63210,"",174.44,76.44,0.168,0.114,24.17,24.83,-14.91,-18.52,18.6,-87.98
"2022-11-15","15:15:00",3992.05,"48 Nov 16 4005 C BTO 17.15 | 48 Nov 16 4055 C STO 3.60",-1380,3982.33,"2022-11-16","09:35:00",-670,"Exited at Specified Time",-34325.76,-51.82028985507247,48,641389.56,66240,"",170.88,74.88,0.21,0.067,24.09,24.46,49.16,-14.36,17.03,-56.16
"2022-11-09","15:15:00",3761.49,"35 Nov 10 3785 C BTO 29.00 | 35 Nov 10 3835 C STO 12.90",-1635,3873.98,"2022-11-10","09:35:00",-4400,"Exited at Specified Time",96595.8,168.8,35,675715.32,57225,"",124.6,54.6,0.445,0.513,26.09,23.81,-17.17,-49.45,177.68,-19.57
"2022-11-04","15:15:00",3756.96,"40 Nov 7 3770 C BTO 17.00 | 40 Nov 7 3820 C STO 3.40",-1385,3783.21,"2022-11-07","09:35:00",-1995,"Exited at Specified Time",24195.2,43.67364620938628,40,579119.52,55400,"",142.4,62.4,0.2,0.185,24.61,25.39,47.09,-10.02,58.12,-22.02
"2022-11-02","15:15:00",3821.56,"44 Nov 3 3840 C BTO 20.70 | 44 Nov 3 3890 C STO 7.25",-1370,3722.38,"2022-11-03","09:35:00",10,"Exited at Specified Time",-60945.28,-101.10364963503649,44,554924.32,60280,"",156.64,68.64,0.35,0.25,25.68,26.51,-3.2,-31.34,0,-99.27
"2022-11-01","15:15:00",3861.08,"41 Nov 2 3880 C BTO 23.60 | 41 Nov 2 3930 C STO 8.50",-1535,3841.17,"2022-11-02","09:35:00",-995,"Exited at Specified Time",-22349.92,-35.51270358306189,41,615869.6,62935,"",145.96,63.96,0.36,0.271,25.68,26.35,29.81,-40.71,2.61,-34.2
"2022-10-31","15:15:00",3869.86,"50 Nov 1 3885 C BTO 13.95 | 50 Nov 1 3935 C STO 2.85",-1135,3908.63,"2022-11-01","09:35:00",-2455,"Exited at Specified Time",65744,115.84845814977976,50,638219.52,56750,"",178,78,0.204,0.193,26.03,25.76,-19.21,-11.99,123.35,-10.13
"2022-10-27","15:15:00",3812.43,"43 Oct 28 3830 C BTO 17.55 | 43 Oct 28 3880 C STO 4.60",-1320,3825.08,"2022-10-28","09:35:00",-1395,"Exited at Specified Time",3004.84,5.293939393939395,43,572475.52,56760,"",153.08,67.08,0.262,0.142,27.15,26.75,4.09,-22.26,24.24,-18.56
"2022-10-20","15:15:00",3672.4,"48 Oct 21 3690 C BTO 15.70 | 48 Oct 21 3740 C STO 3.80",-1215,3655.4,"2022-10-21","09:35:00",-700,"Exited at Specified Time",-24965.76,-42.8082304526749,48,569470.68,58320,"",170.88,74.88,0.242,0.176,30.31,30.06,-6.11,-16.65,0.41,-40.33
"2022-10-19","15:15:00",3688.78,"45 Oct 20 3705 C BTO 17.05 | 45 Oct 20 3755 C STO 4.20",-1310,3693.13,"2022-10-20","09:35:00",-1140,"Exited at Specified Time",-7880.4,-13.36793893129771,45,594436.44,58950,"",160.2,70.2,0.246,0.137,30.89,30.67,-16.87,-14.33,14.89,-22.52
"2022-10-18","15:15:00",3697.9,"43 Oct 19 3715 C BTO 17.55 | 43 Oct 19 3765 C STO 4.40",-1340,3715.88,"2022-10-19","09:35:00",-1715,"Exited at Specified Time",15904.84,27.60298507462687,43,602316.84,57620,"",153.08,67.08,0.251,0.209,31.18,31.21,68.31,-48.36,43.66,-5.97
"2022-10-14","15:15:00",3589.14,"35 Oct 17 3610 C BTO 20.95 | 35 Oct 17 3660 C STO 6.90",-1430,3663.06,"2022-10-17","09:35:00",-3615,"Exited at Specified Time",76295.8,152.43916083916085,35,586412,50050,"",124.6,54.6,0.329,0.368,32.66,31.42,20.5,-101.27,154.55,-18.53
"2022-10-11","15:15:00",3575.55,"40 Oct 12 3595 C BTO 16.75 | 40 Oct 12 3645 C STO 4.30",-1270,3580.09,"2022-10-12","09:35:00",-1150,"Exited at Specified Time",-5004.8,-9.851968503937009,40,510116.2,50800,"",142.4,62.4,0.257,0.161,34.24,34.36,-16.53,-20.31,31.89,-15.75
"2022-10-10","15:15:00",3622.03,"42 Oct 11 3635 C BTO 16.25 | 42 Oct 11 3685 C STO 3.25",-1325,3589.66,"2022-10-11","09:35:00",-290,"Exited at Specified Time",-43685.04,-78.49962264150945,42,515121,55650,"",149.52,65.52,0.2,0.06,32.29,33.56,7.85,-25.48,11.7,-76.23
"2022-10-06","15:15:00",3746.47,"41 Oct 7 3765 C BTO 21.60 | 41 Oct 7 3815 C STO 6.95",-1490,3696.52,"2022-10-07","09:35:00",-175,"Exited at Specified Time",-54124.92,-88.5986577181208,41,558806.04,61090,"",145.96,63.96,0.322,0.091,30.57,30.62,-11.31,-25.5,12.75,-88.93
"2022-09-30","15:15:00",3606.48,"39 Oct 3 3625 C BTO 22.65 | 39 Oct 3 3675 C STO 7.20",-1570,3618.17,"2022-10-03","09:35:00",-1380,"Exited at Specified Time",-7609.68,-12.428025477707006,39,612930.96,61230,"",138.84,60.84,0.318,0.127,31.69,31.54,-6.99,-27,13.06,-36.94
"2022-09-29","15:15:00",3627.38,"41 Sep 30 3650 C BTO 20.85 | 41 Sep 30 3700 C STO 6.00",-1510,3637.14,"2022-09-30","09:35:00",-1450,"Exited at Specified Time",-2669.92,-4.312582781456954,41,620540.64,61910,"",145.96,63.96,0.288,0.23,32.31,31.7,-32.03,-59.63,25.5,-12.25
"2022-09-27","15:15:00",3649.54,"42 Sep 28 3665 C BTO 19.75 | 42 Sep 28 3715 C STO 5.10",-1490,3645.09,"2022-09-28","09:35:00",-1235,"Exited at Specified Time",-10925.04,-17.457718120805367,42,623210.56,62580,"",149.52,65.52,0.258,0.215,33.1,33.54,31.4,-36.9,4.7,-22.15
"2022-09-26","15:15:00",3670.41,"41 Sep 27 3690 C BTO 19.95 | 41 Sep 27 3740 C STO 5.80",-1440,3705.76,"2022-09-27","09:35:00",-2240,"Exited at Specified Time",32590.08,55.2,41,634135.6,59040,"",145.96,63.96,0.291,0.236,31.54,30.7,-10.51,-12.31,57.29,-21.53
"2022-09-23","15:15:00",3668.64,"37 Sep 26 3690 C BTO 23.75 | 37 Sep 26 3740 C STO 8.00",-1600,3691.11,"2022-09-26","09:35:00",-1820,"Exited at Specified Time",7950.56,13.43,37,601545.52,59200,"",131.72,57.72,0.337,0.226,31.49,31.27,-30.85,-58.5,33.12,-5.31
"2022-09-20","15:15:00",3850.17,"37 Sep 21 3875 C BTO 25.60 | 37 Sep 21 3925 C STO 10.30",-1555,3871.02,"2022-09-21","09:35:00",-1895,"Exited at Specified Time",12390.56,21.535691318327974,37,593594.96,57535,"",131.72,57.72,0.402,0.409,27.26,26.84,-24.66,-25.06,35.05,-3.86
"2022-09-16","15:15:00",3864.94,"42 Sep 19 3880 C BTO 18.95 | 42 Sep 19 3930 C STO 4.75",-1445,3850.83,"2022-09-19","09:35:00",-650,"Exited at Specified Time",-33605.04,-55.37162629757786,42,581204.4,60690,"",149.52,65.52,0.251,0.082,26.67,27.43,-20.4,-16.01,21.8,-59.86
"2022-09-15","15:15:00",3896.97,"52 Sep 16 3915 C BTO 17.75 | 52 Sep 16 3965 C STO 5.10",-1290,3850.74,"2022-09-16","09:35:00",-200,"Exited at Specified Time",-56946.24,-84.89302325581394,52,614809.44,67080,"",185.12,81.12,0.287,0.135,26.76,27.99,-13.6,-35.44,10.08,-82.56
"2022-09-14","15:15:00",3923.46,"51 Sep 15 3940 C BTO 16.50 | 51 Sep 15 3990 C STO 3.65",-1310,3931.01,"2022-09-15","09:35:00",-1160,"Exited at Specified Time",-7911.12,-11.841221374045801,51,671755.68,66810,"",181.56,79.56,0.221,0.135,26.87,26.37,8.04,-17.27,46.95,-19.85
"2022-09-06","15:15:00",3913.67,"57 Sep 7 3930 C BTO 14.85 | 57 Sep 7 3980 C STO 2.95",-1215,3912.44,"2022-09-07","09:35:00",-900,"Exited at Specified Time",-18246.84,-26.34732510288066,57,679666.8,69255,"",202.92,88.92,0.199,0.102,26.62,26.65,6.63,-17.22,11.52,-33.74
"2022-09-02","15:15:00",3935.84,"54 Sep 6 3955 C BTO 17.75 | 54 Sep 6 4005 C STO 4.60",-1340,3933.69,"2022-09-06","09:35:00",-765,"Exited at Specified Time",-31326.48,-43.29253731343284,54,697913.64,72360,"",192.24,84.24,0.259,0.065,25.43,26,27.81,-58.82,1.49,-50
"2022-08-31","15:15:00",3975.83,"62 Sep 1 3990 C BTO 15.40 | 62 Sep 1 4040 C STO 2.75",-1290,3924.12,"2022-09-01","09:35:00",-75,"Exited at Specified Time",-75647.44,-94.58294573643413,62,729240.12,79980,"",220.72,96.72,0.179,0.091,25.63,26.72,14.51,-24.84,11.24,-92.25
"2022-08-30","15:15:00",3994.56,"64 Aug 31 4010 C BTO 15.00 | 64 Aug 31 4060 C STO 2.35",-1290,3990.69,"2022-08-31","09:35:00",-865,"Exited at Specified Time",-27527.68,-33.34263565891472,64,804887.56,82560,"",227.84,99.84,0.157,0.092,26.35,26.01,10.64,-46.69,0,-43.8
"2022-08-26","15:15:00",4075.7,"64 Aug 29 4090 C BTO 18.60 | 64 Aug 29 4140 C STO 4.60",-1425,4035.66,"2022-08-29","09:35:00",-100,"Exited at Specified Time",-85127.68,-93.3417543859649,64,832415.24,91200,"",227.84,99.84,0.247,0.074,25.31,27.01,-0.38,-123.04,8.07,-92.98
"2022-08-22","15:15:00",4141.44,"85 Aug 23 4155 C BTO 12.60 | 85 Aug 23 4205 C STO 1.75",-1110,4140.72,"2022-08-23","09:35:00",-760,"Exited at Specified Time",-30185.2,-31.992792792792795,85,917542.92,94350,"",302.6,132.6,0.139,0.037,24.07,23.67,-33.4,-53.64,2.7,-38.74
"2022-08-19","15:15:00",4227.55,"91 Aug 22 4240 C BTO 13.00 | 91 Aug 22 4290 C STO 1.70",-1155,4167.79,"2022-08-22","09:35:00",0,"Exited at Specified Time",-105570.92,-100.44329004329002,91,947728.12,105105,"",323.96,141.96,0.131,0.167,20.67,23.32,-17.43,-38.76,10.39,-97.84
"2022-08-17","15:15:00",4275.97,"108 Aug 18 4290 C BTO 11.55 | 108 Aug 18 4340 C STO 1.50",-1030,4268.37,"2022-08-18","09:35:00",-485,"Exited at Specified Time",-59412.96,-53.40970873786408,108,1053299.04,111240,"",384.48,168.48,0.13,0.029,20,20.24,-24.8,-4.43,11.65,-50.49
"2022-08-11","15:15:00",4204.62,"92 Aug 12 4215 C BTO 12.70 | 92 Aug 12 4265 C STO 1.70",-1125,4227.49,"2022-08-12","09:35:00",-1930,"Exited at Specified Time",73588.96,71.10044444444445,92,1112712,103500,"",327.52,143.52,0.134,0.073,20.46,19.93,17.16,-22.78,73.78,-12
"2022-08-09","15:15:00",4117.95,"64 Aug 10 4135 C BTO 17.70 | 64 Aug 10 4185 C STO 4.20",-1375,4188.12,"2022-08-10","09:35:00",-3745,"Exited at Specified Time",151352.32,171.99127272727273,64,1039123.04,88000,"",227.84,99.84,0.237,0.316,21.74,20.51,-6.95,-15.16,182.91,-1.09
"2022-08-08","15:15:00",4137.12,"93 Aug 9 4150 C BTO 10.85 | 93 Aug 9 4200 C STO 1.10",-1000,4128.71,"2022-08-09","09:35:00",-495,"Exited at Specified Time",-47441.16,-51.012,93,887770.72,93000,"",331.08,145.08,0.101,0.037,21.54,22.02,10.74,-18.81,15,-51.5
"2022-07-26","15:15:00",3917.34,"61 Jul 27 3935 C BTO 19.40 | 61 Jul 27 3985 C STO 5.45",-1420,3954.15,"2022-07-27","09:35:00",-2385,"Exited at Specified Time",58552.68,67.59718309859156,61,935211.88,86620,"",217.16,95.16,0.281,0.31,25,24.21,-13.62,-35.88,71.13,-4.58
"2022-07-25","15:15:00",3946.84,"82 Jul 26 3960 C BTO 12.20 | 82 Jul 26 4010 C STO 1.40",-1105,3942.43,"2022-07-26","09:35:00",-665,"Exited at Specified Time",-36499.84,-40.28235294117646,82,876659.2,90610,"",291.92,127.92,0.115,0.048,24.01,24.24,4.09,-18.88,56.56,-37.56
"2022-07-22","15:15:00",3957.14,"81 Jul 25 3970 C BTO 13.00 | 81 Jul 25 4020 C STO 1.95",-1130,3961.01,"2022-07-25","09:35:00",-980,"Exited at Specified Time",-12564.72,-13.727433628318582,81,913159.04,91530,"",288.36,126.36,0.15,0.069,23.08,24.05,-0.52,-41.29,6.19,-23.89
"2022-07-18","15:15:00",3846.49,"76 Jul 19 3860 C BTO 12.80 | 76 Jul 19 3910 C STO 1.65",-1140,3871.27,"2022-07-19","09:35:00",-1875,"Exited at Specified Time",55470.88,64.02456140350877,76,925723.76,86640,"",270.56,118.56,0.129,0.091,25.26,24.35,20.63,-37.3,71.49,-58.77
"2022-07-12","15:15:00",3824.1,"67 Jul 13 3845 C BTO 19.95 | 67 Jul 13 3895 C STO 6.05",-1415,3770.87,"2022-07-13","09:35:00",-140,"Exited at Specified Time",-85768.04,-90.46784452296819,67,870252.88,94805,"",238.52,104.52,0.303,0.108,27.18,28.52,-2.48,-27.85,0,-91.17
"2022-07-11","15:15:00",3854.4,"78 Jul 12 3865 C BTO 14.20 | 78 Jul 12 3915 C STO 1.95",-1250,3854.94,"2022-07-12","09:35:00",-985,"Exited at Specified Time",-21069.36,-21.6096,78,956020.92,97500,"",277.68,121.68,0.137,0.043,26.43,26.54,-18.44,-26.54,2.4,-24.4
"2022-06-30","15:15:00",3772.69,"72 Jul 1 3790 C BTO 18.55 | 72 Jul 1 3840 C STO 5.10",-1370,3780.59,"2022-07-01","09:35:00",-1215,"Exited at Specified Time",-11528.64,-11.687591240875912,72,977090.28,98640,"",256.32,112.32,0.275,0.168,29.1,28.55,-32.84,-13.3,48.91,-17.15
"2022-06-29","15:15:00",3816.19,"81 Jun 30 3835 C BTO 18.70 | 81 Jun 30 3885 C STO 5.85",-1310,3770.19,"2022-06-30","09:35:00",-275,"Exited at Specified Time",-84249.72,-79.39847328244277,81,988618.92,106110,"",288.36,126.36,0.313,0.167,28.11,29.17,3.54,-8.9,21.76,-77.1
"2022-06-28","15:15:00",3825.74,"83 Jun 29 3840 C BTO 17.50 | 83 Jun 29 3890 C STO 4.30",-1345,3807.71,"2022-06-29","09:35:00",-670,"Exited at Specified Time",-56449.96,-50.566542750929365,83,1072868.64,111635,"",295.48,129.48,0.246,0.147,28.38,29.21,12.89,-87.26,13.01,-48.33
"2022-06-27","15:15:00",3904.18,"84 Jun 28 3920 C BTO 15.75 | 84 Jun 28 3970 C STO 3.70",-1230,3940.33,"2022-06-28","09:35:00",-2355,"Exited at Specified Time",94069.92,91.04715447154472,84,1129318.6,103320,"",299.04,131.04,0.235,0.197,27.26,26.6,9.02,-16.58,93.5,-31.3
"2022-06-14","15:15:00",3708.83,"61 Jun 15 3735 C BTO 28.20 | 61 Jun 15 3785 C STO 12.80",-1565,3774.82,"2022-06-15","09:35:00",-2830,"Exited at Specified Time",76852.68,80.5035143769968,61,1035248.68,95465,"",217.16,95.16,0.454,0.523,33.03,31.97,13.89,-54.69,84.03,-2.56
"2022-06-09","15:15:00",4053.9,"71 Jun 10 4075 C BTO 21.95 | 71 Jun 10 4125 C STO 7.35",-1485,3935.06,"2022-06-10","09:35:00",-10,"Exited at Specified Time",-105088.52,-99.67138047138047,71,958396,105435,"",252.76,110.76,0.335,0.222,25.88,27.82,-14.12,-47.75,3.7,-97.64
"2022-06-08","15:15:00",4116.49,"88 Jun 9 4130 C BTO 15.20 | 88 Jun 9 4180 C STO 2.95",-1250,4107.11,"2022-06-09","09:35:00",-735,"Exited at Specified Time",-45770.56,-41.6096,88,1063484.52,110000,"",313.28,137.28,0.194,0.09,24.35,24.48,-13.56,-30.63,18.4,-60
"2022-06-06","15:15:00",4117.78,"89 Jun 7 4130 C BTO 16.30 | 89 Jun 7 4180 C STO 3.20",-1335,4093.72,"2022-06-07","09:35:00",-450,"Exited at Specified Time",-79220.68,-66.6756554307116,89,1109255.08,118815,"",316.84,138.84,0.196,0.069,25.51,25.79,26.18,-16.94,8.24,-73.03
"2022-06-03","15:15:00",4104.92,"76 Jun 6 4120 C BTO 18.20 | 76 Jun 6 4170 C STO 4.40",-1405,4151.1,"2022-06-06","09:35:00",-2830,"Exited at Specified Time",107910.88,101.0590747330961,76,1188475.76,106780,"",270.56,118.56,0.242,0.226,25.23,25.06,-39.25,-32.65,110.32,-5.69
"2022-06-01","15:15:00",4124.41,"88 Jun 2 4140 C BTO 16.95 | 88 Jun 2 4190 C STO 4.00",-1320,4095.11,"2022-06-02","09:35:00",-380,"Exited at Specified Time",-83170.56,-71.6,88,1080564.88,116160,"",313.28,137.28,0.236,0.08,25.66,26.11,17.63,-25.37,2.65,-77.65
"2022-05-31","15:15:00",4139.21,"82 Jun 1 4155 C BTO 18.80 | 82 Jun 1 4205 C STO 5.20",-1385,4160.6,"2022-06-01","09:35:00",-1710,"Exited at Specified Time",26230.16,23.096028880866427,82,1163735.44,113570,"",291.92,127.92,0.277,0.202,26.54,25.74,-7.15,-11.88,34.3,-24.91
"2022-05-24","15:15:00",3925.18,"76 May 25 3945 C BTO 20.05 | 76 May 25 3995 C STO 5.75",-1455,3940.48,"2022-05-25","09:35:00",-1695,"Exited at Specified Time",17850.88,16.14295532646048,76,1137505.28,110580,"",270.56,118.56,0.287,0.252,29.66,29.71,-30.81,-17.76,48.8,-14.09
"2022-05-20","15:15:00",3831.87,"64 May 23 3855 C BTO 22.90 | 64 May 23 3905 C STO 8.35",-1480,3932.55,"2022-05-23","09:35:00",-4020,"Exited at Specified Time",162232.32,171.27567567567567,64,1119654.4,94720,"",227.84,99.84,0.365,0.507,30.99,29.34,26.97,-95.89,173.99,0
"2022-05-18","15:15:00",3922.9,"66 May 19 3940 C BTO 22.40 | 66 May 19 3990 C STO 7.65",-1500,3907.62,"2022-05-19","09:35:00",-860,"Exited at Specified Time",-42577.92,-43.008,66,957422.08,99000,"",234.96,102.96,0.342,0.213,31.13,31.6,-36.87,-129.08,6.67,-49.67
