OPEN_DATETIME,CLOSE_DATETIME
2025-09-02 15:15,2025-09-03 09:35
2025-09-16 15:15,2025-09-17 09:35
2025-09-17 15:15,2025-09-18 09:35
2025-09-24 15:15,2025-09-25 09:35
2025-09-25 15:15,2025-09-26 09:35
2025-10-06 15:15,2025-10-07 09:35
2025-10-07 15:15,2025-10-08 09:35
2025-10-08 15:15,2025-10-09 09:35
2025-10-10 15:15,2025-10-13 09:35
2025-10-13 15:15,2025-10-14 09:35
2025-10-14 15:15,2025-10-15 09:35
2025-10-17 15:15,2025-10-20 09:35
2025-10-31 15:15,2025-11-03 09:35
2025-11-03 15:15,2025-11-04 09:35
2025-11-05 15:15,2025-11-06 09:35
2025-11-06 15:15,2025-11-07 09:35
2025-11-07 15:15,2025-11-10 09:35
2025-11-17 15:15,2025-11-18 09:35
2025-11-18 15:15,2025-11-19 09:35
2025-11-20 15:15,2025-11-21 09:35
2025-11-21 15:15,2025-11-24 09:35
2025-12-09 15:15,2025-12-10 09:35
2025-12-10 15:15,2025-12-11 09:35
2025-12-18 15:15,2025-12-19 09:35
2025-12-31 15:15,2026-01-02 09:35
2026-01-02 15:15,2026-01-05 09:35
2026-01-07 15:15,2026-01-08 09:35
2026-01-08 15:15,2026-01-09 09:35
2026-01-13 15:15,2026-01-14 09:35
2026-01-14 15:15,2026-01-15 09:35
2026-01-20 15:15,2026-01-21 09:35
2026-01-21 15:15,2026-01-22 09:35
2026-01-29 15:15,2026-01-30 09:35
2026-02-05 15:15,2026-02-06 09:35
2026-02-13 15:15,2026-02-17 09:35
2026-02-17 15:15,2026-02-18 09:35
2026-03-02 15:15,2026-03-03 09:35
2026-03-03 15:15,2026-03-04 09:35
