time,open,high,low,close,Volume
1761917400,19.68,19.95,19.68,19.95,
1761918300,19.91,19.99,19.88,19.93,
1761919200,19.95,20.04,19.9,20.02,
1761920100,20.03,20.09,19.95,20.01,
1761921000,20,20.09,19.98,19.99,
1761921900,19.95,20.14,19.95,20.12,
1761922800,20.13,20.27,20.12,20.26,
1761923700,20.25,20.34,20.22,20.34,
1761924600,20.33,20.56,20.3,20.52,
1761925500,20.45,20.54,20.41,20.49,
1761926400,20.54,20.62,20.47,20.58,
1761927300,20.57,20.72,20.47,20.49,
1761928200,20.48,20.61,20.44,20.59,
1761929100,20.6,20.82,20.58,20.79,
1761930000,20.8,20.95,20.73,20.93,
1761930900,20.95,21.07,20.9,20.93,
1761931800,20.92,20.97,20.79,20.84,
1761932700,20.82,20.82,20.69,20.77,
1761933600,20.78,20.78,20.57,20.57,
1761934500,20.56,20.61,20.5,20.5,
1761935400,20.49,20.55,20.47,20.49,
1761936300,20.5,20.56,20.44,20.44,
1761937200,20.45,20.49,20.41,20.44,
1761938100,20.43,20.43,20.32,20.34,
1761939000,20.35,20.41,20.3,20.4,
1761939900,20.42,20.49,20.4,20.47,
1761940800,20.51,20.56,20.48,20.49,
1762180200,20.34,20.66,20.3,20.66,
1762181100,20.64,20.83,20.64,20.81,
1762182000,20.9,20.98,20.8,20.86,
1762182900,20.88,21.2,20.88,21.17,
1762183800,21.16,21.21,20.91,20.91,
1762184700,20.95,20.98,20.8,20.84,
1762185600,20.83,20.86,20.8,20.8,
1762186500,20.81,20.89,20.78,20.86,
1762187400,20.87,20.87,20.7,20.72,
1762188300,20.73,20.78,20.58,20.58,
1762189200,20.59,20.65,20.5,20.51,
1762190100,20.5,20.62,20.46,20.58,
1762191000,20.57,20.57,20.46,20.49,
1762191900,20.48,20.48,20.4,20.41,
1762192800,20.42,20.42,20.31,20.31,
1762193700,20.32,20.36,20.3,20.35,
1762194600,20.34,20.34,20.28,20.29,
1762195500,20.3,20.39,20.3,20.37,
1762196400,20.36,20.44,20.36,20.41,
1762197300,20.4,20.44,20.39,20.42,
1762198200,20.41,20.5,20.38,20.44,
1762199100,20.43,20.44,20.38,20.39,
1762200000,20.38,20.46,20.38,20.44,
1762200900,20.43,20.46,20.41,20.45,
1762201800,20.46,20.52,20.45,20.45,
1762202700,20.46,20.51,20.43,20.46,
1762203600,20.4,20.42,20.36,20.38,
1762266600,21.43,21.69,21.29,21.29,
1762267500,21.3,21.33,20.99,20.99,
1762268400,21,21.05,20.95,21,
1762269300,20.99,20.99,20.81,20.84,
1762270200,20.85,20.88,20.76,20.82,
1762271100,20.81,21.03,20.81,20.99,
1762272000,20.98,21.02,20.9,20.98,
1762272900,20.97,21.02,20.92,20.92,
1762273800,20.94,20.95,20.85,20.87,
1762274700,20.89,20.94,20.84,20.86,
1762275600,20.85,21.04,20.85,21.03,
1762276500,21.04,21.22,21.02,21.09,
1762277400,21.08,21.25,21.08,21.22,
1762278300,21.19,21.3,21.07,21.26,
1762279200,21.28,21.34,21.26,21.32,
1762280100,21.3,21.45,21.28,21.43,
1762281000,21.44,21.52,21.37,21.37,
1762281900,21.36,21.42,21.26,21.27,
1762282800,21.28,21.3,21.15,21.23,
1762283700,21.24,21.24,21.08,21.1,
1762284600,21.13,21.33,21.13,21.3,
1762285500,21.29,21.32,21.26,21.26,
1762286400,21.27,21.27,21.11,21.11,
1762287300,21.12,21.19,21.08,21.1,
1762288200,21.09,21.16,21.02,21.02,
1762289100,21,21.26,21,21.26,
1762290000,21.24,21.31,21.21,21.3,
1762353000,21.34,21.42,21.21,21.29,
1762353900,21.32,21.32,20.72,20.74,
1762354800,20.8,20.82,20.63,20.67,
1762355700,20.68,20.81,20.49,20.54,
1762356600,20.53,20.55,20.39,20.42,
1762357500,20.43,20.58,20.41,20.5,
1762358400,20.48,20.64,20.47,20.64,
1762359300,20.62,20.65,20.43,20.43,
1762360200,20.44,20.45,20.28,20.29,
1762361100,20.28,20.3,20.19,20.23,
1762362000,20.22,20.26,20.19,20.24,
1762362900,20.25,20.26,20.21,20.21,
1762363800,20.2,20.22,20.17,20.2,
1762364700,20.21,20.29,20.21,20.27,
1762365600,20.28,20.28,20.25,20.26,
1762366500,20.25,20.3,20.24,20.27,
1762367400,20.26,20.28,20.22,20.24,
1762368300,20.25,20.28,20.25,20.27,
1762369200,20.28,20.37,20.28,20.3,
1762370100,20.29,20.29,20.26,20.26,
1762371000,20.27,20.27,20.21,20.22,
1762371900,20.21,20.23,20.2,20.21,
1762372800,20.2,20.23,20.19,20.21,
1762373700,20.22,20.31,20.21,20.29,
1762374600,20.3,20.35,20.29,20.31,
1762375500,20.33,20.53,20.31,20.51,
1762376400,20.45,20.6,20.43,20.6,
1762439400,20.72,20.84,20.62,20.82,
1762440300,20.8,21.03,20.66,21.03,
1762441200,21.04,21.32,21.04,21.28,
1762442100,21.29,21.3,20.93,21.03,
1762443000,21.05,21.7,21.05,21.7,
1762443900,21.71,21.74,21.6,21.74,
1762444800,21.72,21.72,21.52,21.52,
1762445700,21.5,21.65,21.45,21.45,
1762446600,21.48,21.8,21.48,21.75,
1762447500,21.73,21.78,21.55,21.77,
1762448400,21.7,21.7,21.44,21.54,
1762449300,21.56,21.85,21.56,21.7,
1762450200,21.69,21.71,21.5,21.51,
1762451100,21.5,21.5,21.3,21.37,
1762452000,21.34,21.66,21.32,21.64,
1762452900,21.62,21.66,21.41,21.44,
1762453800,21.43,21.43,21.24,21.25,
1762454700,21.26,21.36,21.24,21.33,
1762455600,21.32,21.33,21.08,21.09,
1762456500,21.07,21.16,20.99,21,
1762457400,21.01,21.12,20.93,21.06,
1762458300,21.05,21.17,21.03,21.09,
1762459200,21.08,21.13,21.05,21.1,
1762460100,21.09,21.18,21.05,21.18,
1762461000,21.16,21.32,21.14,21.32,
1762461900,21.31,21.56,21.31,21.54,
1762462800,21.49,21.49,21.35,21.35,
1762525800,22.22,22.59,22.16,22.37,
1762526700,22.34,22.42,22.08,22.14,
1762527600,21.73,22.51,21.73,22.05,
1762528500,22.04,22.15,21.96,22.08,
1762529400,22.06,22.37,22.04,22.37,
1762530300,22.38,22.47,22.29,22.46,
1762531200,22.49,22.73,22.41,22.72,
1762532100,22.71,22.79,22.54,22.67,
1762533000,22.66,22.77,22.59,22.64,
1762533900,22.62,22.95,22.62,22.87,
1762534800,22.91,23.02,22.76,22.79,
1762535700,22.8,22.8,22.45,22.57,
1762536600,22.56,22.78,22.5,22.76,
1762537500,22.75,22.94,22.65,22.66,
1762538400,22.65,22.66,22.48,22.48,
1762539300,22.47,22.51,22.27,22.3,
1762540200,22.29,22.31,22.14,22.15,
1762541100,22.16,22.42,22.11,22.13,
1762542000,22.16,22.19,22.04,22.04,
1762542900,22.05,22.06,21.97,22.03,
1762543800,22.01,22.01,21.59,21.61,
1762544700,21.62,21.78,21.58,21.58,
1762545600,21.57,21.75,21.57,21.65,
1762546500,21.64,21.85,21.63,21.74,
1762547400,21.75,21.75,21.48,21.48,
1762548300,21.49,21.64,21.3,21.3,
1762549200,21.29,21.29,21.21,21.21,
1762785000,20.57,20.57,20.43,20.43,
1762785900,20.46,20.57,20.42,20.49,
1762786800,20.52,20.53,20.43,20.5,
1762787700,20.51,20.51,20.32,20.34,
1762788600,20.35,20.47,20.34,20.47,
1762789500,20.48,20.71,20.46,20.71,
1762790400,20.7,20.77,20.61,20.65,
1762791300,20.64,20.75,20.63,20.75,
1762792200,20.74,20.75,20.66,20.7,
1762793100,20.69,20.72,20.58,20.58,
1762794000,20.59,20.59,20.43,20.53,
1762794900,20.54,20.54,20.41,20.43,
1762795800,20.41,20.41,20.3,20.32,
1762796700,20.33,20.33,20.27,20.29,
1762797600,20.28,20.31,20.27,20.29,
1762798500,20.3,20.34,20.28,20.34,
1762799400,20.33,20.33,20.26,20.27,
1762800300,20.28,20.31,20.24,20.31,
1762801200,20.3,20.31,20.26,20.28,
1762802100,20.27,20.27,20.22,20.24,
1762803000,20.25,20.28,20.24,20.27,
1762803900,20.26,20.28,20.22,20.27,
1762804800,20.26,20.27,20.25,20.27,
1762805700,20.29,20.38,20.29,20.37,
1762806600,20.38,20.38,20.3,20.32,
1762807500,20.33,20.34,20.28,20.32,
1762808400,20.31,20.32,20.23,20.23,
1762871400,20.35,20.36,20.28,20.28,
1762872300,20.27,20.32,20.2,20.2,
1762873200,20.22,20.33,20.22,20.27,
1762874100,20.28,20.37,20.28,20.32,
1762875000,20.33,20.36,20.28,20.31,
1762875900,20.3,20.39,20.28,20.36,
1762876800,20.35,20.36,20.29,20.3,
1762877700,20.32,20.35,20.2,20.35,
1762878600,20.39,20.39,20.29,20.32,
1762879500,20.31,20.32,20.26,20.31,
1762880400,20.3,20.3,20.23,20.24,
1762881300,20.23,20.29,20.21,20.28,
1762882200,20.27,20.31,20.26,20.29,
1762883100,20.3,20.3,20.26,20.27,
1762884000,20.28,20.28,20.25,20.26,
1762884900,20.27,20.27,20.21,20.22,
1762885800,20.23,20.29,20.22,20.22,
1762886700,20.21,20.22,20.19,20.19,
1762887600,20.2,20.25,20.2,20.21,
1762888500,20.2,20.22,20.18,20.21,
1762889400,20.22,20.23,20.21,20.22,
1762890300,20.23,20.23,20.16,20.17,
1762891200,20.16,20.2,20.16,20.2,
1762892100,20.21,20.24,20.19,20.22,
1762893000,20.23,20.23,20.2,20.2,
1762893900,20.19,20.23,20.17,20.2,
1762894800,20.18,20.21,20.16,20.19,
1762957800,20.13,20.24,20.13,20.24,
1762958700,20.23,20.38,20.23,20.26,
1762959600,20.25,20.26,20.19,20.25,
1762960500,20.26,20.29,20.25,20.25,
1762961400,20.26,20.45,20.26,20.36,
1762962300,20.35,20.46,20.33,20.43,
1762963200,20.44,20.56,20.43,20.56,
1762964100,20.55,20.55,20.43,20.43,
1762965000,20.41,20.44,20.38,20.44,
1762965900,20.46,20.59,20.43,20.5,
1762966800,20.49,20.5,20.4,20.42,
1762967700,20.41,20.46,20.38,20.4,
1762968600,20.39,20.4,20.23,20.27,
1762969500,20.26,20.36,20.25,20.28,
1762970400,20.29,20.32,20.27,20.28,
1762971300,20.27,20.32,20.26,20.29,
1762972200,20.3,20.3,20.18,20.23,
1762973100,20.24,20.28,20.23,20.24,
1762974000,20.23,20.25,20.21,20.25,
1762974900,20.28,20.3,20.24,20.29,
1762975800,20.3,20.33,20.25,20.27,
1762976700,20.26,20.29,20.24,20.27,
1762977600,20.26,20.34,20.26,20.32,
1762978500,20.33,20.33,20.26,20.26,
1762979400,20.27,20.31,20.22,20.26,
1762980300,20.28,20.37,20.23,20.32,
1762981200,20.31,20.35,20.28,20.34,
1763044200,20.71,20.96,20.67,20.96,
1763045100,20.97,20.97,20.72,20.75,
1763046000,20.78,20.86,20.56,20.57,
1763046900,20.56,20.76,20.52,20.75,
1763047800,20.76,20.99,20.76,20.99,
1763048700,21,21.25,21,21.11,
1763049600,21.1,21.24,21.04,21.16,
1763050500,21.14,21.28,21.11,21.18,
1763051400,21.17,21.4,21.09,21.37,
1763052300,21.38,21.39,21.27,21.34,
1763053200,21.33,21.45,21.25,21.4,
1763054100,21.41,21.41,21.17,21.18,
1763055000,21.17,21.27,21.11,21.26,
1763055900,21.27,21.49,21.27,21.48,
1763056800,21.47,21.58,21.43,21.5,
1763057700,21.51,21.91,21.51,21.89,
1763058600,21.91,22.19,21.91,22.05,
1763059500,22.04,22.13,21.98,22.08,
1763060400,22.07,22.23,22.07,22.23,
1763061300,22.25,22.25,22.01,22.02,
1763062200,22,22.22,22,22.17,
1763063100,22.18,22.5,22.18,22.33,
1763064000,22.32,22.42,22.29,22.33,
1763064900,22.35,22.52,22.31,22.45,
1763065800,22.42,22.42,22.15,22.2,
1763066700,22.21,22.4,22.15,22.18,
1763067600,22.13,22.13,21.88,21.88,
1763130600,23.17,23.55,22.9,22.9,
1763131500,22.92,22.92,22.61,22.69,
1763132400,22.68,22.95,22.68,22.94,
1763133300,22.86,22.86,22.45,22.46,
1763134200,22.44,22.51,22.17,22.19,
1763135100,22.17,22.17,21.92,22.03,
1763136000,22.01,22.2,21.96,22,
1763136900,21.99,21.99,21.71,21.76,
1763137800,21.77,21.85,21.7,21.8,
1763138700,21.81,21.88,21.66,21.66,
1763139600,21.69,21.69,21.46,21.49,
1763140500,21.51,21.57,21.47,21.5,
1763141400,21.49,21.56,21.37,21.44,
1763142300,21.45,21.75,21.4,21.67,
1763143200,21.64,21.91,21.61,21.61,
1763144100,21.63,21.92,21.63,21.83,
1763145000,21.8,22.02,21.74,22.01,
1763145900,22.03,22.07,21.82,21.89,
1763146800,21.87,22.03,21.87,21.92,
1763147700,21.89,21.91,21.69,21.69,
1763148600,21.67,21.69,21.58,21.6,
1763149500,21.58,21.58,21.43,21.43,
1763150400,21.44,21.56,21.39,21.56,
1763151300,21.55,21.77,21.55,21.69,
1763152200,21.7,21.75,21.61,21.74,
1763153100,21.75,21.86,21.69,21.79,
1763154000,21.7,21.77,21.57,21.58,
1763389800,22.36,22.36,21.9,21.96,
1763390700,21.98,21.98,21.74,21.88,
1763391600,21.85,22.16,21.84,22.02,
1763392500,21.98,22.15,21.95,22,
1763393400,21.98,22.27,21.98,22.12,
1763394300,22.08,22.16,21.98,22.15,
1763395200,22.14,22.48,22.12,22.48,
1763396100,22.53,22.6,22.22,22.22,
1763397000,22.2,22.22,22.02,22.04,
1763397900,22.05,22.06,21.9,21.91,
1763398800,21.92,22.08,21.91,22.06,
1763399700,22.05,22.14,22.05,22.09,
1763400600,22.08,22.32,22.07,22.32,
1763401500,22.37,22.56,22.34,22.56,
1763402400,22.57,22.7,22.56,22.59,
1763403300,22.61,22.66,22.54,22.63,
1763404200,22.65,22.74,22.65,22.66,
1763405100,22.65,23.01,22.51,23,
1763406000,23.02,23.11,22.89,22.97,
1763406900,22.98,23.13,22.97,23.03,
1763407800,23.01,23.34,22.96,23.25,
1763408700,23.24,23.56,23.23,23.56,
1763409600,23.58,23.72,23.54,23.62,
1763410500,23.63,23.64,23.45,23.47,
1763411400,23.41,23.51,23.38,23.41,
1763412300,23.39,23.39,23.15,23.26,
1763413200,23.29,23.29,23.16,23.19,
1763476200,24.08,24.31,23.91,24.28,
1763477100,24.2,24.9,24.09,24.9,
1763478000,24.91,25.22,24.7,24.84,
1763478900,24.86,25.14,24.54,24.77,
1763479800,24.78,25.02,24.61,24.88,
1763480700,24.9,25.06,24.85,25.03,
1763481600,25.04,25.29,24.67,24.69,
1763482500,24.71,24.84,24.14,24.16,
1763483400,24.15,24.26,24.07,24.13,
1763484300,24.11,24.32,24.09,24.21,
1763485200,24.22,24.42,24.12,24.42,
1763486100,24.43,24.64,24.31,24.64,
1763487000,24.65,24.77,23.9,24.02,
1763487900,23.99,24.11,23.77,23.84,
1763488800,23.85,23.87,23.71,23.84,
1763489700,23.88,23.97,23.81,23.92,
1763490600,23.93,23.93,23.65,23.78,
1763491500,23.8,23.91,23.61,23.9,
1763492400,23.87,23.87,23.67,23.68,
1763493300,23.73,23.88,23.73,23.85,
1763494200,23.83,23.93,23.58,23.77,
1763495100,23.76,23.8,23.57,23.61,
1763496000,23.6,23.83,23.54,23.83,
1763496900,23.82,24.1,23.8,24,
1763497800,23.98,24.09,23.93,24.03,
1763498700,24.04,24.29,24,24.26,
1763499600,24.29,24.57,24.29,24.53,
1763562600,24.35,24.37,23.95,23.95,
1763563500,23.97,24.01,23.44,23.44,
1763564400,23.46,23.47,23.26,23.26,
1763565300,23.21,23.44,23.17,23.4,
1763566200,23.42,23.68,23.4,23.62,
1763567100,23.63,24.3,23.63,24.28,
1763568000,24.24,24.36,24.13,24.31,
1763568900,24.28,24.42,24.15,24.33,
1763569800,24.31,24.55,24.29,24.4,
1763570700,24.43,24.53,24.31,24.31,
1763571600,24.29,24.56,24.19,24.53,
1763572500,24.52,24.59,24.41,24.48,
1763573400,24.47,24.82,24.43,24.45,
1763574300,24.46,24.59,24.24,24.29,
1763575200,24.32,24.32,24.03,24.05,
1763576100,24.07,24.22,23.95,24.18,
1763577000,24.19,24.19,23.89,24.12,
1763577900,24.13,24.25,23.91,23.97,
1763578800,24,24.12,24,24.07,
1763579700,24.05,24.48,24.05,24.43,
1763580600,24.38,24.49,24.35,24.43,
1763581500,24.42,24.46,24.09,24.19,
1763582400,24.18,24.2,24.06,24.06,
1763583300,24.04,24.04,23.73,23.86,
1763584200,23.89,23.94,23.73,23.84,
1763585100,23.83,24.03,23.83,23.93,
1763586000,23.97,24.14,23.93,24.01,
1763649000,21.69,21.71,21.51,21.61,
1763649900,21.64,21.72,21.54,21.56,
1763650800,21.57,21.8,21.51,21.79,
1763651700,21.77,21.81,21.6,21.64,
1763652600,21.62,21.71,21.61,21.66,
1763653500,21.67,22.07,21.67,22.07,
1763654400,22.09,22.53,22.09,22.53,
1763655300,22.56,22.96,22.56,22.87,
1763656200,22.89,23.92,22.89,23.92,
1763657100,23.94,25.01,23.67,25.01,
1763658000,25.02,25.89,24.69,25.63,
1763658900,25.54,26.27,25.54,25.61,
1763659800,25.6,26.32,25.43,25.72,
1763660700,25.78,26.08,25.56,25.58,
1763661600,25.53,25.55,24.33,24.33,
1763662500,24.3,24.91,24.29,24.83,
1763663400,24.84,25.54,24.81,25.54,
1763664300,25.56,26.17,25.56,25.89,
1763665200,25.94,26.16,25.73,25.75,
1763666100,25.74,25.81,25.15,25.15,
1763667000,25.21,25.54,25.21,25.24,
1763667900,25.21,25.41,24.84,24.84,
1763668800,24.83,25.1,24.83,25.04,
1763669700,25,25.17,24.8,25.05,
1763670600,25.06,25.66,24.98,25.65,
1763671500,25.66,25.97,25.5,25.77,
1763672400,25.86,25.88,25.71,25.75,
1763735400,25,25.23,24.89,25.23,
1763736300,25.27,25.52,25.1,25.42,
1763737200,25.36,25.89,25.32,25.87,
1763738100,25.86,26.32,25.75,26.26,
1763739000,26.25,26.69,26.14,26.17,
1763739900,26.24,26.3,25.92,26.15,
1763740800,26.16,26.52,26.06,26.11,
1763741700,26.14,26.28,25.49,25.49,
1763742600,25.44,25.55,25.12,25.15,
1763743500,25.14,25.26,24.57,24.57,
1763744400,24.56,24.71,24.46,24.51,
1763745300,24.52,24.67,24.49,24.55,
1763746200,24.54,24.54,24.27,24.28,
1763747100,24.26,24.44,24.24,24.36,
1763748000,24.35,24.74,24.31,24.74,
1763748900,24.75,24.85,24.53,24.53,
1763749800,24.51,24.52,24.02,24.02,
1763750700,24.01,24.04,23.63,23.8,
1763751600,23.79,23.79,23.61,23.68,
1763752500,23.69,23.74,23.54,23.57,
1763753400,23.55,23.97,23.54,23.97,
1763754300,23.94,24.14,23.89,23.98,
1763755200,23.96,24.02,23.9,23.98,
1763756100,23.96,24.15,23.85,24.15,
1763757000,24.16,24.25,23.99,24.18,
1763757900,24.17,24.24,23.98,24.17,
1763758800,24.08,24.1,23.9,23.98,
1763994600,23.32,23.32,22.85,23.14,
1763995500,23.13,23.28,22.97,23.01,
1763996400,22.9,22.9,22.64,22.64,
1763997300,22.61,22.66,22.43,22.45,
1763998200,22.46,22.5,22.31,22.32,
1763999100,22.3,22.39,22.25,22.36,
1764000000,22.37,22.37,22.12,22.19,
1764000900,22.2,22.26,22.16,22.24,
1764001800,22.25,22.32,22.21,22.21,
1764002700,22.23,22.26,22.15,22.24,
1764003600,22.23,22.26,22.18,22.22,
1764004500,22.23,22.23,22.05,22.05,
1764005400,22.04,22.06,21.94,21.96,
1764006300,21.95,22.03,21.94,22,
1764007200,22.01,22.01,21.91,21.91,
1764008100,21.92,22,21.92,22,
1764009000,21.99,22.04,21.98,21.98,
1764009900,21.97,22,21.95,21.96,
1764010800,21.94,21.95,21.86,21.94,
1764011700,21.93,22,21.93,21.99,
1764012600,22,22.07,21.99,22.04,
1764013500,22.05,22.12,22.04,22.09,
1764014400,22.07,22.08,21.97,22,
1764015300,21.99,22.05,21.96,22.01,
1764016200,22.03,22.03,21.91,21.91,
1764017100,21.92,21.96,21.78,21.88,
1764018000,21.91,21.91,21.82,21.84,
1764081000,21.78,22.03,21.62,22,
1764081900,22.02,22.6,21.86,21.86,
1764082800,21.85,22.33,21.85,22.04,
1764083700,22.02,22.1,21.87,21.88,
1764084600,21.86,21.86,21.53,21.53,
1764085500,21.55,21.76,21.47,21.63,
1764086400,21.62,21.7,21.59,21.65,
1764087300,21.66,21.67,21.36,21.42,
1764088200,21.41,21.41,21.27,21.31,
1764089100,21.35,21.38,21.2,21.23,
1764090000,21.24,21.24,21.14,21.16,
1764090900,21.17,21.18,21.05,21.11,
1764091800,21.1,21.11,21.05,21.09,
1764092700,21.08,21.16,21.05,21.16,
1764093600,21.15,21.15,21.08,21.1,
1764094500,21.11,21.15,21.06,21.06,
1764095400,21.05,21.08,21.04,21.06,
1764096300,21.05,21.05,20.98,21.01,
1764097200,21,21.04,21,21.03,
1764098100,21.04,21.13,21.03,21.07,
1764099000,21.06,21.11,21.02,21.03,
1764099900,21.02,21.02,20.88,20.89,
1764100800,20.88,20.89,20.82,20.86,
1764101700,20.87,20.87,20.82,20.82,
1764102600,20.83,20.83,20.72,20.74,
1764103500,20.75,20.78,20.66,20.78,
1764104400,20.83,20.83,20.73,20.73,
1764167400,20.37,20.4,20.31,20.32,
1764168300,20.31,20.48,20.25,20.48,
1764169200,20.51,20.52,20.34,20.41,
1764170100,20.4,20.42,20.27,20.31,
1764171000,20.32,20.32,20.18,20.22,
1764171900,20.23,20.28,20.14,20.15,
1764172800,20.14,20.17,20.09,20.09,
1764173700,20.1,20.13,20.09,20.13,
1764174600,20.14,20.15,20.05,20.06,
1764175500,20.07,20.11,20.07,20.11,
1764176400,20.1,20.16,20.09,20.13,
1764177300,20.12,20.13,20.07,20.09,
1764178200,20.08,20.11,20.05,20.07,
1764179100,20.06,20.12,20.05,20.11,
1764180000,20.1,20.24,20.04,20.11,
1764180900,20.1,20.16,20.01,20.03,
1764181800,20.04,20.14,20.04,20.14,
1764182700,20.15,20.15,20.01,20.04,
1764183600,20.03,20.04,19.94,19.94,
1764184500,19.95,19.95,19.89,19.89,
1764185400,19.88,19.99,19.88,19.97,
1764186300,19.98,20,19.93,19.98,
1764187200,19.96,20.01,19.91,19.91,
1764188100,19.92,19.93,19.89,19.9,
1764189000,19.89,19.92,19.87,19.9,
1764189900,19.91,20.04,19.9,20.04,
1764190800,20.09,20.09,19.99,20.03,
1764340200,20.73,22.02,10.06,20.09,
1764341100,20.14,20.33,20.12,20.12,
1764342000,20.16,20.18,19.91,20,
1764342900,19.99,20.06,19.99,20.05,
1764343800,20.04,20.05,19.97,19.99,
1764344700,20,20.01,19.9,19.9,
1764345600,19.91,19.91,19.84,19.84,
1764346500,19.83,19.93,19.81,19.91,
1764347400,19.92,19.93,19.83,19.87,
1764348300,19.88,19.88,19.8,19.8,
1764349200,19.79,19.83,19.75,19.77,
1764350100,19.78,19.81,19.76,19.77,
1764351000,19.76,19.76,19.71,19.76,
1764351900,19.77,19.77,19.59,19.62,
1764352800,19.6,19.65,19.59,19.64,
1764599400,20.57,20.6,20.41,20.5,
1764600300,20.51,20.51,20.18,20.21,
1764601200,20.2,20.24,20.16,20.2,
1764602100,20.21,20.36,20.19,20.35,
1764603000,20.37,20.48,20.24,20.29,
1764603900,20.28,20.3,20.04,20.04,
1764604800,20.05,20.16,20.03,20.13,
1764605700,20.14,20.18,20.03,20.06,
1764606600,20.05,20.05,19.89,19.91,
1764607500,19.9,19.95,19.87,19.95,
1764608400,19.94,19.94,19.88,19.92,
1764609300,19.97,19.98,19.89,19.9,
1764610200,19.89,19.9,19.84,19.84,
1764611100,19.83,19.91,19.82,19.9,
1764612000,19.89,19.89,19.83,19.84,
1764612900,19.83,19.87,19.82,19.87,
1764613800,19.86,19.87,19.83,19.86,
1764614700,19.84,19.86,19.82,19.84,
1764615600,19.85,20.01,19.85,19.97,
1764616500,19.96,20.12,19.96,20.12,
1764617400,20.11,20.2,20.06,20.14,
1764618300,20.15,20.18,20.1,20.16,
1764619200,20.17,20.17,20.05,20.05,
1764620100,20.07,20.13,20.04,20.1,
1764621000,20.08,20.13,20.04,20.04,
1764621900,20.05,20.33,20.05,20.3,
1764622800,20.18,20.24,20.18,20.21,
1764685800,20,20.03,19.86,19.99,
1764686700,19.98,20.05,19.94,19.95,
1764687600,19.94,19.95,19.84,19.89,
1764688500,19.87,20.08,19.84,20.06,
1764689400,20.07,20.11,19.84,19.84,
1764690300,19.85,19.87,19.73,19.78,
1764691200,19.79,20.01,19.76,19.99,
1764692100,19.98,20.16,19.91,20.15,
1764693000,20.11,20.25,19.99,20.04,
1764693900,20.07,20.14,20.03,20.11,
1764694800,20.09,20.09,19.99,19.99,
1764695700,19.97,19.97,19.79,19.8,
1764696600,19.79,19.89,19.78,19.87,
1764697500,19.86,20.14,19.85,20.14,
1764698400,20.15,20.15,19.96,20.05,
1764699300,20.06,20.07,19.93,19.98,
1764700200,19.99,20.04,19.94,19.98,
1764701100,19.99,20.01,19.92,19.93,
1764702000,19.91,19.94,19.84,19.88,
1764702900,19.87,19.99,19.87,19.92,
1764703800,19.91,19.91,19.85,19.89,
1764704700,19.9,19.91,19.79,19.82,
1764705600,19.83,19.85,19.78,19.81,
1764706500,19.82,19.82,19.78,19.79,
1764707400,19.8,19.8,19.73,19.75,
1764708300,19.76,19.83,19.73,19.8,
1764709200,19.83,19.85,19.82,19.84,
1764772200,20.13,20.16,19.98,20.03,
1764773100,20.02,20.15,19.99,20,
1764774000,19.94,19.99,19.83,19.96,
1764774900,19.95,19.98,19.87,19.9,
1764775800,19.91,19.94,19.77,19.81,
1764776700,19.8,19.81,19.76,19.78,
1764777600,19.76,19.88,19.72,19.84,
1764778500,19.85,19.85,19.76,19.8,
1764779400,19.79,19.79,19.65,19.68,
1764780300,19.69,19.85,19.68,19.81,
1764781200,19.8,19.82,19.71,19.71,
1764782100,19.7,19.7,19.63,19.63,
1764783000,19.64,19.69,19.63,19.66,
1764783900,19.65,19.7,19.65,19.7,
1764784800,19.69,19.72,19.67,19.69,
1764785700,19.68,19.73,19.68,19.69,
1764786600,19.67,19.68,19.64,19.64,
1764787500,19.65,19.7,19.64,19.68,
1764788400,19.67,19.68,19.64,19.64,
1764789300,19.65,19.67,19.63,19.64,
1764790200,19.65,19.65,19.62,19.63,
1764791100,19.64,19.65,19.62,19.64,
1764792000,19.63,19.68,19.62,19.63,
1764792900,19.64,19.7,19.63,19.66,
1764793800,19.67,19.69,19.64,19.64,
1764794700,19.63,19.75,19.63,19.72,
1764795600,19.74,19.74,19.7,19.71,
1764858600,19.68,19.84,19.65,19.81,
1764859500,19.83,19.98,19.81,19.96,
1764860400,19.93,19.96,19.87,19.89,
1764861300,19.9,20,19.81,19.84,
1764862200,19.85,19.85,19.71,19.75,
1764863100,19.73,19.85,19.73,19.83,
1764864000,19.84,20,19.82,19.89,
1764864900,19.87,19.89,19.77,19.84,
1764865800,19.82,19.86,19.78,19.85,
1764866700,19.84,19.84,19.62,19.63,
1764867600,19.64,19.77,19.61,19.69,
1764868500,19.68,19.72,19.67,19.69,
1764869400,19.71,19.73,19.66,19.68,
1764870300,19.67,19.69,19.64,19.65,
1764871200,19.64,19.74,19.64,19.67,
1764872100,19.66,19.66,19.58,19.58,
1764873000,19.59,19.67,19.59,19.65,
1764873900,19.64,19.64,19.6,19.6,
1764874800,19.61,19.68,19.6,19.66,
1764875700,19.65,19.95,19.65,19.8,
1764876600,19.81,19.81,19.59,19.64,
1764877500,19.62,19.67,19.6,19.66,
1764878400,19.65,19.74,19.6,19.61,
1764879300,19.62,19.65,19.59,19.63,
1764880200,19.64,19.64,19.59,19.61,
1764881100,19.62,19.63,19.47,19.47,
1764882000,19.48,19.51,19.48,19.49,
1764945000,19.46,19.55,19.43,19.5,
1764945900,19.52,19.52,19.46,19.5,
1764946800,19.67,19.67,19.36,19.37,
1764947700,19.36,19.42,19.36,19.4,
1764948600,19.39,19.41,19.33,19.41,
1764949500,19.42,19.5,19.37,19.46,
1764950400,19.47,19.49,19.44,19.48,
1764951300,19.49,19.54,19.44,19.51,
1764952200,19.52,19.62,19.52,19.6,
1764953100,19.58,19.58,19.42,19.46,
1764954000,19.49,19.55,19.46,19.52,
1764954900,19.53,19.53,19.45,19.47,
1764955800,19.46,19.56,19.46,19.47,
1764956700,19.49,19.49,19.34,19.35,
1764957600,19.34,19.35,19.3,19.33,
1764958500,19.34,19.39,19.27,19.27,
1764959400,19.26,19.31,19.24,19.28,
1764960300,19.29,19.31,19.27,19.28,
1764961200,19.29,19.33,19.28,19.28,
1764962100,19.29,19.36,19.28,19.34,
1764963000,19.33,19.35,19.31,19.33,
1764963900,19.32,19.34,19.27,19.27,
1764964800,19.25,19.33,19.25,19.29,
1764965700,19.28,19.29,19.26,19.27,
1764966600,19.26,19.29,19.24,19.25,
1764967500,19.24,19.37,19.23,19.23,
1764968400,19.28,19.28,19.25,19.27,
1765204200,19.65,19.76,19.64,19.69,
1765205100,19.7,19.77,19.66,19.75,
1765206000,19.76,19.77,19.7,19.77,
1765206900,19.76,19.89,19.74,19.8,
1765207800,19.81,19.82,19.72,19.79,
1765208700,19.8,19.86,19.75,19.84,
1765209600,19.88,19.94,19.82,19.88,
1765210500,19.89,19.89,19.8,19.83,
1765211400,19.82,19.99,19.82,19.97,
1765212300,19.96,20.04,19.96,20.03,
1765213200,20.04,20.11,20,20.05,
1765214100,20.04,20.1,20.02,20.06,
1765215000,20.05,20.06,19.99,20.01,
1765215900,20.02,20.03,19.82,19.82,
1765216800,19.84,19.89,19.81,19.86,
1765217700,19.87,19.98,19.87,19.98,
1765218600,20,20.05,19.96,19.97,
1765219500,19.96,20.14,19.96,20.11,
1765220400,20.1,20.13,20.05,20.08,
1765221300,20.06,20.06,19.99,20.02,
1765222200,20.01,20.02,19.95,19.98,
1765223100,19.99,20.04,19.96,20.03,
1765224000,20.01,20.06,20.01,20.02,
1765224900,20.01,20.04,20,20.02,
1765225800,20.01,20.08,20,20.02,
1765226700,20.01,20.03,19.89,19.89,
1765227600,19.88,19.91,19.85,19.91,
1765290600,20.17,20.22,20.07,20.07,
1765291500,20.08,20.1,19.96,19.97,
1765292400,19.98,20,19.91,19.98,
1765293300,19.99,20.03,19.98,19.98,
1765294200,19.99,20.01,19.96,19.96,
1765295100,19.94,20.02,19.91,19.92,
1765296000,19.91,19.91,19.86,19.86,
1765296900,19.84,19.85,19.81,19.85,
1765297800,19.84,19.89,19.8,19.88,
1765298700,19.87,19.88,19.82,19.86,
1765299600,19.85,19.88,19.84,19.86,
1765300500,19.87,19.94,19.87,19.89,
1765301400,19.88,19.95,19.86,19.93,
1765302300,19.94,19.98,19.91,19.91,
1765303200,19.92,19.95,19.88,19.91,
1765304100,19.9,19.91,19.88,19.9,
1765305000,19.89,19.95,19.89,19.95,
1765305900,19.98,20,19.87,19.89,
1765306800,19.88,19.9,19.88,19.9,
1765307700,19.91,19.92,19.89,19.92,
1765308600,19.93,19.98,19.91,19.97,
1765309500,19.96,19.97,19.9,19.91,
1765310400,19.92,19.95,19.9,19.94,
1765311300,19.95,19.96,19.93,19.95,
1765312200,19.96,19.97,19.93,19.96,
1765313100,19.95,20.07,19.92,20.04,
1765314000,20.03,20.1,20.03,20.08,
1765377000,20.29,20.46,20.25,20.28,
1765377900,20.29,20.29,20.12,20.12,
1765378800,20.1,20.16,20.08,20.13,
1765379700,20.14,20.16,20.09,20.13,
1765380600,20.15,20.28,20.13,20.14,
1765381500,20.15,20.17,20.05,20.15,
1765382400,20.16,20.25,20.05,20.05,
1765383300,20.04,20.05,19.98,20,
1765384200,20.01,20.07,19.99,20.07,
1765385100,20.08,20.08,20,20.03,
1765386000,20.04,20.08,20.03,20.06,
1765386900,20.07,20.1,20.05,20.09,
1765387800,20.1,20.11,20.05,20.1,
1765388700,20.09,20.09,19.97,19.99,
1765389600,19.98,20.03,19.98,20.02,
1765390500,20.03,20.12,20.03,20.1,
1765391400,20.11,20.13,20.06,20.12,
1765392300,20.13,20.14,20.04,20.05,
1765393200,20.18,20.18,19.69,19.76,
1765394100,19.75,19.85,19.66,19.8,
1765395000,19.78,19.85,19.53,19.75,
1765395900,19.66,19.66,19.3,19.33,
1765396800,19.31,19.39,19.23,19.26,
1765397700,19.25,19.34,19.25,19.29,
1765398600,19.3,19.3,19.2,19.3,
1765399500,19.29,19.39,19.27,19.39,
1765400400,19.37,19.45,19.35,19.35,
1765463400,19.66,19.7,19.58,19.6,
1765464300,19.59,19.99,19.59,19.96,
1765465200,19.93,19.99,19.58,19.59,
1765466100,19.6,19.62,19.41,19.48,
1765467000,19.47,19.6,19.45,19.59,
1765467900,19.58,19.75,19.52,19.52,
1765468800,19.47,19.55,19.47,19.5,
1765469700,19.51,19.55,19.43,19.53,
1765470600,19.49,19.52,19.28,19.33,
1765471500,19.34,19.52,19.3,19.48,
1765472400,19.46,19.46,19.22,19.23,
1765473300,19.27,19.29,19.14,19.19,
1765474200,19.2,19.2,19.12,19.18,
1765475100,19.17,19.25,19.15,19.21,
1765476000,19.2,19.37,19.14,19.15,
1765476900,19.14,19.21,19.14,19.19,
1765477800,19.2,19.23,19.14,19.17,
1765478700,19.16,19.22,19.16,19.2,
1765479600,19.21,19.23,19.17,19.2,
1765480500,19.19,19.19,19.13,19.13,
1765481400,19.12,19.12,19.07,19.09,
1765482300,19.1,19.12,19.07,19.11,
1765483200,19.1,19.1,19.06,19.09,
1765484100,19.08,19.12,19.07,19.11,
1765485000,19.12,19.14,19.06,19.07,
1765485900,19.06,19.09,18.98,18.99,
1765486800,18.96,18.96,18.9,18.92,
1765549800,19.08,19.15,18.92,18.97,
1765550700,18.96,19.04,18.94,19,
1765551600,19.02,19.21,19.02,19.15,
1765552500,19.16,19.5,19.16,19.49,
1765553400,19.51,19.55,19.28,19.28,
1765554300,19.26,19.8,19.18,19.73,
1765555200,19.75,20.15,19.67,19.97,
1765556100,19.98,20.26,19.89,20.05,
1765557000,20.03,20.47,20.03,20.19,
1765557900,20.18,20.26,20.15,20.16,
1765558800,20.13,20.13,19.84,19.87,
1765559700,19.85,19.98,19.66,19.98,
1765560600,19.97,20.02,19.69,19.7,
1765561500,19.71,19.71,19.55,19.58,
1765562400,19.57,19.6,19.31,19.36,
1765563300,19.35,19.4,19.26,19.31,
1765564200,19.3,19.42,19.29,19.4,
1765565100,19.39,19.44,19.32,19.44,
1765566000,19.43,19.61,19.43,19.58,
1765566900,19.6,19.67,19.58,19.63,
1765567800,19.62,19.62,19.48,19.51,
1765568700,19.52,19.52,19.42,19.42,
1765569600,19.41,19.46,19.32,19.38,
1765570500,19.39,19.48,19.32,19.42,
1765571400,19.43,19.57,19.43,19.46,
1765572300,19.45,19.45,19.29,19.3,
1765573200,19.28,19.28,19.24,19.26,
1765809000,19.31,19.51,19.3,19.47,
1765809900,19.49,19.64,19.47,19.61,
1765810800,19.64,19.83,19.64,19.82,
1765811700,19.87,20.17,19.84,20.12,
1765812600,20.11,20.11,19.86,19.86,
1765813500,19.84,19.95,19.78,19.9,
1765814400,19.88,19.94,19.77,19.83,
1765815300,19.85,19.85,19.55,19.56,
1765816200,19.57,19.87,19.55,19.83,
1765817100,19.86,19.89,19.68,19.79,
1765818000,19.8,19.8,19.72,19.77,
1765818900,19.8,19.85,19.72,19.78,
1765819800,19.79,19.87,19.71,19.72,
1765820700,19.71,19.99,19.7,19.85,
1765821600,19.83,19.88,19.75,19.75,
1765822500,19.74,19.96,19.72,19.91,
1765823400,19.9,19.94,19.84,19.84,
1765824300,19.83,19.83,19.66,19.66,
1765825200,19.68,19.7,19.61,19.7,
1765826100,19.71,19.76,19.67,19.7,
1765827000,19.69,19.74,19.68,19.74,
1765827900,19.75,19.76,19.62,19.62,
1765828800,19.63,19.67,19.6,19.63,
1765829700,19.64,19.73,19.61,19.69,
1765830600,19.7,19.76,19.67,19.74,
1765831500,19.73,19.75,19.65,19.66,
1765832400,19.72,19.76,19.68,19.68,
1765895400,19.92,20.27,19.87,20.19,
1765896300,20.08,20.31,19.78,19.8,
1765897200,19.78,19.96,19.7,19.86,
1765898100,19.88,20.3,19.88,20.09,
1765899000,20.03,20.16,19.95,20.02,
1765899900,20.01,20.03,19.78,19.83,
1765900800,19.82,19.99,19.79,19.95,
1765901700,19.96,20.07,19.93,20.04,
1765902600,20.07,20.09,19.95,19.98,
1765903500,19.96,20,19.78,19.78,
1765904400,19.79,19.88,19.72,19.73,
1765905300,19.74,19.99,19.7,19.95,
1765906200,19.89,20.04,19.83,20.03,
1765907100,20,20.14,19.91,20.13,
1765908000,20.14,20.25,20.12,20.13,
1765908900,20.11,20.19,20.07,20.14,
1765909800,20.12,20.12,19.8,19.8,
1765910700,19.81,19.87,19.73,19.85,
1765911600,19.89,20.05,19.85,20.05,
1765912500,20.06,20.11,19.98,19.99,
1765913400,19.98,19.98,19.83,19.84,
1765914300,19.85,19.89,19.77,19.82,
1765915200,19.81,19.81,19.67,19.71,
1765916100,19.72,19.75,19.64,19.65,
1765917000,19.64,19.64,19.5,19.52,
1765917900,19.55,19.67,19.52,19.67,
1765918800,19.69,19.69,19.64,19.68,
1765981800,19.59,19.82,19.48,19.82,
1765982700,19.79,19.88,19.5,19.5,
1765983600,19.49,19.59,19.45,19.54,
1765984500,19.49,19.63,19.48,19.48,
1765985400,19.52,19.98,19.5,19.96,
1765986300,19.93,20.2,19.85,20.13,
1765987200,20.14,20.19,19.98,20.19,
1765988100,20.22,20.26,19.96,20.03,
1765989000,20.09,20.17,20.03,20.06,
1765989900,20.07,20.23,20.03,20.13,
1765990800,20.11,20.25,20.07,20.22,
1765991700,20.23,20.25,19.98,20.11,
1765992600,20.1,20.18,20,20.18,
1765993500,20.22,20.25,20.11,20.14,
1765994400,20.09,20.35,19.95,20.12,
1765995300,20.14,20.19,20.11,20.14,
1765996200,20.15,20.32,20.1,20.23,
1765997100,20.22,20.33,20.19,20.29,
1765998000,20.27,20.32,20.21,20.21,
1765998900,20.2,20.22,20.15,20.21,
1765999800,20.2,20.25,20.16,20.17,
1766000700,20.16,20.16,20,20.01,
1766001600,20,20.09,19.98,20.05,
1766002500,20.06,20.12,20,20.1,
1766003400,20.08,20.15,20.03,20.03,
1766004300,20.04,20.34,19.98,20.28,
1766005200,20.33,20.33,20.09,20.09,
1766068200,19.51,19.81,19.44,19.81,
1766069100,19.79,19.89,19.56,19.6,
1766070000,19.58,19.78,19.51,19.74,
1766070900,19.72,19.78,19.44,19.45,
1766071800,19.46,19.46,19.28,19.31,
1766072700,19.3,19.45,19.3,19.4,
1766073600,19.41,19.43,19.29,19.35,
1766074500,19.37,19.4,19.31,19.37,
1766075400,19.36,19.37,19.25,19.29,
1766076300,19.3,19.46,19.3,19.43,
1766077200,19.44,19.92,19.44,19.9,
1766078100,19.87,20.02,19.8,19.91,
1766079000,19.89,19.92,19.52,19.53,
1766079900,19.52,19.69,19.46,19.59,
1766080800,19.58,19.65,19.49,19.54,
1766081700,19.55,19.55,19.44,19.45,
1766082600,19.44,19.44,19.36,19.44,
1766083500,19.45,19.54,19.45,19.53,
1766084400,19.54,19.75,19.52,19.64,
1766085300,19.63,19.71,19.61,19.61,
1766086200,19.64,19.73,19.6,19.73,
1766087100,19.74,19.89,19.63,19.81,
1766088000,19.82,19.82,19.55,19.55,
1766088900,19.54,19.58,19.45,19.48,
1766089800,19.49,19.49,19.34,19.34,
1766090700,19.32,19.53,19.31,19.51,
1766091600,19.55,19.59,19.5,19.58,
1766154600,19.05,19.05,18.78,18.78,
1766155500,18.76,18.81,18.68,18.69,
1766156400,18.84,18.84,18.61,18.7,
1766157300,18.72,18.76,18.67,18.68,
1766158200,18.69,18.73,18.57,18.7,
1766159100,18.72,18.78,18.71,18.72,
1766160000,18.74,18.78,18.57,18.64,
1766160900,18.65,18.66,18.6,18.6,
1766161800,18.59,18.63,18.57,18.62,
1766162700,18.63,18.68,18.6,18.65,
1766163600,18.64,18.64,18.59,18.61,
1766164500,18.6,18.6,18.55,18.58,
1766165400,18.59,18.61,18.57,18.59,
1766166300,18.58,18.6,18.53,18.56,
1766167200,18.57,18.6,18.56,18.56,
1766168100,18.55,18.58,18.53,18.58,
1766169000,18.57,18.63,18.56,18.61,
1766169900,18.62,18.64,18.59,18.61,
1766170800,18.62,18.62,18.53,18.53,
1766171700,18.55,18.55,18.52,18.53,
1766172600,18.54,18.54,18.45,18.46,
1766173500,18.44,18.47,18.44,18.47,
1766174400,18.46,18.48,18.44,18.48,
1766175300,18.47,18.48,18.41,18.42,
1766176200,18.41,18.45,18.37,18.44,
1766177100,18.43,18.44,18.35,18.35,
1766178000,18.32,18.35,18.25,18.25,
1766413800,18.16,18.19,18.08,18.17,
1766414700,18.15,18.16,17.96,17.96,
1766415600,17.95,17.99,17.92,17.98,
1766416500,17.97,17.97,17.88,17.89,
1766417400,17.88,18.03,17.88,17.91,
1766418300,17.9,17.92,17.89,17.91,
1766419200,17.92,17.92,17.83,17.83,
1766420100,17.82,17.84,17.81,17.83,
1766421000,17.82,17.86,17.82,17.86,
1766421900,17.87,17.88,17.83,17.83,
1766422800,17.84,17.87,17.83,17.85,
1766423700,17.84,17.87,17.84,17.87,
1766424600,17.86,17.88,17.83,17.84,
1766425500,17.83,17.83,17.78,17.79,
1766426400,17.78,17.84,17.77,17.84,
1766427300,17.85,17.91,17.85,17.88,
1766428200,17.87,17.88,17.86,17.87,
1766429100,17.88,17.9,17.87,17.89,
1766430000,17.88,17.9,17.87,17.89,
1766430900,17.88,17.89,17.82,17.82,
1766431800,17.81,17.82,17.79,17.82,
1766432700,17.81,17.82,17.79,17.79,
1766433600,17.78,17.79,17.77,17.78,
1766434500,17.77,17.79,17.75,17.76,
1766435400,17.75,17.77,17.75,17.77,
1766436300,17.78,17.82,17.76,17.77,
1766437200,17.79,17.8,17.78,17.79,
1766500200,17.81,17.83,17.75,17.77,
1766501100,17.76,17.84,17.72,17.81,
1766502000,17.82,17.9,17.8,17.83,
1766502900,17.82,17.82,17.73,17.78,
1766503800,17.76,17.76,17.66,17.67,
1766504700,17.68,17.68,17.65,17.66,
1766505600,17.67,17.7,17.66,17.68,
1766506500,17.67,17.68,17.65,17.68,
1766507400,17.67,17.67,17.64,17.64,
1766508300,17.65,17.68,17.63,17.68,
1766509200,17.67,17.7,17.67,17.69,
1766510100,17.7,17.7,17.67,17.7,
1766511000,17.69,17.74,17.69,17.73,
1766511900,17.74,17.75,17.72,17.73,
1766512800,17.74,17.74,17.7,17.72,
1766513700,17.71,17.72,17.69,17.7,
1766514600,17.69,17.69,17.66,17.67,
1766515500,17.66,17.69,17.66,17.69,
1766516400,17.67,17.68,17.66,17.67,
1766517300,17.68,17.68,17.65,17.66,
1766518200,17.67,17.72,17.67,17.7,
1766519100,17.69,17.72,17.69,17.72,
1766520000,17.71,17.73,17.7,17.73,
1766520900,17.72,17.74,17.72,17.73,
1766521800,17.72,17.74,17.72,17.74,
1766522700,17.73,17.76,17.72,17.74,
1766523600,17.76,17.84,17.74,17.84,
1766586600,17.93,17.93,17.8,17.8,
1766587500,17.79,17.81,17.77,17.81,
1766588400,17.8,17.8,17.74,17.75,
1766589300,17.74,17.76,17.74,17.74,
1766590200,17.73,17.75,17.73,17.74,
1766591100,17.73,17.73,17.7,17.7,
1766592000,17.69,17.69,17.65,17.66,
1766592900,17.65,17.67,17.65,17.65,
1766593800,17.66,17.66,17.63,17.65,
1766594700,17.66,17.68,17.66,17.67,
1766595600,17.68,17.69,17.66,17.68,
1766596500,17.69,17.72,17.68,17.7,
1766597400,17.69,17.71,17.68,17.71,
1766598300,17.7,17.73,17.69,17.73,
1766599200,17.75,17.79,17.73,17.76,
1766759400,17.93,17.93,17.81,17.88,
1766760300,17.87,18,17.87,17.98,
1766761200,17.99,18.05,17.98,17.99,
1766762100,18,18.02,17.88,17.89,
1766763000,17.88,17.89,17.86,17.89,
1766763900,17.88,17.88,17.84,17.84,
1766764800,17.83,17.92,17.83,17.92,
1766765700,17.91,17.93,17.88,17.89,
1766766600,17.9,17.9,17.84,17.84,
1766767500,17.85,17.88,17.84,17.84,
1766768400,17.85,17.9,17.85,17.89,
1766769300,17.88,17.89,17.78,17.78,
1766770200,17.77,17.82,17.77,17.81,
1766771100,17.8,17.8,17.77,17.78,
1766772000,17.77,17.77,17.76,17.77,
1766772900,17.78,17.84,17.78,17.82,
1766773800,17.81,17.81,17.78,17.81,
1766774700,17.82,17.82,17.79,17.8,
1766775600,17.79,17.8,17.78,17.79,
1766776500,17.8,17.82,17.79,17.8,
1766777400,17.81,17.81,17.79,17.8,
1766778300,17.81,17.81,17.8,17.81,
1766779200,17.8,17.81,17.77,17.77,
1766780100,17.76,17.77,17.74,17.74,
1766781000,17.75,17.75,17.71,17.71,
1766781900,17.72,17.79,17.72,17.79,
1766782800,17.77,17.79,17.75,17.77,
1767018600,18.26,18.29,18.15,18.18,
1767019500,18.23,18.26,18.19,18.21,
1767020400,18.22,18.24,18.17,18.23,
1767021300,18.22,18.22,18.12,18.12,
1767022200,18.11,18.13,18.04,18.04,
1767023100,18.05,18.18,18.05,18.12,
1767024000,18.14,18.17,18.09,18.09,
1767024900,18.1,18.15,18.1,18.13,
1767025800,18.12,18.17,18.09,18.16,
1767026700,18.15,18.15,18.06,18.08,
1767027600,18.09,18.09,18.05,18.07,
1767028500,18.06,18.12,18.05,18.11,
1767029400,18.1,18.11,18.07,18.07,
1767030300,18.06,18.06,17.97,17.97,
1767031200,17.98,18,17.95,17.96,
1767032100,17.95,17.96,17.89,17.89,
1767033000,17.88,17.88,17.84,17.86,
1767033900,17.87,17.88,17.86,17.87,
1767034800,17.86,17.89,17.86,17.86,
1767035700,17.87,17.87,17.81,17.81,
1767036600,17.8,17.8,17.74,17.75,
1767037500,17.76,17.77,17.73,17.74,
1767038400,17.75,17.75,17.67,17.67,
1767039300,17.66,17.68,17.65,17.68,
1767040200,17.67,17.72,17.67,17.72,
1767041100,17.71,17.8,17.71,17.8,
1767042000,17.79,17.82,17.79,17.82,
1767105000,17.88,17.89,17.78,17.82,
1767105900,17.83,17.83,17.68,17.7,
1767106800,17.71,17.8,17.71,17.8,
1767107700,17.79,17.8,17.69,17.74,
1767108600,17.73,17.78,17.73,17.76,
1767109500,17.75,17.75,17.66,17.66,
1767110400,17.65,17.65,17.59,17.6,
1767111300,17.61,17.61,17.55,17.57,
1767112200,17.58,17.63,17.57,17.62,
1767113100,17.63,17.68,17.62,17.68,
1767114000,17.69,17.71,17.68,17.71,
1767114900,17.73,17.73,17.68,17.68,
1767115800,17.69,17.69,17.65,17.67,
1767116700,17.68,17.7,17.66,17.66,
1767117600,17.67,17.71,17.67,17.68,
1767118500,17.7,17.71,17.69,17.7,
1767119400,17.69,17.76,17.69,17.76,
1767120300,17.75,17.75,17.73,17.73,
1767121200,17.74,17.76,17.71,17.71,
1767122100,17.72,17.73,17.68,17.68,
1767123000,17.67,17.67,17.64,17.64,
1767123900,17.65,17.69,17.64,17.68,
1767124800,17.69,17.72,17.66,17.69,
1767125700,17.7,17.7,17.62,17.63,
1767126600,17.62,17.63,17.6,17.61,
1767127500,17.62,17.78,17.62,17.78,
1767128400,17.76,17.8,17.76,17.78,
1767191400,17.84,17.99,17.84,17.97,
1767192300,18,18.02,17.89,17.94,
1767193200,17.95,18.02,17.94,18,
1767194100,17.99,18.06,17.99,18.01,
1767195000,18,18.04,17.99,18.03,
1767195900,18.04,18.12,18.03,18.12,
1767196800,18.11,18.11,18.04,18.06,
1767197700,18.05,18.05,18.01,18.01,
1767198600,18.02,18.03,17.99,18,
1767199500,17.99,18.01,17.92,17.93,
1767200400,17.92,18.02,17.92,18,
1767201300,17.99,18.01,17.97,18,
1767202200,18.01,18.01,17.98,18,
1767203100,17.99,18.03,17.99,18.02,
1767204000,18.01,18.02,17.97,17.97,
1767204900,17.96,17.99,17.93,17.93,
1767205800,17.95,17.95,17.92,17.93,
1767206700,17.92,17.93,17.87,17.88,
1767207600,17.87,17.87,17.83,17.86,
1767208500,17.85,17.91,17.85,17.91,
1767209400,17.9,18.03,17.9,18.01,
1767210300,18.02,18.09,18.01,18.07,
1767211200,18.08,18.22,18.08,18.2,
1767212100,18.18,18.31,18.17,18.3,
1767213000,18.29,18.29,18.12,18.13,
1767213900,18.12,18.28,18.12,18.25,
1767214800,18.24,18.26,18.17,18.17,
1767364200,18.01,18.26,18.01,18.2,
1767365100,18.18,18.18,17.96,18.01,
1767366000,18.02,18.2,17.96,18.2,
1767366900,18.19,18.5,18.16,18.36,
1767367800,18.37,18.38,18.08,18.12,
1767368700,18.11,18.45,18.1,18.44,
1767369600,18.41,18.5,18.37,18.39,
1767370500,18.36,18.41,18.24,18.28,
1767371400,18.29,18.31,18.14,18.23,
1767372300,18.22,18.39,18.22,18.27,
1767373200,18.26,18.29,18.11,18.12,
1767374100,18.1,18.12,18.08,18.08,
1767375000,18.06,18.15,18.02,18.13,
1767375900,18.12,18.24,18.1,18.22,
1767376800,18.21,18.25,18.17,18.25,
1767377700,18.26,18.26,18.14,18.2,
1767378600,18.21,18.24,18.17,18.21,
1767379500,18.19,18.4,18.19,18.35,
1767380400,18.32,18.32,18.11,18.11,
1767381300,18.1,18.14,18.02,18.04,
1767382200,18.02,18.03,17.98,18.02,
1767383100,18.03,18.11,18.02,18.09,
1767384000,18.1,18.1,18.02,18.05,
1767384900,18.06,18.09,18.03,18.05,
1767385800,18.06,18.08,18.02,18.06,
1767386700,18.07,18.16,18.04,18.07,
1767387600,18.09,18.09,18.01,18.02,
1767623400,18.17,18.26,18.17,18.22,
1767624300,18.23,18.33,18.2,18.28,
1767625200,18.26,18.3,18.17,18.18,
1767626100,18.17,18.2,18.12,18.12,
1767627000,18.11,18.21,18.11,18.21,
1767627900,18.17,18.25,18.17,18.24,
1767628800,18.25,18.28,18.24,18.26,
1767629700,18.27,18.28,18.22,18.24,
1767630600,18.23,18.25,18.21,18.22,
1767631500,18.21,18.22,18.17,18.21,
1767632400,18.2,18.22,18.19,18.19,
1767633300,18.2,18.23,18.2,18.22,
1767634200,18.23,18.23,18.2,18.23,
1767635100,18.22,18.24,18.21,18.22,
1767636000,18.21,18.24,18.2,18.21,
1767636900,18.22,18.27,18.2,18.2,
1767637800,18.19,18.2,18.17,18.17,
1767638700,18.16,18.17,18.15,18.16,
1767639600,18.15,18.18,18.14,18.18,
1767640500,18.17,18.22,18.17,18.22,
1767641400,18.23,18.32,18.22,18.3,
1767642300,18.29,18.3,18.26,18.29,
1767643200,18.3,18.33,18.29,18.3,
1767644100,18.31,18.35,18.31,18.33,
1767645000,18.32,18.33,18.31,18.33,
1767645900,18.32,18.37,18.32,18.35,
1767646800,18.32,18.35,18.31,18.32,
1767709800,18.34,18.35,18.22,18.23,
1767710700,18.25,18.25,18.02,18.12,
1767711600,18.11,18.16,18.11,18.11,
1767712500,18.12,18.18,18.12,18.15,
1767713400,18.17,18.3,18.17,18.3,
1767714300,18.32,18.34,18.24,18.3,
1767715200,18.32,18.37,18.29,18.31,
1767716100,18.32,18.32,18.19,18.26,
1767717000,18.25,18.3,18.23,18.29,
1767717900,18.28,18.28,18.23,18.25,
1767718800,18.26,18.27,18.21,18.21,
1767719700,18.2,18.21,18.15,18.2,
1767720600,18.19,18.21,18.15,18.2,
1767721500,18.19,18.21,18.19,18.21,
1767722400,18.22,18.24,18.22,18.22,
1767723300,18.21,18.22,18.19,18.21,
1767724200,18.2,18.23,18.16,18.16,
1767725100,18.15,18.16,18.13,18.15,
1767726000,18.14,18.17,18.14,18.14,
1767726900,18.16,18.18,18.16,18.17,
1767727800,18.16,18.17,18.14,18.16,
1767728700,18.15,18.17,18.15,18.16,
1767729600,18.15,18.15,18.13,18.13,
1767730500,18.14,18.16,18.13,18.13,
1767731400,18.12,18.12,18.09,18.12,
1767732300,18.11,18.14,18.11,18.14,
1767733200,18.15,18.18,18.14,18.15,
1767796200,18.31,18.36,18.28,18.29,
1767797100,18.28,18.35,18.26,18.35,
1767798000,18.3,18.44,18.3,18.43,
1767798900,18.45,18.49,18.39,18.39,
1767799800,18.4,18.49,18.33,18.39,
1767800700,18.38,18.38,18.31,18.31,
1767801600,18.29,18.3,18.28,18.3,
1767802500,18.29,18.39,18.29,18.39,
1767803400,18.37,18.37,18.24,18.24,
1767804300,18.25,18.26,18.22,18.25,
1767805200,18.24,18.26,18.22,18.25,
1767806100,18.26,18.29,18.25,18.28,
1767807000,18.29,18.33,18.29,18.29,
1767807900,18.3,18.35,18.3,18.33,
1767808800,18.34,18.36,18.34,18.35,
1767809700,18.36,18.45,18.36,18.45,
1767810600,18.44,18.44,18.34,18.34,
1767811500,18.33,18.34,18.3,18.32,
1767812400,18.33,18.37,18.31,18.36,
1767813300,18.37,18.42,18.37,18.39,
1767814200,18.38,18.39,18.36,18.38,
1767815100,18.37,18.38,18.36,18.37,
1767816000,18.38,18.49,18.38,18.49,
1767816900,18.51,18.55,18.45,18.54,
1767817800,18.55,18.63,18.55,18.56,
1767818700,18.55,18.58,18.51,18.55,
1767819600,18.56,18.6,18.56,18.59,
1767882600,18.72,18.8,18.68,18.77,
1767883500,18.76,18.8,18.61,18.66,
1767884400,18.69,18.7,18.53,18.53,
1767885300,18.52,18.52,18.43,18.45,
1767886200,18.47,18.5,18.39,18.39,
1767887100,18.4,18.49,18.36,18.36,
1767888000,18.37,18.45,18.36,18.43,
1767888900,18.42,18.45,18.37,18.39,
1767889800,18.4,18.47,18.36,18.38,
1767890700,18.37,18.42,18.34,18.35,
1767891600,18.36,18.38,18.35,18.36,
1767892500,18.37,18.39,18.32,18.38,
1767893400,18.39,18.39,18.33,18.34,
1767894300,18.35,18.35,18.29,18.33,
1767895200,18.35,18.48,18.35,18.48,
1767896100,18.49,18.49,18.43,18.45,
1767897000,18.46,18.49,18.45,18.46,
1767897900,18.44,18.53,18.43,18.53,
1767898800,18.54,18.55,18.5,18.55,
1767899700,18.56,18.59,18.51,18.55,
1767900600,18.54,18.58,18.51,18.57,
1767901500,18.56,18.59,18.53,18.56,
1767902400,18.55,18.55,18.51,18.51,
1767903300,18.52,18.53,18.44,18.44,
1767904200,18.42,18.49,18.39,18.48,
1767905100,18.47,18.47,18.4,18.43,
1767906000,18.45,18.45,18.38,18.39,
1767969000,18.38,18.44,18.3,18.44,
1767969900,18.45,18.53,18.41,18.42,
1767970800,18.47,18.54,18.24,18.24,
1767971700,18.22,18.23,18.02,18.02,
1767972600,18.03,18.21,18.03,18.21,
1767973500,18.22,18.23,18.12,18.12,
1767974400,18.11,18.11,17.96,17.97,
1767975300,17.98,18.05,17.98,18.02,
1767976200,18.01,18.02,17.96,17.96,
1767977100,17.95,17.96,17.9,17.91,
1767978000,17.92,17.92,17.88,17.89,
1767978900,17.9,17.91,17.86,17.89,
1767979800,17.88,17.91,17.88,17.9,
1767980700,17.89,17.91,17.88,17.91,
1767981600,17.92,17.95,17.91,17.93,
1767982500,17.92,17.94,17.89,17.89,
1767983400,17.88,17.88,17.85,17.86,
1767984300,17.87,17.89,17.86,17.89,
1767985200,17.9,17.92,17.89,17.92,
1767986100,17.93,17.95,17.92,17.93,
1767987000,17.92,17.93,17.92,17.92,
1767987900,17.91,17.92,17.9,17.92,
1767988800,17.91,17.96,17.91,17.96,
1767989700,17.95,17.95,17.91,17.92,
1767990600,17.93,17.93,17.89,17.9,
1767991500,17.89,17.91,17.87,17.89,
1767992400,17.92,17.92,17.88,17.89,
1768228200,18.57,18.58,18.42,18.45,
1768229100,18.44,18.48,18.37,18.39,
1768230000,18.4,18.45,18.4,18.43,
1768230900,18.42,18.44,18.38,18.4,
1768231800,18.39,18.43,18.38,18.4,
1768232700,18.41,18.42,18.31,18.32,
1768233600,18.34,18.34,18.29,18.29,
1768234500,18.28,18.3,18.27,18.29,
1768235400,18.28,18.3,18.26,18.28,
1768236300,18.27,18.27,18.22,18.24,
1768237200,18.25,18.26,18.23,18.24,
1768238100,18.25,18.26,18.24,18.24,
1768239000,18.25,18.27,18.24,18.25,
1768239900,18.24,18.24,18.22,18.23,
1768240800,18.24,18.24,18.21,18.21,
1768241700,18.22,18.22,18.2,18.2,
1768242600,18.21,18.22,18.21,18.22,
1768243500,18.23,18.23,18.22,18.22,
1768244400,18.23,18.23,18.2,18.2,
1768245300,18.19,18.22,18.18,18.22,
1768246200,18.21,18.22,18.2,18.21,
1768247100,18.22,18.22,18.21,18.21,
1768248000,18.2,18.23,18.2,18.23,
1768248900,18.22,18.24,18.21,18.21,
1768249800,18.22,18.24,18.21,18.23,
1768250700,18.22,18.23,18.19,18.2,
1768251600,18.22,18.23,18.21,18.23,
1768314600,18.19,18.43,18.19,18.33,
1768315500,18.34,18.46,18.33,18.45,
1768316400,18.46,18.62,18.46,18.59,
1768317300,18.58,18.75,18.58,18.73,
1768318200,18.71,18.71,18.52,18.62,
1768319100,18.61,18.67,18.51,18.54,
1768320000,18.55,18.57,18.51,18.51,
1768320900,18.52,18.71,18.48,18.59,
1768321800,18.6,18.61,18.43,18.45,
1768322700,18.46,18.47,18.39,18.42,
1768323600,18.41,18.46,18.41,18.44,
1768324500,18.43,18.55,18.43,18.49,
1768325400,18.48,18.6,18.48,18.6,
1768326300,18.61,18.75,18.58,18.74,
1768327200,18.73,18.81,18.71,18.71,
1768328100,18.7,18.77,18.68,18.75,
1768329000,18.76,18.77,18.68,18.74,
1768329900,18.75,18.85,18.74,18.84,
1768330800,18.83,18.98,18.82,18.98,
1768331700,18.97,18.98,18.87,18.88,
1768332600,18.87,18.88,18.84,18.86,
1768333500,18.87,18.9,18.81,18.84,
1768334400,18.85,18.91,18.85,18.9,
1768335300,18.91,19.01,18.9,19.01,
1768336200,19.02,19.11,18.99,19,
1768337100,19.01,19.01,18.84,18.84,
1768338000,18.85,18.87,18.82,18.85,
1768401000,19.47,19.82,19.43,19.82,
1768401900,19.79,19.94,19.69,19.94,
1768402800,19.98,20.16,19.5,19.5,
1768403700,19.48,19.9,19.45,19.9,
1768404600,19.99,20.03,19.87,20.02,
1768405500,20,20.23,20,20.05,
1768406400,20.04,20.07,19.98,20.03,
1768407300,20.02,20.03,19.68,19.69,
1768408200,19.68,19.96,19.65,19.96,
1768409100,19.99,20.17,19.99,20.12,
1768410000,20.14,20.15,19.89,19.89,
1768410900,19.88,19.99,19.84,19.86,
1768411800,19.88,19.96,19.88,19.9,
1768412700,19.89,19.98,19.82,19.94,
1768413600,19.95,19.95,19.81,19.81,
1768414500,19.82,19.87,19.81,19.81,
1768415400,19.8,20.02,19.79,19.97,
1768416300,19.96,19.96,19.74,19.75,
1768417200,19.78,19.83,19.74,19.8,
1768418100,19.79,19.82,19.77,19.78,
1768419000,19.76,19.81,19.75,19.77,
1768419900,19.76,19.77,19.69,19.76,
1768420800,19.77,19.88,19.43,19.5,
1768421700,19.51,19.59,19.48,19.48,
1768422600,19.46,19.46,19.26,19.38,
1768423500,19.39,19.47,19.31,19.32,
1768424400,19.28,19.39,19.26,19.37,
1768487400,18.78,18.78,18.65,18.66,
1768488300,18.68,18.76,18.64,18.69,
1768489200,18.71,18.71,18.61,18.61,
1768490100,18.64,18.65,18.51,18.6,
1768491000,18.59,18.65,18.52,18.65,
1768491900,18.66,18.78,18.59,18.59,
1768492800,18.6,18.62,18.56,18.6,
1768493700,18.61,18.61,18.55,18.56,
1768494600,18.57,18.61,18.55,18.57,
1768495500,18.58,18.59,18.53,18.57,
1768496400,18.58,18.59,18.54,18.59,
1768497300,18.6,18.63,18.59,18.63,
1768498200,18.62,18.64,18.58,18.59,
1768499100,18.58,18.66,18.55,18.65,
1768500000,18.64,18.64,18.52,18.55,
1768500900,18.56,18.57,18.53,18.55,
1768501800,18.54,18.55,18.51,18.54,
1768502700,18.53,18.58,18.53,18.58,
1768503600,18.59,18.69,18.59,18.61,
1768504500,18.62,18.68,18.59,18.67,
1768505400,18.72,18.78,18.61,18.65,
1768506300,18.64,18.72,18.63,18.69,
1768507200,18.74,18.85,18.71,18.84,
1768508100,18.85,18.99,18.84,18.94,
1768509000,18.96,18.97,18.87,18.95,
1768509900,18.96,18.97,18.93,18.95,
1768510800,18.9,18.9,18.85,18.89,
1768573800,18.8,18.81,18.71,18.81,
1768574700,18.82,19,18.76,19,
1768575600,19.01,19.06,18.88,18.92,
1768576500,18.91,18.99,18.89,18.98,
1768577400,18.99,19.23,18.99,19.18,
1768578300,19.16,19.18,18.97,18.97,
1768579200,18.95,18.98,18.85,18.91,
1768580100,18.9,18.91,18.85,18.86,
1768581000,18.84,18.86,18.81,18.81,
1768581900,18.8,18.93,18.77,18.88,
1768582800,18.89,18.89,18.84,18.85,
1768583700,18.86,18.86,18.81,18.84,
1768584600,18.85,18.87,18.81,18.82,
1768585500,18.83,18.88,18.83,18.87,
1768586400,18.91,18.91,18.79,18.79,
1768587300,18.78,18.78,18.71,18.73,
1768588200,18.72,18.74,18.7,18.73,
1768589100,18.72,18.76,18.72,18.75,
1768590000,18.74,18.81,18.65,18.81,
1768590900,18.8,18.88,18.8,18.85,
1768591800,18.86,18.86,18.75,18.78,
1768592700,18.77,18.81,18.77,18.8,
1768593600,18.81,18.82,18.79,18.79,
1768594500,18.8,18.86,18.79,18.86,
1768595400,18.87,18.9,18.83,18.85,
1768596300,18.86,18.97,18.84,18.97,
1768597200,18.99,19,18.96,18.99,
1768919400,21.16,21.21,20.88,20.88,
1768920300,20.87,21.08,20.87,21.04,
1768921200,21.09,21.35,21.09,21.26,
1768922100,21.25,21.3,20.85,20.87,
1768923000,20.86,20.86,20.6,20.65,
1768923900,20.66,20.82,20.65,20.72,
1768924800,20.71,20.84,20.6,20.68,
1768925700,20.69,20.81,20.63,20.63,
1768926600,20.62,20.68,20.48,20.66,
1768927500,20.67,20.73,20.5,20.52,
1768928400,20.54,20.62,20.5,20.56,
1768929300,20.55,20.73,20.54,20.71,
1768930200,20.79,20.91,20.77,20.91,
1768931100,20.92,21.07,20.92,20.99,
1768932000,21,21.01,20.93,20.96,
1768932900,20.97,21.09,20.97,21.09,
1768933800,21.1,21.31,21.09,21.3,
1768934700,21.31,21.55,21.3,21.4,
1768935600,21.35,21.43,21.32,21.38,
1768936500,21.39,21.66,21.39,21.61,
1768937400,21.6,21.73,21.54,21.65,
1768938300,21.64,21.68,21.58,21.62,
1768939200,21.66,21.69,21.61,21.68,
1768940100,21.72,21.75,21.59,21.65,
1768941000,21.67,21.74,21.62,21.72,
1768941900,21.71,21.73,21.57,21.6,
1768942800,21.54,21.54,21.28,21.28,
1769005800,20.65,20.79,20.56,20.63,
1769006700,20.62,20.62,20.22,20.23,
1769007600,20.2,20.31,20.18,20.23,
1769008500,20.21,20.21,20.05,20.05,
1769009400,20.04,20.04,19.88,19.93,
1769010300,19.94,19.94,19.85,19.9,
1769011200,19.91,20.05,19.91,20.01,
1769012100,20.02,20.08,19.98,20.03,
1769013000,20.04,20.51,20.04,20.46,
1769013900,20.51,20.7,20.42,20.69,
1769014800,20.67,20.94,20.6,20.94,
1769015700,20.93,20.97,20.63,20.68,
1769016600,20.69,20.81,20.68,20.79,
1769017500,20.8,20.82,20.54,20.56,
1769018400,20.57,20.96,20.57,20.65,
1769019300,20.64,20.73,20.55,20.56,
1769020200,20.54,20.61,20.47,20.55,
1769021100,20.56,20.6,20.32,20.36,
1769022000,20.37,20.5,20.33,20.46,
1769022900,20.47,20.5,19.73,19.79,
1769023800,19.73,19.77,19.38,19.41,
1769024700,19.42,19.42,19.26,19.28,
1769025600,19.27,19.49,19.25,19.49,
1769026500,19.5,19.64,19.49,19.64,
1769027400,19.67,19.72,19.44,19.52,
1769028300,19.51,19.54,19.42,19.43,
1769029200,19.42,19.42,19.36,19.37,
1769092200,18.82,18.92,18.72,18.89,
1769093100,18.9,19.15,18.88,19.1,
1769094000,19.11,19.21,19.01,19.05,
1769094900,19.04,19.04,18.84,18.84,
1769095800,18.87,18.89,18.78,18.78,
1769096700,18.77,18.87,18.75,18.87,
1769097600,18.88,18.88,18.79,18.8,
1769098500,18.79,18.86,18.76,18.78,
1769099400,18.79,18.79,18.72,18.76,
1769100300,18.75,18.85,18.74,18.84,
1769101200,18.85,18.86,18.72,18.75,
1769102100,18.74,18.8,18.74,18.77,
1769103000,18.76,18.76,18.69,18.71,
1769103900,18.7,18.72,18.69,18.69,
1769104800,18.72,18.76,18.67,18.76,
1769105700,18.74,18.77,18.74,18.76,
1769106600,18.75,18.79,18.72,18.78,
1769107500,18.77,18.83,18.76,18.81,
1769108400,18.79,18.79,18.62,18.63,
1769109300,18.64,18.66,18.64,18.66,
1769110200,18.65,18.75,18.64,18.74,
1769111100,18.76,18.82,18.71,18.81,
1769112000,18.82,18.83,18.76,18.76,
1769112900,18.75,18.87,18.72,18.87,
1769113800,18.89,18.96,18.87,18.87,
1769114700,18.86,18.86,18.74,18.75,
1769115600,18.74,18.79,18.73,18.75,
1769178600,18.9,19.02,18.88,18.91,
1769179500,18.78,18.99,18.78,18.84,
1769180400,18.96,18.96,18.75,18.85,
1769181300,18.83,18.89,18.71,18.74,
1769182200,18.75,18.77,18.7,18.71,
1769183100,18.72,18.72,18.6,18.61,
1769184000,18.62,18.62,18.56,18.57,
1769184900,18.58,18.62,18.55,18.61,
1769185800,18.62,18.69,18.56,18.58,
1769186700,18.6,18.67,18.56,18.66,
1769187600,18.69,18.7,18.61,18.61,
1769188500,18.6,18.67,18.6,18.62,
1769189400,18.63,18.83,18.63,18.83,
1769190300,18.81,19,18.81,18.98,
1769191200,18.97,18.97,18.82,18.9,
1769192100,18.89,18.91,18.8,18.82,
1769193000,18.81,18.85,18.78,18.83,
1769193900,18.84,18.86,18.8,18.81,
1769194800,18.82,18.82,18.74,18.76,
1769195700,18.75,18.75,18.69,18.74,
1769196600,18.75,18.83,18.72,18.77,
1769197500,18.76,18.77,18.72,18.73,
1769198400,18.75,18.88,18.74,18.81,
1769199300,18.82,18.9,18.78,18.9,
1769200200,18.91,18.94,18.85,18.87,
1769201100,18.86,18.96,18.86,18.96,
1769202000,18.98,19.14,18.97,19.14,
1769437800,19.04,19.04,18.83,18.84,
1769438700,18.83,18.9,18.82,18.9,
1769439600,18.91,18.96,18.86,18.86,
1769440500,18.87,18.89,18.79,18.89,
1769441400,18.91,18.94,18.86,18.94,
1769442300,18.93,18.93,18.84,18.89,
1769443200,18.91,18.93,18.88,18.9,
1769444100,18.91,18.95,18.85,18.86,
1769445000,18.85,18.88,18.84,18.87,
1769445900,18.88,18.89,18.85,18.86,
1769446800,18.87,18.87,18.79,18.82,
1769447700,18.81,18.82,18.8,18.82,
1769448600,18.83,18.85,18.82,18.82,
1769449500,18.81,18.87,18.81,18.87,
1769450400,18.88,18.93,18.86,18.92,
1769451300,18.93,18.93,18.84,18.85,
1769452200,18.84,18.9,18.82,18.9,
1769453100,18.91,18.91,18.88,18.88,
1769454000,18.89,18.89,18.84,18.86,
1769454900,18.87,18.9,18.86,18.86,
1769455800,18.87,18.88,18.83,18.83,
1769456700,18.84,18.87,18.84,18.85,
1769457600,18.87,18.89,18.84,18.88,
1769458500,18.87,18.94,18.87,18.92,
1769459400,18.93,18.96,18.9,18.95,
1769460300,18.94,19.05,18.93,19.03,
1769461200,19.05,19.09,19.04,19.07,
1769524200,18.94,19,18.91,18.94,
1769525100,18.92,18.92,18.78,18.81,
1769526000,18.82,18.87,18.79,18.83,
1769526900,18.82,18.87,18.81,18.87,
1769527800,18.86,18.88,18.79,18.79,
1769528700,18.8,18.81,18.76,18.79,
1769529600,18.78,18.83,18.78,18.81,
1769530500,18.8,18.83,18.79,18.83,
1769531400,18.84,18.84,18.82,18.83,
1769532300,18.84,18.89,18.84,18.89,
1769533200,18.9,18.95,18.89,18.95,
1769534100,18.96,19,18.94,18.96,
1769535000,18.97,19.02,18.97,19,
1769535900,19.01,19.05,18.99,19.05,
1769536800,19.06,19.12,19.06,19.07,
1769537700,19.06,19.06,18.99,19,
1769538600,18.99,19.01,18.97,19,
1769539500,19.01,19.01,18.96,19,
1769540400,19.01,19.07,19.01,19.03,
1769541300,19.04,19.04,19.02,19.02,
1769542200,19.01,19.03,19.01,19.02,
1769543100,19.03,19.04,19.02,19.04,
1769544000,19.03,19.05,19.03,19.04,
1769544900,19.05,19.09,19.05,19.09,
1769545800,19.11,19.14,19.09,19.12,
1769546700,19.13,19.18,19.13,19.15,
1769547600,19.17,19.23,19.16,19.22,
1769610600,19.27,19.36,19.25,19.31,
1769611500,19.29,19.41,19.27,19.41,
1769612400,19.4,19.45,19.38,19.44,
1769613300,19.45,19.45,19.34,19.4,
1769614200,19.38,19.54,19.38,19.54,
1769615100,19.56,19.6,19.54,19.6,
1769616000,19.59,19.6,19.53,19.59,
1769616900,19.58,19.66,19.58,19.6,
1769617800,19.61,19.74,19.61,19.73,
1769618700,19.74,19.76,19.69,19.74,
1769619600,19.73,19.73,19.64,19.65,
1769620500,19.64,19.68,19.61,19.66,
1769621400,19.67,19.7,19.65,19.65,
1769622300,19.66,19.67,19.57,19.6,
1769623200,19.61,19.63,19.54,19.54,
1769624100,19.53,19.53,19.46,19.47,
1769625000,19.46,19.48,19.44,19.45,
1769625900,19.46,19.47,19.38,19.39,
1769626800,19.41,19.48,19.33,19.37,
1769627700,19.38,19.4,19.31,19.38,
1769628600,19.46,19.46,19.22,19.31,
1769629500,19.3,19.3,19.14,19.18,
1769630400,19.2,19.2,19.08,19.12,
1769631300,19.14,19.2,19.09,19.2,
1769632200,19.19,19.3,19.19,19.3,
1769633100,19.29,19.35,19.29,19.35,
1769634000,19.4,19.66,19.31,19.32,
1769697000,19.65,20.28,19.62,20.28,
1769697900,20.31,20.56,20.2,20.56,
1769698800,20.57,20.91,20.55,20.75,
1769699700,20.78,20.78,20.37,20.56,
1769700600,20.57,20.97,20.52,20.97,
1769701500,20.95,21.13,20.8,20.87,
1769702400,20.89,21.1,20.65,20.65,
1769703300,20.64,20.64,20.42,20.55,
1769704200,20.56,20.56,20.31,20.36,
1769705100,20.37,20.44,20.31,20.36,
1769706000,20.37,20.37,20.03,20.04,
1769706900,20.01,20.05,19.85,19.86,
1769707800,19.88,19.97,19.8,19.92,
1769708700,19.93,20.3,19.93,20.3,
1769709600,20.29,20.29,19.95,19.96,
1769710500,19.97,20.03,19.95,19.95,
1769711400,20,20.04,19.82,19.88,
1769712300,19.89,19.95,19.87,19.95,
1769713200,19.96,20.02,19.8,19.82,
1769714100,19.81,19.83,19.74,19.75,
1769715000,19.74,19.84,19.74,19.77,
1769715900,19.76,19.84,19.74,19.84,
1769716800,19.87,19.87,19.76,19.8,
1769717700,19.81,19.82,19.75,19.77,
1769718600,19.79,19.82,19.67,19.68,
1769719500,19.69,19.71,19.54,19.58,
1769720400,19.62,19.69,19.58,19.68,
1769783400,19.89,20.05,19.72,19.78,
1769784300,19.79,19.92,19.69,19.92,
1769785200,19.89,19.89,19.59,19.64,
1769786100,19.63,19.87,19.59,19.87,
1769787000,19.88,19.95,19.55,19.55,
1769787900,19.57,19.74,19.48,19.72,
1769788800,19.7,19.77,19.66,19.71,
1769789700,19.74,20,19.74,19.88,
1769790600,19.9,19.92,19.74,19.74,
1769791500,19.76,20.06,19.76,20.06,
1769792400,20.04,20.37,20.04,20.3,
1769793300,20.33,20.36,19.95,19.96,
1769794200,19.95,20.13,19.91,20,
1769795100,19.98,20.12,19.9,20.12,
1769796000,20.15,20.16,19.98,20.12,
1769796900,20.11,20.48,20.11,20.17,
1769797800,20.15,20.44,20.15,20.3,
1769798700,20.26,20.26,19.88,19.91,
1769799600,19.95,19.98,19.83,19.94,
1769800500,19.93,20.07,19.93,20.07,
1769801400,20.14,20.25,20.08,20.14,
1769802300,20.17,20.24,20.05,20.24,
1769803200,20.25,20.35,20.16,20.35,
1769804100,20.37,20.42,20.27,20.31,
1769805000,20.32,20.32,20.11,20.11,
1769805900,20.12,20.14,19.94,20.12,
1769806800,20.03,20.19,20.03,20.07,
1770042600,20.37,20.4,19.94,19.94,
1770043500,19.96,19.99,19.78,19.94,
1770044400,19.96,19.96,19.58,19.58,
1770045300,19.59,19.64,19.54,19.61,
1770046200,19.62,19.64,19.47,19.55,
1770047100,19.54,19.65,19.54,19.61,
1770048000,19.6,19.67,19.52,19.52,
1770048900,19.53,19.53,19.4,19.4,
1770049800,19.41,19.45,19.38,19.41,
1770050700,19.42,19.46,19.29,19.3,
1770051600,19.29,19.29,19.2,19.24,
1770052500,19.25,19.31,19.25,19.3,
1770053400,19.29,19.32,19.27,19.29,
1770054300,19.3,19.31,19.24,19.28,
1770055200,19.27,19.31,19.25,19.31,
1770056100,19.3,19.38,19.3,19.34,
1770057000,19.33,19.34,19.26,19.26,
1770057900,19.25,19.26,19.23,19.24,
1770058800,19.25,19.26,19.19,19.2,
1770059700,19.21,19.24,19.2,19.23,
1770060600,19.24,19.3,19.24,19.26,
1770061500,19.27,19.39,19.26,19.39,
1770062400,19.42,19.52,19.32,19.38,
1770063300,19.39,19.43,19.35,19.42,
1770064200,19.41,19.49,19.41,19.48,
1770065100,19.49,19.51,19.39,19.43,
1770066000,19.42,19.47,19.37,19.37,
1770129000,19.36,19.6,19.34,19.56,
1770129900,19.55,19.78,19.44,19.78,
1770130800,19.77,19.97,19.75,19.89,
1770131700,19.88,20.03,19.79,19.85,
1770132600,19.82,19.94,19.79,19.88,
1770133500,19.89,19.93,19.66,19.71,
1770134400,19.7,19.89,19.7,19.86,
1770135300,19.88,20.09,19.85,20.09,
1770136200,20.1,20.16,20.04,20.09,
1770137100,20.1,20.19,20.05,20.11,
1770138000,20.12,20.55,20.11,20.5,
1770138900,20.49,20.5,20.28,20.45,
1770139800,20.47,20.8,20.47,20.79,
1770140700,20.78,20.79,20.57,20.7,
1770141600,20.69,20.93,20.56,20.92,
1770142500,20.9,20.98,20.85,20.98,
1770143400,21.03,21.08,20.99,21.04,
1770144300,21.05,21.23,21.05,21.23,
1770145200,21.31,21.54,21.09,21.09,
1770146100,21.07,21.15,20.9,21.11,
1770147000,21.14,21.19,21.03,21.09,
1770147900,21.1,21.2,20.93,20.94,
1770148800,20.92,20.96,20.78,20.78,
1770149700,20.76,20.81,20.61,20.63,
1770150600,20.62,20.62,20.36,20.43,
1770151500,20.44,20.47,20.3,20.31,
1770152400,20.38,20.38,20.28,20.35,
1770215400,20.35,20.5,20.21,20.3,
1770216300,20.29,20.7,20.19,20.69,
1770217200,20.79,20.97,20.52,20.59,
1770218100,20.6,20.65,20.35,20.45,
1770219000,20.44,20.83,20.43,20.58,
1770219900,20.56,20.74,20.55,20.71,
1770220800,20.72,20.99,20.7,20.81,
1770221700,20.8,21,20.7,20.7,
1770222600,20.71,21.1,20.71,21.1,
1770223500,21.11,21.28,20.93,20.93,
1770224400,20.96,20.97,20.82,20.87,
1770225300,20.86,21.61,20.86,21.59,
1770226200,21.6,22.01,21.42,21.81,
1770227100,21.76,21.97,21.56,21.66,
1770228000,21.72,21.86,21.62,21.82,
1770228900,21.83,21.94,21.46,21.46,
1770229800,21.47,21.75,21.42,21.51,
1770230700,21.52,21.63,21.27,21.39,
1770231600,21.38,21.61,21.35,21.41,
1770232500,21.42,21.42,21.17,21.17,
1770233400,21.08,21.11,20.89,20.92,
1770234300,20.93,20.93,20.62,20.62,
1770235200,20.61,20.82,20.58,20.74,
1770236100,20.73,20.81,20.69,20.73,
1770237000,20.76,20.78,20.6,20.66,
1770237900,20.65,21,20.61,20.98,
1770238800,20.94,21.09,20.62,20.62,
1770301800,22.43,22.57,21.77,21.77,
1770302700,21.79,22.13,21.64,22.12,
1770303600,22.09,22.83,22.09,22.83,
1770304500,22.85,22.96,22.59,22.95,
1770305400,22.96,23.02,22.53,22.58,
1770306300,22.6,22.96,22.59,22.78,
1770307200,22.74,22.87,22.67,22.84,
1770308100,22.88,22.88,22.06,22.07,
1770309000,22.05,22.05,21.74,21.8,
1770309900,21.82,21.98,21.46,21.47,
1770310800,21.48,21.84,21.48,21.76,
1770311700,21.74,21.89,21.43,21.46,
1770312600,21.47,21.61,21.42,21.51,
1770313500,21.48,21.73,21.37,21.71,
1770314400,21.67,21.82,21.6,21.76,
1770315300,21.77,22.02,21.77,22,
1770316200,21.97,22.06,21.9,21.98,
1770317100,21.99,22.14,21.96,22.08,
1770318000,22.09,22.14,21.7,21.7,
1770318900,21.72,21.72,21.51,21.67,
1770319800,21.66,21.94,21.66,21.88,
1770320700,21.89,21.97,21.85,21.85,
1770321600,21.86,21.87,21.54,21.66,
1770322500,21.67,22.16,21.67,22.16,
1770323400,22.15,22.35,22.11,22.34,
1770324300,22.33,22.58,22.29,22.31,
1770325200,22.39,22.65,22.3,22.45,
1770388200,21.56,21.56,20.99,21,
1770389100,20.94,21.05,20.79,21.02,
1770390000,20.99,21.19,20.96,21.15,
1770390900,21.17,21.23,20.88,20.92,
1770391800,20.91,20.96,20.75,20.77,
1770392700,20.79,21.12,20.72,20.93,
1770393600,20.94,20.95,20.77,20.77,
1770394500,20.76,20.81,20.72,20.77,
1770395400,20.74,20.74,20.5,20.52,
1770396300,20.51,20.6,20.49,20.57,
1770397200,20.59,20.59,20.48,20.53,
1770398100,20.54,20.57,20.45,20.45,
1770399000,20.43,20.49,20.4,20.44,
1770399900,20.43,20.43,20.3,20.36,
1770400800,20.37,20.37,20.32,20.37,
1770401700,20.38,20.44,20.34,20.42,
1770402600,20.41,20.45,20.4,20.42,
1770403500,20.4,20.44,20.38,20.44,
1770404400,20.43,20.49,20.41,20.49,
1770405300,20.5,20.5,20.45,20.46,
1770406200,20.45,20.51,20.45,20.51,
1770407100,20.5,20.5,20.41,20.41,
1770408000,20.42,20.42,20.37,20.37,
1770408900,20.38,20.38,20.31,20.36,
1770409800,20.37,20.39,20.26,20.26,
1770410700,20.25,20.28,20.12,20.28,
1770411600,20.36,20.4,20.34,20.37,
1770647400,21,21.02,20.56,20.57,
1770648300,20.56,20.76,20.53,20.64,
1770649200,20.65,20.67,20.41,20.41,
1770650100,20.4,20.4,20.19,20.27,
1770651000,20.22,20.22,20.04,20.08,
1770651900,20.07,20.15,20.07,20.14,
1770652800,20.12,20.18,20.11,20.15,
1770653700,20.14,20.15,20.09,20.09,
1770654600,20.1,20.13,20.07,20.07,
1770655500,20.05,20.05,20.02,20.04,
1770656400,20.03,20.05,20.02,20.03,
1770657300,20.04,20.07,20.02,20.06,
1770658200,20.05,20.07,20.03,20.05,
1770659100,20.04,20.05,20.02,20.05,
1770660000,20.07,20.07,20.03,20.03,
1770660900,20.04,20.19,20.01,20.09,
1770661800,20.08,20.11,19.99,20,
1770662700,19.99,20.03,19.99,20.02,
1770663600,20.01,20.03,19.93,19.93,
1770664500,19.92,19.92,19.88,19.89,
1770665400,19.9,19.92,19.89,19.92,
1770666300,19.91,19.95,19.91,19.93,
1770667200,19.94,19.94,19.9,19.92,
1770668100,19.93,20.09,19.92,20.08,
1770669000,20.09,20.17,20.07,20.07,
1770669900,20.06,20.11,20.04,20.08,
1770670800,20.17,20.17,20.09,20.1,
1770733800,20.14,20.34,20.12,20.28,
1770734700,20.29,20.32,20.04,20.06,
1770735600,20.07,20.2,20,20.16,
1770736500,20.15,20.19,20.08,20.13,
1770737400,20.12,20.18,20.07,20.11,
1770738300,20.1,20.25,20.08,20.21,
1770739200,20.2,20.3,20.2,20.22,
1770740100,20.24,20.34,20.21,20.27,
1770741000,20.28,20.3,20.23,20.27,
1770741900,20.25,20.29,20.19,20.22,
1770742800,20.21,20.28,20.15,20.15,
1770743700,20.13,20.18,20.12,20.14,
1770744600,20.16,20.18,20.11,20.11,
1770745500,20.1,20.13,20.09,20.12,
1770746400,20.13,20.23,20.12,20.23,
1770747300,20.22,20.37,20.22,20.37,
1770748200,20.39,20.45,20.34,20.36,
1770749100,20.38,20.48,20.37,20.37,
1770750000,20.38,20.4,20.34,20.34,
1770750900,20.36,20.41,20.32,20.32,
1770751800,20.31,20.34,20.28,20.34,
1770752700,20.33,20.33,20.27,20.28,
1770753600,20.27,20.33,20.24,20.33,
1770754500,20.32,20.32,20.26,20.29,
1770755400,20.3,20.35,20.28,20.34,
1770756300,20.33,20.51,20.3,20.45,
1770757200,20.47,20.49,20.42,20.43,
1770820200,19.93,20.1,19.9,20.07,
1770821100,20.04,20.23,19.96,20.21,
1770822000,20.19,20.74,20.14,20.67,
1770822900,20.62,20.99,20.61,20.87,
1770823800,20.9,20.91,20.63,20.67,
1770824700,20.68,20.78,20.42,20.46,
1770825600,20.43,20.54,20.34,20.35,
1770826500,20.34,20.41,20.23,20.41,
1770827400,20.44,20.47,20.28,20.3,
1770828300,20.31,20.44,20.28,20.44,
1770829200,20.45,20.54,20.41,20.44,
1770830100,20.43,20.46,20.24,20.26,
1770831000,20.28,20.32,20.22,20.23,
1770831900,20.22,20.38,20.2,20.37,
1770832800,20.36,20.55,20.36,20.55,
1770833700,20.54,20.56,20.38,20.39,
1770834600,20.37,20.45,20.37,20.42,
1770835500,20.4,20.43,20.35,20.39,
1770836400,20.38,20.4,20.27,20.27,
1770837300,20.26,20.26,20.19,20.21,
1770838200,20.24,20.25,20.2,20.23,
1770839100,20.21,20.37,20.21,20.31,
1770840000,20.3,20.3,20.24,20.29,
1770840900,20.28,20.32,20.26,20.32,
1770841800,20.33,20.38,20.29,20.33,
1770842700,20.31,20.37,20.29,20.36,
1770843600,20.43,20.43,20.34,20.37,
1770906600,20.19,20.2,20.03,20.16,
1770907500,20.13,20.4,20.13,20.4,
1770908400,20.36,20.4,20.27,20.27,
1770909300,20.25,20.34,20.22,20.28,
1770910200,20.27,20.67,20.23,20.67,
1770911100,20.69,21.01,20.63,21.01,
1770912000,21.04,21.48,21.03,21.48,
1770912900,21.46,21.98,21.45,21.98,
1770913800,21.96,21.97,21.5,21.62,
1770914700,21.59,21.79,21.59,21.7,
1770915600,21.69,21.84,21.62,21.81,
1770916500,21.79,21.88,21.61,21.77,
1770917400,21.71,21.76,21.5,21.58,
1770918300,21.59,21.92,21.58,21.92,
1770919200,21.94,22.01,21.81,21.93,
1770920100,21.94,22.04,21.87,21.97,
1770921000,21.95,22,21.66,21.66,
1770921900,21.64,21.71,21.58,21.64,
1770922800,21.63,21.78,21.58,21.71,
1770923700,21.72,21.72,21.54,21.7,
1770924600,21.68,21.68,21.48,21.57,
1770925500,21.55,21.55,21.4,21.51,
1770926400,21.5,21.65,21.46,21.58,
1770927300,21.59,21.79,21.59,21.79,
1770928200,21.82,21.93,21.8,21.88,
1770929100,21.89,22.35,21.89,22.16,
1770930000,22.19,22.25,22.17,22.17,
1770993000,22.24,23.01,22.14,22.47,
1770993900,22.39,22.84,22.13,22.83,
1770994800,22.78,22.79,22.3,22.44,
1770995700,22.52,22.6,22.09,22.14,
1770996600,22.12,22.12,21.72,22.01,
1770997500,22.09,22.23,21.77,21.79,
1770998400,21.78,21.78,21.53,21.73,
1770999300,21.69,21.91,21.6,21.63,
1771000200,21.59,21.68,21.41,21.43,
1771001100,21.41,21.46,21.26,21.32,
1771002000,21.34,21.38,21.21,21.21,
1771002900,21.19,21.38,21.19,21.32,
1771003800,21.34,21.34,21.2,21.23,
1771004700,21.25,21.28,21.19,21.28,
1771005600,21.25,21.4,21.18,21.18,
1771006500,21.19,21.22,21.06,21.22,
1771007400,21.21,21.25,21.13,21.25,
1771008300,21.24,21.36,21.16,21.34,
1771009200,21.35,21.37,21.3,21.35,
1771010100,21.34,21.5,21.31,21.5,
1771011000,21.48,21.65,21.42,21.63,
1771011900,21.61,21.87,21.52,21.87,
1771012800,21.88,21.98,21.76,21.98,
1771013700,22.02,22.38,21.99,22.36,
1771014600,22.33,22.57,22.26,22.54,
1771015500,22.5,22.52,22.18,22.18,
1771016400,22.19,22.26,22.12,22.18,
1771338600,22.52,22.52,22.13,22.4,
1771339500,22.39,23.07,22.35,23.07,
1771340400,23.04,23.07,22.73,22.95,
1771341300,22.98,23.05,22.6,22.96,
1771342200,22.98,23.18,22.98,23.04,
1771343100,23,23,22.69,22.71,
1771344000,22.68,22.68,22.06,22.11,
1771344900,22.09,22.12,21.94,22.12,
1771345800,22.13,22.26,21.97,22.07,
1771346700,22.09,22.12,21.87,21.94,
1771347600,21.97,22.13,21.95,22.09,
1771348500,22.06,22.21,21.99,21.99,
1771349400,21.95,22.19,21.93,22.19,
1771350300,22.22,22.33,22.07,22.07,
1771351200,22.06,22.19,22.04,22.09,
1771352100,22.12,22.16,21.79,21.79,
1771353000,21.77,21.82,21.56,21.6,
1771353900,21.61,21.62,21.45,21.52,
1771354800,21.53,21.54,21.47,21.49,
1771355700,21.48,21.52,21.42,21.48,
1771356600,21.47,21.49,21.33,21.34,
1771357500,21.35,21.49,21.35,21.48,
1771358400,21.47,21.53,21.41,21.52,
1771359300,21.51,21.61,21.49,21.57,
1771360200,21.59,21.71,21.54,21.55,
1771361100,21.56,21.71,21.55,21.65,
1771362000,21.61,21.64,21.59,21.6,
1771425000,21.55,21.59,21.27,21.39,
1771425900,21.33,21.52,21.12,21.15,
1771426800,21.14,21.14,20.87,20.93,
1771427700,20.95,20.97,20.86,20.95,
1771428600,20.94,21.03,20.85,20.88,
1771429500,20.89,20.92,20.81,20.83,
1771430400,20.82,20.86,20.73,20.85,
1771431300,20.84,20.95,20.83,20.94,
1771432200,20.93,20.93,20.87,20.92,
1771433100,20.93,21.06,20.91,21.05,
1771434000,21.06,21.08,20.87,20.95,
1771434900,20.96,20.96,20.9,20.94,
1771435800,20.93,20.96,20.89,20.9,
1771436700,20.89,20.9,20.8,20.85,
1771437600,20.84,20.86,20.76,20.86,
1771438500,20.85,21.02,20.83,21.01,
1771439400,21,21.23,20.97,21.16,
1771440300,21.17,21.34,21.11,21.23,
1771441200,21.24,21.29,21.17,21.29,
1771442100,21.3,21.35,21.27,21.34,
1771443000,21.33,21.66,21.32,21.59,
1771443900,21.6,21.72,21.48,21.65,
1771444800,21.64,21.69,21.51,21.64,
1771445700,21.65,21.7,21.6,21.62,
1771446600,21.63,21.63,21.37,21.37,
1771447500,21.39,21.42,21.21,21.39,
1771448400,21.36,21.41,21.35,21.39,
1771511400,21.86,22.25,21.85,21.97,
1771512300,22,22.21,21.82,21.96,
1771513200,21.94,22.1,21.71,22.06,
1771514100,22.05,22.09,21.89,22.08,
1771515000,22.09,22.11,21.77,21.81,
1771515900,21.79,22.04,21.78,21.86,
1771516800,21.84,22.1,21.8,21.94,
1771517700,21.92,22,21.75,22,
1771518600,21.99,21.99,21.8,21.95,
1771519500,22.07,22.2,21.99,22.04,
1771520400,22.06,22.19,22.05,22.06,
1771521300,22.05,22.09,21.85,21.96,
1771522200,21.97,22.03,21.92,21.93,
1771523100,21.95,22.27,21.95,22.25,
1771524000,22.24,22.26,22.03,22.03,
1771524900,22.04,22.37,22.04,22.26,
1771525800,22.24,22.34,22.22,22.24,
1771526700,22.22,22.22,22.02,22.02,
1771527600,22.03,22.07,21.98,22.06,
1771528500,22.05,22.13,21.99,22.13,
1771529400,22.12,22.32,22.09,22.25,
1771530300,22.23,22.29,22.18,22.21,
1771531200,22.2,22.2,22.06,22.06,
1771532100,22.05,22.13,22.05,22.1,
1771533000,22.11,22.11,22.01,22.06,
1771533900,22.07,22.07,21.91,21.92,
1771534800,21.91,21.94,21.87,21.88,
1771597800,22.39,22.39,21.92,21.97,
1771598700,21.98,22.11,21.86,21.86,
1771599600,21.87,21.97,21.28,21.74,
1771600500,21.77,21.93,21.28,21.47,
1771601400,21.48,21.72,21.29,21.33,
1771602300,21.25,21.3,21.05,21.07,
1771603200,21.08,21.2,21.05,21.2,
1771604100,21.22,21.47,21.2,21.47,
1771605000,21.5,21.53,21.08,21.13,
1771605900,21.12,21.2,21.06,21.2,
1771606800,21.17,21.56,21.17,21.53,
1771607700,21.56,21.9,21.56,21.77,
1771608600,21.76,21.81,21.65,21.65,
1771609500,21.64,21.64,21.37,21.41,
1771610400,21.4,21.5,21.36,21.46,
1771611300,21.49,21.62,21.47,21.53,
1771612200,21.54,21.6,21.07,21.1,
1771613100,21.06,21.24,20.97,21.07,
1771614000,21.06,21.18,20.98,21.18,
1771614900,21.17,21.21,21.11,21.17,
1771615800,21.15,21.22,21.08,21.21,
1771616700,21.22,21.24,21.15,21.23,
1771617600,21.22,21.24,21.13,21.17,
1771618500,21.16,21.32,21.16,21.28,
1771619400,21.25,21.27,21.13,21.13,
1771620300,21.12,21.24,21.12,21.2,
1771621200,21.13,21.16,21.08,21.09,
1771857000,21.25,21.45,21.13,21.41,
1771857900,21.44,21.63,21.38,21.57,
1771858800,21.61,21.87,21.53,21.84,
1771859700,21.83,21.88,21.7,21.88,
1771860600,21.86,22.01,21.79,22,
1771861500,21.98,22.22,21.95,22.22,
1771862400,22.21,22.48,22.17,22.48,
1771863300,22.46,22.52,22.03,22.03,
1771864200,22.01,22.14,21.99,22.12,
1771865100,22.13,22.22,22.09,22.2,
1771866000,22.17,22.24,22.11,22.24,
1771866900,22.23,22.24,22.15,22.24,
1771867800,22.25,22.47,22.25,22.32,
1771868700,22.35,22.39,22.14,22.18,
1771869600,22.17,22.17,21.97,21.97,
1771870500,21.96,21.97,21.8,21.82,
1771871400,21.84,21.95,21.81,21.95,
1771872300,21.93,22.14,21.89,22.13,
1771873200,22.12,22.14,22.07,22.1,
1771874100,22.08,22.2,22.08,22.2,
1771875000,22.18,22.34,22.15,22.32,
1771875900,22.3,22.36,22.2,22.34,
1771876800,22.32,22.45,22.3,22.45,
1771877700,22.44,22.44,22.3,22.3,
1771878600,22.31,22.36,22.19,22.31,
1771879500,22.3,22.48,22.26,22.3,
1771880400,22.28,22.3,22.14,22.14,
1771943400,22.4,22.66,22.07,22.07,
1771944300,21.98,22.09,21.75,22.04,
1771945200,22.07,22.22,21.86,21.99,
1771946100,22,22,21.44,21.44,
1771947000,21.43,21.49,21.41,21.45,
1771947900,21.44,21.6,21.44,21.59,
1771948800,21.57,21.58,21.33,21.36,
1771949700,21.37,21.48,21.34,21.41,
1771950600,21.42,21.55,21.42,21.53,
1771951500,21.5,21.53,21.4,21.41,
1771952400,21.43,21.44,21.3,21.31,
1771953300,21.32,21.35,21.26,21.3,
1771954200,21.29,21.33,21.28,21.33,
1771955100,21.35,21.35,21.25,21.28,
1771956000,21.27,21.3,21.19,21.3,
1771956900,21.28,21.36,21.28,21.36,
1771957800,21.35,21.36,21.22,21.24,
1771958700,21.23,21.26,21.21,21.26,
1771959600,21.27,21.35,21.24,21.34,
1771960500,21.35,21.44,21.34,21.42,
1771961400,21.41,21.42,21.33,21.36,
1771962300,21.35,21.37,21.29,21.35,
1771963200,21.34,21.44,21.32,21.43,
1771964100,21.44,21.45,21.36,21.44,
1771965000,21.43,21.43,21.28,21.28,
1771965900,21.27,21.32,21.15,21.31,
1771966800,21.3,21.38,21.3,21.34,
1772029800,20.82,20.88,20.75,20.86,
1772030700,20.88,20.9,20.75,20.82,
1772031600,20.83,20.92,20.79,20.91,
1772032500,20.9,20.91,20.79,20.79,
1772033400,20.81,20.9,20.76,20.85,
1772034300,20.83,20.88,20.79,20.79,
1772035200,20.77,20.79,20.73,20.76,
1772036100,20.78,20.82,20.74,20.75,
1772037000,20.76,20.78,20.72,20.72,
1772037900,20.73,20.74,20.69,20.73,
1772038800,20.74,20.75,20.71,20.71,
1772039700,20.72,20.75,20.7,20.75,
1772040600,20.74,20.75,20.7,20.72,
1772041500,20.73,20.73,20.67,20.7,
1772042400,20.69,20.71,20.68,20.71,
1772043300,20.72,20.75,20.71,20.75,
1772044200,20.74,20.75,20.7,20.7,
1772045100,20.71,20.73,20.7,20.72,
1772046000,20.73,20.73,20.66,20.66,
1772046900,20.68,20.68,20.64,20.66,
1772047800,20.65,20.65,20.6,20.62,
1772048700,20.61,20.61,20.57,20.58,
1772049600,20.57,20.58,20.54,20.57,
1772050500,20.56,20.61,20.55,20.6,
1772051400,20.61,20.63,20.51,20.51,
1772052300,20.52,20.52,20.4,20.41,
1772053200,20.4,20.4,20.34,20.37,
1772116200,20.46,20.66,20.41,20.6,
1772117100,20.58,20.74,20.58,20.7,
1772118000,20.72,21.04,20.7,21.04,
1772118900,21.07,21.72,21.07,21.56,
1772119800,21.57,21.75,21.24,21.24,
1772120700,21.26,21.27,21.09,21.14,
1772121600,21.15,21.18,21.04,21.04,
1772122500,21.02,21.03,20.93,20.95,
1772123400,20.98,21.26,20.93,21.26,
1772124300,21.3,21.37,21.17,21.32,
1772125200,21.35,21.35,21.17,21.24,
1772126100,21.26,21.31,21.25,21.3,
1772127000,21.28,21.43,21.17,21.41,
1772127900,21.43,21.53,21.39,21.45,
1772128800,21.47,21.56,21.44,21.48,
1772129700,21.5,21.55,21.38,21.4,
1772130600,21.41,21.41,20.95,20.98,
1772131500,21.02,21.08,20.92,21.05,
1772132400,21.06,21.06,20.85,20.88,
1772133300,20.89,20.89,20.77,20.86,
1772134200,20.84,20.85,20.73,20.74,
1772135100,20.75,20.75,20.67,20.75,
1772136000,20.77,20.77,20.64,20.75,
1772136900,20.77,20.82,20.73,20.81,
1772137800,20.8,20.81,20.64,20.64,
1772138700,20.65,20.83,20.65,20.78,
1772139600,20.76,20.86,20.76,20.82,
1772202600,22.19,22.47,22.03,22.23,
1772203500,22.31,22.37,22.16,22.33,
1772204400,22.31,22.35,21.81,21.91,
1772205300,21.94,22.08,21.86,21.93,
1772206200,21.91,22.02,21.68,21.69,
1772207100,21.67,21.87,21.59,21.67,
1772208000,21.66,21.68,21.5,21.51,
1772208900,21.52,21.57,21.43,21.5,
1772209800,21.48,21.6,21.36,21.6,
1772210700,21.61,21.65,21.44,21.6,
1772211600,21.56,21.58,21.39,21.57,
1772212500,21.59,21.88,21.59,21.75,
1772213400,21.74,21.88,21.62,21.82,
1772214300,21.83,21.89,21.73,21.73,
1772215200,21.74,21.85,21.7,21.85,
1772216100,21.87,22.01,21.85,21.88,
1772217000,21.9,21.97,21.84,21.89,
1772217900,21.9,21.99,21.87,21.92,
1772218800,21.94,22.01,21.82,21.99,
1772219700,22,22.07,21.99,22.04,
1772220600,22.08,22.1,21.93,22.08,
1772221500,22.06,22.07,21.97,21.99,
1772222400,22,22,21.72,21.72,
1772223300,21.69,21.69,21.49,21.55,
1772224200,21.54,21.83,21.54,21.7,
1772225100,21.65,21.69,21.5,21.54,
1772226000,21.59,21.67,21.54,21.55,
1772461800,23.52,23.52,22.85,22.93,
1772462700,22.95,22.98,22.73,22.77,
1772463600,22.81,22.93,22.35,22.43,
1772464500,22.44,22.72,22.34,22.72,
1772465400,22.7,22.87,22.55,22.55,
1772466300,22.54,22.68,22.46,22.52,
1772467200,22.53,22.59,22.23,22.24,
1772468100,22.26,22.67,22.26,22.61,
1772469000,22.6,22.65,22.07,22.07,
1772469900,22.08,22.15,22,22.11,
1772470800,22.12,22.2,22.07,22.11,
1772471700,22.1,22.1,21.96,22.02,
1772472600,22.03,22.12,22,22.04,
1772473500,22.02,22.03,21.92,21.94,
1772474400,21.92,22.03,21.92,22,
1772475300,22.01,22.18,22.01,22.14,
1772476200,22.16,22.28,22.14,22.19,
1772477100,22.18,22.33,22.18,22.33,
1772478000,22.31,22.33,22.02,22.02,
1772478900,21.98,21.98,21.81,21.83,
1772479800,21.82,21.85,21.77,21.85,
1772480700,21.84,21.84,21.76,21.81,
1772481600,21.8,22.46,21.79,22.39,
1772482500,22.41,22.45,22.11,22.4,
1772483400,22.37,22.4,22.25,22.28,
1772484300,22.3,22.35,22.18,22.35,
1772485200,22.38,22.48,22.37,22.44,
1772548200,24.43,25,24.23,25,
1772549100,25.01,25.29,24.77,25.23,
1772550000,25.22,25.46,24.96,25.29,
1772550900,25.28,26.34,25.28,26.34,
1772551800,26.32,26.32,25.58,25.87,
1772552700,25.85,26.03,25.69,25.69,
1772553600,25.65,25.69,24.92,24.97,
1772554500,24.93,24.93,24.58,24.62,
1772555400,24.61,24.91,24.32,24.32,
1772556300,24.31,24.31,23.89,24.05,
1772557200,24.03,24.27,23.98,24.17,
1772558100,24.15,24.21,23.89,23.89,
1772559000,23.9,24.33,23.9,23.91,
1772559900,23.9,24.17,23.88,24.04,
1772560800,24.05,24.05,23.76,23.9,
1772561700,23.88,23.88,23.48,23.56,
1772562600,23.57,23.57,23.1,23.17,
1772563500,23.19,23.29,23.07,23.19,
1772564400,23.18,23.37,23.14,23.21,
1772565300,23.22,23.27,23.07,23.27,
1772566200,23.28,23.51,22.88,22.89,
1772567100,22.86,23.05,22.78,22.98,
1772568000,22.99,23.08,22.9,23.03,
1772568900,23.06,23.22,23.03,23.07,
1772569800,23.09,23.29,23.01,23.25,
1772570700,23.28,23.56,23.25,23.48,
1772571600,23.47,23.6,23.46,23.55,
1772634600,23,23.44,22.96,23.41,
1772635500,23.48,23.48,23.09,23.11,
1772636400,23.13,23.13,22.47,22.58,
1772637300,22.55,22.55,21.94,21.98,
1772638200,21.95,22.31,21.95,22.29,
1772639100,22.3,22.39,22,22,
1772640000,21.99,22.34,21.89,22.32,
1772640900,22.31,22.4,22.2,22.25,
1772641800,22.24,22.27,22.04,22.05,
1772642700,22.07,22.13,22.02,22.12,
1772643600,22.15,22.15,22.03,22.12,
1772644500,22.13,22.26,22.12,22.26,
1772645400,22.27,22.41,22.1,22.2,
1772646300,22.18,22.18,22.06,22.07,
1772647200,22.09,22.15,22.04,22.09,
1772648100,22.1,22.17,22.04,22.04,
1772649000,22,22,21.91,21.93,
1772649900,21.94,22,21.9,21.92,
1772650800,21.91,21.94,21.84,21.85,
1772651700,21.86,21.92,21.84,21.89,
1772652600,21.91,21.94,21.86,21.9,
1772653500,21.89,21.93,21.87,21.91,
1772654400,21.9,22.09,21.9,22.09,
1772655300,22.08,22.24,22.08,22.16,
1772656200,22.18,22.24,22.13,22.13,
1772657100,22.12,22.33,22.12,22.3,
1772658000,22.35,22.49,22.27,22.27,
1772721000,23.01,23.01,22.64,22.97,
1772721900,22.99,23.07,22.55,22.55,
1772722800,22.53,22.94,22.43,22.66,
1772723700,22.65,23.5,22.65,23.45,
1772724600,23.42,23.72,23.2,23.35,
1772725500,23.3,23.3,22.99,23.15,
1772726400,23.11,24.21,23.08,23.58,
1772727300,23.6,23.78,23.6,23.74,
1772728200,23.72,23.72,23.45,23.6,
1772729100,23.61,23.61,23.38,23.46,
1772730000,23.49,23.65,23.21,23.56,
1772730900,23.57,23.92,23.57,23.89,
1772731800,23.99,24.24,23.9,24.16,
1772732700,24.17,24.48,24.17,24.47,
1772733600,24.49,24.53,24.15,24.15,
1772734500,24.16,24.66,24.16,24.58,
1772735400,24.53,24.65,24.23,24.3,
1772736300,24.27,24.63,24.27,24.5,
1772737200,24.49,24.53,24.38,24.38,
1772738100,24.4,24.65,24.34,24.65,
1772739000,24.63,24.94,24.59,24.64,
1772739900,24.62,24.76,24.54,24.62,
1772740800,24.61,24.76,24.12,24.16,
1772741700,24.15,24.2,23.78,23.94,
1772742600,23.95,23.95,23.7,23.8,
1772743500,23.76,23.87,23.58,23.67,
1772744400,23.65,23.87,23.65,23.86,
1772807400,26.08,26.55,26.07,26.34,
1772808300,26.35,26.6,26.12,26.4,
1772809200,26.41,26.41,25.74,25.8,
1772810100,25.76,25.81,25.41,25.51,
1772811000,25.43,25.43,24.99,25.31,
1772811900,25.28,25.78,25.14,25.24,
1772812800,25.26,25.4,25.05,25.38,
1772813700,25.37,25.51,25.23,25.34,
1772814600,25.35,25.51,25.18,25.32,
1772815500,25.34,25.49,25.07,25.31,
1772816400,25.32,25.65,25.2,25.65,
1772817300,25.62,25.73,25.4,25.63,
1772818200,25.65,26.16,25.62,26.05,
1772819100,26.03,26.04,25.75,25.93,
1772820000,25.95,25.95,25.35,25.39,
1772820900,25.42,25.79,25.36,25.75,
1772821800,25.74,25.9,25.63,25.79,
1772822700,25.82,26.01,25.8,25.96,
1772823600,25.97,26,25.65,25.69,
1772824500,25.66,25.85,25.64,25.71,
1772825400,25.7,25.81,25.59,25.76,
1772826300,25.78,25.9,25.76,25.78,
1772827200,25.77,26.08,25.59,26.04,
1772828100,26.02,26.65,25.98,26.63,
1772829000,26.64,27.05,26.58,26.87,
1772829900,26.86,27.53,26.84,27.52,
1772830800,27.53,27.75,27.52,27.57,
1773063000,28.04,28.78,28.04,28.75,
1773063900,28.67,28.95,28.37,28.47,
1773064800,28.48,29.09,28.11,28.93,
1773065700,28.91,28.91,28.36,28.75,
1773066600,28.74,28.74,28.03,28.04,
1773067500,27.93,27.93,27.57,27.72,
1773068400,27.77,27.77,27.34,27.36,
1773069300,27.33,27.33,27.04,27.06,
1773070200,27.1,27.28,27.07,27.2,
1773071100,27.21,27.21,26.81,26.85,
1773072000,26.86,26.91,26.75,26.8,
1773072900,26.81,26.89,26.44,26.58,
1773073800,26.57,26.75,26.23,26.23,
1773074700,26.22,26.33,26.16,26.32,
1773075600,26.34,26.59,26.34,26.59,
1773076500,26.57,27.06,26.57,27.03,
1773077400,27.02,27.16,26.97,27.13,
1773078300,27.14,27.14,26.9,26.99,
1773079200,26.98,26.98,26.69,26.71,
1773080100,26.72,26.73,26.47,26.6,
1773081000,26.59,26.59,26.38,26.46,
1773081900,26.45,26.73,26.39,26.72,
1773082800,26.7,26.77,26.61,26.71,
1773083700,26.69,26.73,25.52,25.52,
1773084600,25.48,25.63,24.86,25.19,
1773085500,25.23,25.35,25,25.1,
1773086400,25.07,25.45,24.97,25.35,
1773149400,24.94,25.37,24.82,25.12,
1773150300,25.1,25.35,25.08,25.3,
1773151200,25.28,25.43,25.09,25.28,
1773152100,25.27,25.36,24.65,24.71,
1773153000,24.69,24.69,24.05,24.07,
1773153900,24.06,24.1,23.86,23.87,
1773154800,23.85,24,23.76,24,
1773155700,23.96,23.96,23.85,23.94,
1773156600,23.93,24.01,23.8,23.85,
1773157500,23.84,23.95,23.82,23.85,
1773158400,23.84,24.25,23.84,24.1,
1773159300,24.12,24.15,23.98,24.05,
1773160200,24.04,24.04,23.86,23.91,
1773161100,23.94,24.07,23.87,23.9,
1773162000,23.92,23.93,23.71,23.8,
1773162900,23.78,23.78,23.54,23.56,
1773163800,23.58,24.09,23.58,24.05,
1773164700,24.04,24.04,23.8,23.87,
1773165600,23.89,24.54,23.86,24.54,
1773166500,24.72,25.17,24.58,24.65,
1773167400,24.69,24.85,24.55,24.76,
1773168300,24.78,24.84,24.62,24.82,
1773169200,24.83,24.92,24.78,24.8,
1773170100,24.77,25.18,24.68,25.18,
1773171000,25.2,25.49,25.2,25.42,
1773171900,25.43,25.84,25.42,25.8,
1773172800,25.78,25.84,25.5,25.5,
1773235800,25.29,25.5,25.25,25.48,
1773236700,25.49,25.73,25.38,25.39,
1773237600,25.36,25.43,24.93,25.25,
1773238500,25.26,25.74,25.24,25.57,
1773239400,25.58,25.71,25.13,25.16,
1773240300,25.18,25.24,25.02,25.05,
1773241200,25.04,25.62,24.93,25.52,
1773242100,25.54,25.68,25.4,25.65,
1773243000,25.75,25.88,25.61,25.79,
1773243900,25.81,25.94,25.63,25.75,
1773244800,25.76,25.96,25.76,25.85,
1773245700,25.82,25.98,25.8,25.83,
1773246600,25.81,25.81,25.5,25.58,
1773247500,25.57,25.61,25.38,25.4,
1773248400,25.38,25.43,25.28,25.43,
1773249300,25.42,25.46,25.22,25.26,
1773250200,25.25,25.9,25.22,25.64,
1773251100,25.63,25.67,25.44,25.58,
1773252000,25.59,25.84,25.56,25.73,
1773252900,25.72,25.72,25.43,25.43,
1773253800,25.42,25.42,25.3,25.35,
1773254700,25.34,25.41,25.22,25.27,
1773255600,25.26,25.54,25.24,25.52,
1773256500,25.53,25.54,25.36,25.37,
1773257400,25.36,25.36,25.07,25.1,
1773258300,25.07,25.18,25,25,
1773259200,24.98,25.05,24.96,24.97,
1773322200,26.27,26.34,25.92,26.15,
1773323100,26.16,26.63,26.13,26.5,
1773324000,26.42,26.42,25.96,25.96,
1773324900,25.93,26.48,25.93,26.48,
1773325800,26.51,26.66,26.29,26.29,
1773326700,26.3,26.46,25.95,26.41,
1773327600,26.4,26.83,26.37,26.79,
1773328500,26.78,26.84,26.49,26.59,
1773329400,26.57,26.74,26.09,26.09,
1773330300,26.15,26.41,26.15,26.23,
1773331200,26.24,26.55,26.02,26.33,
1773332100,26.32,26.32,25.84,26.25,
1773333000,26.24,26.32,25.96,26.01,
1773333900,26.03,26.34,26.03,26.15,
1773334800,26.11,26.14,25.8,26.06,
1773335700,26.07,26.2,26,26.09,
1773336600,26.1,26.1,25.87,26.05,
1773337500,26.07,26.35,26.06,26.19,
1773338400,26.15,26.15,25.98,26.03,
1773339300,26.01,26.24,25.95,26.17,
1773340200,26.18,26.32,26.13,26.31,
1773341100,26.32,26.49,26.27,26.49,
1773342000,26.48,26.64,26.43,26.53,
1773342900,26.52,26.52,26.29,26.33,
1773343800,26.32,26.45,26.19,26.44,
1773344700,26.43,26.88,26.43,26.86,
1773345600,26.88,26.99,26.8,26.95,
1773408600,25.92,26.12,25.6,25.6,
1773409500,25.59,25.9,25.51,25.9,
1773410400,26.08,26.2,25.8,26.15,
1773411300,26.18,26.38,26.08,26.09,
1773412200,26.02,26.36,25.81,26.36,
1773413100,26.38,26.78,26.37,26.7,
1773414000,26.74,26.85,26.46,26.46,
1773414900,26.45,26.96,26.45,26.94,
1773415800,26.9,27.15,26.81,27.13,
1773416700,27.11,27.23,26.86,27.17,
1773417600,27.19,27.19,26.87,26.96,
1773418500,26.97,27.09,26.93,26.95,
1773419400,26.96,26.99,26.8,26.99,
1773420300,27.01,27.12,26.78,27.08,
1773421200,27.06,27.1,26.88,26.89,
1773422100,26.85,27,26.77,26.88,
1773423000,26.89,27.04,26.88,26.97,
1773423900,26.96,27.34,26.94,27.22,
1773424800,27.21,27.21,27.04,27.04,
1773425700,27.03,27.2,26.98,27.08,
1773426600,27.05,27.06,26.82,26.82,
1773427500,26.81,26.84,26.72,26.81,
1773428400,26.84,27.09,26.84,27.07,
1773429300,27.05,27.26,27,27.26,
1773430200,27.2,27.26,27.11,27.24,
1773431100,27.21,27.29,27.18,27.21,
1773432000,27.19,27.3,27.18,27.28,
1773667800,25.98,25.98,25.69,25.69,
1773668700,25.67,25.67,25.36,25.38,
1773669600,25.35,25.47,25.04,25.15,
1773670500,25.14,25.17,25.03,25.11,
1773671400,25.14,25.51,25.14,25.47,
1773672300,25.4,25.54,25.06,25.06,
1773673200,25.04,25.28,25.03,25.06,
1773674100,25.07,25.17,24.87,24.95,
1773675000,24.92,24.92,24.76,24.88,
1773675900,24.92,25.28,24.86,25.28,
1773676800,25.29,25.33,25.2,25.3,
1773677700,25.31,25.68,25.29,25.64,
1773678600,25.62,25.66,25.34,25.38,
1773679500,25.4,25.44,25.35,25.39,
1773680400,25.4,25.4,25.16,25.2,
1773681300,25.19,25.25,25.1,25.18,
1773682200,25.17,25.23,25.13,25.23,
1773683100,25.24,25.34,25.16,25.19,
1773684000,25.2,25.2,24.96,24.99,
1773684900,24.98,24.98,24.88,24.92,
1773685800,24.91,24.97,24.86,24.87,
1773686700,24.86,24.99,24.85,24.98,
1773687600,24.97,25.04,24.67,25,
1773688500,25.01,25.27,24.98,25.18,
1773689400,25.19,25.24,25.15,25.23,
1773690300,25.21,25.24,25.05,25.05,
1773691200,25.08,25.08,24.92,24.92,
1773754200,24.26,24.27,24.05,24.11,
1773755100,24.12,24.12,24,24.06,
1773756000,24.05,24.23,24.05,24.21,
1773756900,24.24,24.36,24.12,24.13,
1773757800,24.12,24.17,23.89,23.89,
1773758700,23.9,23.93,23.87,23.93,
1773759600,23.92,24.14,23.9,24.12,
1773760500,24.13,24.21,24.03,24.21,
1773761400,24.23,24.54,24.19,24.42,
1773762300,24.41,24.45,24.35,24.41,
1773763200,24.42,24.58,24.41,24.46,
1773764100,24.47,24.48,24.33,24.35,
1773765000,24.32,24.41,24.28,24.28,
1773765900,24.25,24.32,24.23,24.32,
1773766800,24.31,24.31,24.15,24.19,
1773767700,24.18,24.22,24.14,24.15,
1773768600,24.14,24.15,24.06,24.15,
1773769500,24.16,24.21,24.05,24.07,
1773770400,24.06,24.1,23.99,24.05,
1773771300,24.04,24.21,24.04,24.21,
1773772200,24.2,24.23,24.14,24.17,
1773773100,24.18,24.18,24.08,24.13,
1773774000,24.12,24.26,24.08,24.18,
1773774900,24.16,24.21,24.12,24.21,
1773775800,24.2,24.26,24.18,24.26,
1773776700,24.25,24.37,24.22,24.35,
1773777600,24.36,24.36,24.31,24.33,
1773840600,25,25.05,24.82,25.05,
1773841500,25.01,25.05,24.86,24.94,
1773842400,24.91,25.22,24.87,25.22,
1773843300,25.23,25.61,25.16,25.59,
1773844200,25.61,25.77,25.48,25.74,
1773845100,25.67,25.74,25.41,25.41,
1773846000,25.39,25.43,25.26,25.35,
1773846900,25.36,25.57,25.34,25.48,
1773847800,25.49,25.52,25.38,25.51,
1773848700,25.5,25.58,25.44,25.48,
1773849600,25.49,25.59,25.45,25.45,
1773850500,25.46,25.52,25.42,25.48,
1773851400,25.49,25.7,25.46,25.58,
1773852300,25.61,25.61,25.48,25.55,
1773853200,25.56,25.7,25.55,25.67,
1773854100,25.66,25.7,25.6,25.62,
1773855000,25.61,25.68,25.5,25.56,
1773855900,25.57,25.57,25.38,25.4,
1773856800,25.3,25.39,25.24,25.34,
1773857700,25.35,25.54,25.35,25.41,
1773858600,25.4,25.72,25.39,25.61,
1773859500,25.65,25.9,25.65,25.89,
1773860400,25.9,25.9,25.64,25.75,
1773861300,25.77,25.98,25.75,25.94,
1773862200,25.92,26.16,25.91,26.15,
1773863100,26.16,26.26,26.09,26.23,
1773864000,26.24,26.57,26.22,26.56,
1773927000,27.96,28.03,27.55,27.57,
1773927900,27.56,27.67,27.11,27.16,
1773928800,27.09,27.12,26.76,26.91,
1773929700,26.94,27.36,26.92,27.3,
1773930600,27.32,27.32,26.74,26.87,
1773931500,26.91,26.97,26.69,26.73,
1773932400,26.74,26.76,26.38,26.38,
1773933300,26.39,26.75,26.33,26.67,
1773934200,26.69,26.94,26.69,26.9,
1773935100,26.91,26.99,26.71,26.72,
1773936000,26.7,26.74,26.32,26.48,
1773936900,26.47,26.57,26.4,26.41,
1773937800,26.4,26.46,26.22,26.28,
1773938700,26.27,26.53,26.26,26.44,
1773939600,26.45,26.73,26.43,26.73,
1773940500,26.7,26.75,26.39,26.45,
1773941400,26.46,26.57,26.41,26.48,
1773942300,26.49,26.49,26.14,26.2,
1773943200,26.21,26.26,25.93,25.99,
1773944100,25.96,26.09,25.94,26.09,
1773945000,26.11,26.22,26.09,26.21,
1773945900,26.22,26.27,25.88,25.88,
1773946800,25.89,25.89,25.19,25.41,
1773947700,25.4,25.76,25.33,25.73,
1773948600,25.71,25.82,25.62,25.67,
1773949500,25.69,25.78,25.67,25.69,
1773950400,25.72,25.79,25.55,25.55,
1774013400,26.07,26.21,25.97,26.01,
1774014300,25.95,26.6,25.91,26.59,
1774015200,26.58,27.03,26.56,27.03,
1774016100,27.01,27.05,26.89,26.99,
1774017000,26.96,26.96,26.67,26.89,
1774017900,26.88,26.97,26.73,26.8,
1774018800,26.73,26.78,26.51,26.51,
1774019700,26.52,26.69,26.35,26.67,
1774020600,26.66,26.68,26.49,26.51,
1774021500,26.52,26.59,26.29,26.3,
1774022400,26.31,26.31,26.15,26.19,
1774023300,26.21,26.32,26.08,26.32,
1774024200,26.33,26.53,26.33,26.45,
1774025100,26.47,26.51,26.28,26.38,
1774026000,26.37,26.61,26.29,26.48,
1774026900,26.47,26.59,26.46,26.59,
1774027800,26.58,26.93,26.56,26.87,
1774028700,26.86,26.89,26.7,26.73,
1774029600,26.71,26.89,26.66,26.87,
1774030500,26.86,27.32,26.86,27.19,
1774031400,27.18,27.58,27.15,27.58,
1774032300,27.59,27.75,27.58,27.69,
1774033200,27.64,27.88,27.58,27.85,
1774034100,27.86,28.09,27.8,28.09,
1774035000,28.07,28.61,28.04,28.2,
1774035900,28.22,28.28,27.71,27.81,
1774036800,27.73,27.78,27.42,27.42,