time,open,high,low,close
1438263000,12.62,13.75,11.06,11.06
1438349400,10.94,11.83,10.49,10.67
1438608600,12.19,13.75,11.61,12.12
1438695000,12.21,12.82,11.72,12.42
1438781400,10.87,12,10.24,11.51
1438867800,11.42,14.44,11.33,13.66
1438954200,13.39,14.65,13.04,13.04
1439213400,12.76,12.76,11.35,11.44
1439299800,13.3,15.1,12.56,14.13
1439386200,16.61,18.53,13.88,14.27
1439472600,14.02,14.98,12.66,13.63
1439559000,13.52,13.88,11.77,11.77
1439818200,14.07,14.49,11.17,11.29
1439904600,11.68,12.52,11.23,12.14
1439991000,13.71,15.68,12.08,14.34
1440077400,16.71,21.44,15.96,20.88
1440163800,25.78,39.3,23.23,38.96
1440423000,38.96,81.94,36.5,54.61
1440509400,39.5,47.51,32.98,44.92
1440595800,38.53,45.75,35.48,37.88
1440682200,32.27,34.61,27.29,28.89
1440768600,29.51,32.65,27.11,27.11
1441027800,29.5,31.83,26.18,28.26
1441114200,33.06,34.37,29.31,31.21
1441200600,28.37,29.41,23.15,24.26
1441287000,23.75,25.06,21.55,23.99
1441373400,26.67,29.4,24.9,26.88
1441719000,25.55,27.48,24.36,24.42
1441805400,24.3,29.1,24.3,27.9
1441891800,28.62,30.24,26.11,26.11
1441978200,27.31,28.02,23.28,23.43
1442237400,26.41,27.48,25.26,25.52
1442323800,25.38,25.87,23.49,24.62
1442410200,24.82,25.23,23.12,23.75
1442496600,24.68,26.04,17.5,22.25
1442583000,23.95,24.61,21.2,21.78
1442842200,22.69,23.06,19.6,19.61
1442928600,24.21,25.69,23.12,23.45
1443015000,23.49,24,21.45,22.46
1443101400,25.03,26.83,22.63,24.22
1443187800,21.31,24.78,21.23,22.89
1443447000,26.69,31.13,25.61,30.26
1443533400,29.55,31.06,27.96,28.56
1443619800,26.24,27.37,24.48,25.7
1443706200,22.84,24.94,21.91,21.93
1443792600,24.14,24.51,19.21,19.35
1444051800,19.88,20.61,18.56,19.02
1444138200,18.82,19.8,17.74,18.19
1444224600,17.19,18.54,16.32,16.39
1444311000,16.96,17.49,15.06,15.47
1444397400,14.89,16.58,14.2,14.27
1444656600,16.17,16.43,14.51,14.73
1444743000,15.99,16.66,14.48,16.53
1444829400,16.45,18.19,15.93,16.9
1444915800,16.72,17.22,13.84,13.85
1445002200,13.7,14.55,12.86,12.89
1445261400,14.88,15.26,13.64,13.87
1445347800,14.79,15.68,13.94,15.01
1445434200,14.58,16.7,14.18,16.67
1445520600,15.19,15.72,13.1,13.1
1445607000,13.57,14.57,12.79,13.15
1445866200,14.61,15.64,14.53,15.2
1445952600,16.28,16.75,15.39,16.31
1446039000,16.12,21.12,14.02,14.57
1446125400,15.26,16.15,14.26,14.54
1446211800,14.55,15.28,13.31,14.31
1446474600,15.38,15.38,12.94,13.68
1446561000,13.92,14.08,12.84,13.81
1446647400,12.96,15.75,12.87,14.76
1446733800,14.81,16.33,14.2,14.22
1446820200,13.59,15.4,12.54,12.6
1447079400,14.88,17.87,14.75,16.39
1447165800,16.74,17.2,14.1,14.29
1447252200,14.16,15.68,14.08,15.6
1447338600,16.77,18.39,15.87,18.39
1447425000,18.77,21.34,18.2,20.43
1447684200,21.11,21.2,16.29,16.81
1447770600,16.5,18.32,15.32,17.02
1447857000,16.56,16.58,13.33,13.33
1447943400,13.37,14.28,13.16,13.62
1448029800,12.98,13.44,12.4,12.4
1448289000,14.83,15.1,13.45,14.07
1448375400,16.06,17.06,14.39,14.54
1448461800,14.49,15.05,14.14,14.35
1448634600,14.75,15.8,13.94,14.21
1448893800,15.19,17.37,15.15,16.6
1448980200,15.57,16.78,13.95,13.99
1449066600,14.54,17.1,13.96,15.97
1449153000,16.01,20.57,15.97,18.71
1449239400,17.42,17.81,13.64,13.65
1449498600,15.94,18.07,15.88,16
1449585000,19.02,20.09,17.52,18.81
1449671400,19.77,22.99,18.08,22.07
1449757800,21.48,22.08,19.16,20.42
1449844200,23.34,29.88,22.94,28
1450103400,30.71,34.18,25.28,25.78
1450189800,24.04,24.04,22.29,23.05
1450276200,22.38,24.7,17.87,18.81
1450362600,15.9,19.5,15.85,18.88
1450449000,18.91,20.16,18.22,19.38
1450708200,19.16,19.53,17.55,17.55
1450794600,16.34,17.07,14.73,15.06
1450881000,14.39,14.95,13.2,13.64
1450967400,13.55,13.75,12.97,13.47
1451313000,16.76,17.42,15.76,15.79
1451399400,14.73,16.33,14.35,14.74
1451485800,15.01,16.22,15.01,15.96
1451572200,16.94,18.1,16.19,17.52
1451917800,24.72,25.79,21.34,21.93
1452004200,21.73,22.09,19.08,19.37
1452090600,22.37,22.77,20.11,20.6
1452177000,24.16,27.58,23.63,26.19
1452263400,23,28.3,22.58,27.98
1452522600,26.68,28.34,23.47,24.21
1452609000,23.06,23.75,21.42,22.3
1452695400,21.48,26.87,21.08,25.57
1452781800,25.21,27.53,23.68,24.63
1452868200,32.1,35.47,28.96,29.6
1453213800,28.83,32.52,28.43,30.43
1453300200,34.12,38.55,31.27,32.85
1453386600,32.4,33.67,28.2,29.99
1453473000,26.17,26.29,22.55,22.59
1453732200,25.03,26.32,23.48,26.04
1453818600,25.75,26,24.06,24.25
1453905000,25.22,26.85,23.51,24.51
1453991400,23.4,25.26,22.79,23.4
1454077800,22.47,22.48,18.85,19.37
1454337000,21.62,22.3,19.25,19.68
1454423400,21.59,23.06,21.35,22.19
1454509800,21.71,25.2,21.67,22.35
1454596200,23.21,23.97,21.56,21.75
1454682600,21.7,23.87,21.56,22.96
1454941800,26.57,28.88,25.99,26.4
1455028200,29.78,30.28,26.01,26.84
1455114600,25.64,26.25,23.96,25.53
1455201000,29.57,30.04,27.16,27.36
1455287400,26,26.49,22.15,22.71
1455633000,23.96,24.61,21.56,21.81
1455719400,20.98,21.54,20.07,20.27
1455805800,20.25,20.7,18.71,19.53
1455892200,20.57,21.15,18.18,18.22
1456151400,19.54,19.7,17.8,18.39
1456237800,19.04,21.16,18.66,20.69
1456324200,22.59,23.34,20.47,20.72
1456410600,20.47,21.37,17.79,17.79
1456497000,17.69,19.22,17.69,18.56
1456756200,20.57,20.78,18.77,20.36
1456842600,19.6,20,16.92,17.04
1456929000,17.55,18.18,15.03,15.78
1457015400,16.24,16.74,15.53,15.91
1457101800,15.83,16.72,14.86,15.86
1457361000,18.6,18.74,17.14,17.66
1457447400,19.33,19.73,18.45,19.17
1457533800,19.2,19.95,18.72,18.79
1457620200,18.33,19.86,16.98,17.66
1457706600,16.37,16.72,15.18,15.2
1457962200,16.54,17.19,15.66,15.99
1458048600,16.97,17.25,16.21,16.46
1458135000,17.2,17.2,14.02,14.07
1458221400,14.4,14.4,12.44,13.05
1458307800,12.76,13,12.32,12.47
1458567000,14.01,14.27,12.47,12.77
1458653400,13.89,14.12,12.64,13.14
1458739800,13.47,13.9,13.17,13.36
1458826200,15.27,15.42,12.33,12.35
1459171800,14.59,15.08,13.5,14.07
1459258200,14.7,14.94,12.06,12.17
1459344600,12.15,12.34,11.39,11.87
1459431000,12.09,12.79,11.67,12.25
1459517400,13.82,13.84,10.72,10.92
1459776600,12.4,12.89,11.82,12.5
1459863000,14.23,14.53,13.48,13.96
1459949400,14.43,14.69,12.15,12.56
1460035800,14.09,16.15,13.4,15.2
1460122200,14.09,14.53,12.97,13.59
1460381400,14.28,15.6,13.64,15.59
1460467800,15.2,16.02,13.71,13.71
1460554200,13.59,13.59,12.3,12.45
1460640600,12.76,12.91,11.84,12.32
1460727000,12.52,12.98,12.18,12.2
1460986200,14.5,14.5,12.7,12.86
1461072600,12.96,13.76,12.69,12.86
1461159000,12.41,13.04,12.19,12.8
1461245400,12.9,13.63,12.78,13.18
1461331800,13.29,13.43,11.73,11.93
1461591000,14.07,14.49,13.53,13.62
1461677400,13.54,14.06,13.14,13.5
1461763800,14.12,14.64,12.42,12.81
1461850200,13.76,15.05,12.18,14.55
1461936600,15.33,17.07,14.77,14.79
1462195800,15.85,15.9,13.59,13.77
1462282200,15.48,16.37,14.6,15.17
1462368600,16.28,16.72,15.32,15.47
1462455000,15.4,16.16,15.02,15.37
1462541400,15.67,15.74,13.2,13.38
1462800600,14.85,14.98,13.51,13.86
1462887000,13.19,13.32,12.75,12.8
1462973400,12.71,13.75,12.55,13.75
1463059800,13.01,15.16,12.91,13.46
1463146200,13.75,14.68,12.66,14.15
1463405400,15.91,15.91,13.24,13.59
1463491800,14,15.93,13.5,15.11
1463578200,15.45,16.5,14.15,15.34
1463664600,16.32,17.48,15.28,15.28
1463751000,14.66,14.66,12.62,12.73
1464010200,14.49,14.49,13.15,13.6
1464096600,13.17,13.22,11.75,11.91
1464183000,11.73,11.75,11.24,11.41
1464269400,11.41,11.83,10.46,10.46
1464355800,10.69,11.16,9.73,9.77
1464701400,11.66,13.05,11.45,11.85
1464787800,12.86,13.26,11.6,11.61
1464874200,12.51,12.73,10.99,11.01
1464960600,11.47,12.27,9.97,10.11
1465219800,11.68,12.01,11.03,11.26
1465306200,11.27,11.65,10.98,11.56
1465392600,11.54,11.68,10.61,10.89
1465479000,12.05,12.42,11.9,12.23
1465565400,14.22,16.37,14.11,15.83
1465824600,19.94,23.13,19.17,22.94
1465911000,24.91,25.46,21.97,23.35
1465997400,23.45,23.72,18.71,22.6
1466083800,24.86,26.94,21.48,21.89
1466170200,22.16,22.81,21.21,22
1466429400,20.51,22.59,19.61,22.21
1466515800,21.9,23.13,21.45,22.47
1466602200,22.97,27.93,22.19,27.86
1466688600,22.96,23.56,20.89,21.13
1466775000,29.89,31.34,23.34,30.71
1467034200,30.04,30.86,24.08,25.06
1467120600,22.12,22.12,18.74,19.08
1467207000,17.64,17.73,14.97,15.86
1467293400,15.22,15.5,12.86,14.05
1467379800,13.11,13.17,11.82,11.85
1467725400,14.73,15.33,14.02,14.19
1467811800,15.44,16.19,13.15,13.18
1467898200,13.21,14.37,12.49,13.11
1467984600,11.74,12.07,11.15,11.43
1468243800,12.21,12.76,11.98,12.23
1468330200,11.6,12.87,11.6,12.25
1468416600,12.32,12.61,10.91,11.11
1468503000,11.76,11.77,10.61,10.93
1468589400,10.66,10.91,9.71,10.26
1468848600,11.68,11.73,10.93,10.99
1468935000,11.26,11.8,10.96,11.02
1469021400,10.8,11.09,10.24,10.43
1469107800,10.8,12.24,10.41,11.5
1469194200,11.33,11.58,10.02,10.22
1469453400,12.04,13.09,11.87,11.93
1469539800,12.24,12.91,11.83,11.98
1469626200,11.7,13.09,11.18,11.61
1469712600,11.84,12.54,11.32,11.79
1469799000,11.14,11.5,9.9,10.01
1470058200,11.33,11.97,10.72,11.1
1470144600,11.55,13.53,11.47,12.35
1470231000,12.65,13.02,11.1,11.29
1470317400,11.03,11.46,10.43,10.8
1470403800,9.92,9.96,9,9.18
1470663000,10.65,10.65,10.05,10.1
1470749400,9.87,10.78,9.36,10.49
1470835800,10.41,11.27,10.28,10.68
1470922200,10.32,10.54,9.67,9.74
1471008600,10.42,10.42,9.26,9.54
1471267800,10.44,10.45,9.62,9.72
1471354200,10.34,11.21,10.22,10.87
1471440600,10.98,13.21,10.57,10.76
1471527000,10.85,11.16,9.71,9.9
1471613400,10.37,10.99,9.25,9.4
1471872600,11.98,12.14,10.71,10.95
1471959000,10.39,11.38,10.18,11.37
1472045400,11.58,13.81,11.43,12.67
1472131800,13.34,13.53,12.21,12.77
1472218200,12.66,14.09,10.38,12.1
1472477400,13.32,13.34,11.1,11.14
1472563800,10.85,11.9,10.85,11.21
1472650200,11.3,13.09,11.2,11.64
1472736600,11.78,13.79,11.57,11.89
1472823000,9.71,10.14,9.02,9.1
1473168600,10.47,11.18,9.9,9.98
1473255000,10.23,10.53,9.8,9.8
1473341400,10.64,11.15,10.48,10.99
1473427800,12.94,18.8,12.92,18.78
1473687000,23.36,23.51,15.58,16.03
1473773400,17.71,21.4,17.53,19.55
1473859800,19.58,19.88,17.56,19.38
1473946200,18.93,19.13,16.39,17
1474032600,17.32,17.86,15.27,15.27
1474291800,16.03,16.95,15.24,16.31
1474378200,15.9,17.38,15.77,17.22
1474464600,16.13,17.88,12.63,12.83
1474551000,11.45,11.66,10.44,10.79
1474637400,11.35,11.96,10.76,11.39
1474896600,14.45,15.82,13.96,15.67
1474983000,14.88,14.96,12.7,12.8
1475069400,12.5,13.5,11.53,11.72
1475155800,12.03,16.94,11.21,14.71
1475242200,13.37,14.31,11.65,12.37
1475501400,13.93,14.27,12.8,13
1475587800,12.55,14.45,11.95,12.95
1475674200,12.38,12.53,11.59,12.03
1475760600,12.43,13.04,11.41,11.47
1475847000,11.32,13.16,11.23,11.47
1476106200,11.28,11.43,10.57,10.81
1476192600,11.53,15.34,11.53,13.34
1476279000,13.62,14.27,12.61,13.16
1476365400,15.2,16.06,13.68,14.07
1476451800,12.52,13.38,11.89,12.94
1476711000,14.38,14.99,13.69,13.81
1476797400,12.86,13.3,12.13,12.45
1476883800,11.77,12.26,11.36,11.97
1476970200,12.09,12.3,11.03,11.07
1477056600,11.94,12.1,10.56,10.68
1477315800,11.08,11.57,11,11.35
1477402200,11.73,12.52,11.57,11.9
1477488600,13.11,13.61,12.23,12.58
1477575000,12.56,14.62,12.56,14.59
1477661400,14.87,18.64,13.8,16.69
1477920600,19.23,20.91,18.92,20.19
1478007000,20.74,25.76,20.73,22.86
1478093400,24.15,24.88,23.25,24.16
1478179800,24.12,28.77,24,27.9
1478266200,27.95,29.79,27.21,28.82
1478529000,25.99,25.99,23.42,24.67
1478615400,26.36,26.72,22.54,25.31
1478701800,20.18,20.28,15.36,15.36
1478788200,14.12,17.32,13.1,14.12
1478874600,14.54,15.7,12.68,12.84
1479133800,13.93,14.38,12.3,12.51
1479220200,12.18,12.19,10.16,10.64
1479306600,11.44,11.51,9.3,9.52
1479393000,9.47,9.75,8.98,9.38
1479479400,9.6,9.62,8.61,8.63
1479738600,10.19,10.39,9.47,10
1479825000,10.04,10.73,9.97,10.2
1479911400,10.44,10.87,9.88,10.06
1480084200,10.92,11.09,10.33,10.43
1480343400,12.76,12.89,12.19,12.86
1480429800,13.05,13.67,12.21,12.64
1480516200,12.26,13.51,12.05,13.23
1480602600,13.25,15.13,13.21,13.96
1480689000,14.14,14.21,12.8,13.64
1480948200,12.97,13.03,11.41,11.41
1481034600,10.91,11.43,10.42,10.84
1481121000,10.61,11.89,9.95,11.79
1481207400,11.14,13.05,10.89,12.92
1481293800,12.46,12.77,10.96,11.1
1481553000,12.19,12.61,12.14,12.25
1481639400,12.02,13.45,12.02,12.25
1481725800,12.65,13.09,11.59,12.84
1481812200,12.5,12.91,11.53,11.85
1481898600,11.78,11.99,10.62,10.67
1482157800,11.38,11.41,9.91,9.95
1482244200,9.98,9.99,9.64,9.85
1482330600,9.42,9.8,9.31,9.33
1482417000,9.37,9.87,9.12,9.34
1482503400,9.6,9.64,8.89,8.98
1482849000,10.07,10.31,9.94,10.22
1482935400,10.16,11.53,10.08,11.22
1483021800,11.65,12.21,11.22,11.64
1483108200,11.73,14.12,11.56,12.68
1483453800,13.63,13.69,11.97,11.99
1483540200,11.49,11.67,10.38,10.68
1483626600,10.89,10.94,9.66,9.95
1483713000,9.7,9.94,9.06,9.19
1483972200,10.34,10.51,9.44,9.44
1484058600,9.43,9.56,8.88,8.88
1484145000,9.5,10.07,8.86,8.88
1484231400,9.57,11.27,9.17,9.32
1484317800,9.26,9.27,8.44,8.99
1484663400,10.97,11.55,10.55,10.85
1484749800,11.2,11.69,10.63,11.29
1484836200,10.91,12.68,10.85,11.5
1484922600,11.02,11.71,9.69,9.72
1485181800,11.31,12.49,10.75,10.92
1485268200,10.8,10.89,10.01,10.08
1485354600,10.08,10.44,9.74,10.06
1485441000,10.23,10.48,9.58,9.71
1485527400,9.88,9.94,9.11,9.36
1485786600,10.99,13.15,10.99,11.66
1485873000,12.27,13.22,11.7,11.77
1485959400,11.13,12.09,10.83,12.04
1486045800,12.4,12.84,10.85,11.16
1486132200,9.88,10.16,9.09,9.19
1486391400,10.89,10.89,9.82,10.17
1486477800,9.98,10.02,9.25,9.47
1486564200,9.86,10.09,9.33,9.6
1486650600,9.35,9.35,8.84,8.85
1486737000,8.83,9.25,8.67,9.02
1486996200,9.63,9.8,9.27,9.32
1487082600,9.44,9.54,8.85,8.94
1487169000,9.59,10.39,8.66,10.26
1487255400,10.48,11.7,9.9,10.02
1487341800,10.48,10.61,8.67,9.03
1487687400,10.81,11.05,10.14,10.22
1487773800,10.64,10.79,10.04,10.39
1487860200,10.47,11.41,10.12,10.15
1487946600,11.28,11.3,9.34,9.41
1488205800,10.53,10.96,10.08,10.83
1488292200,11.08,12.01,10.73,11.89
1488378600,10.52,11.43,10.32,10.57
1488465000,10.98,10.99,9.12,9.6
1488551400,9.8,9.82,8.55,8.56
1488810600,10.22,10.38,9.58,9.67
1488897000,9.74,10.25,9.29,10.23
1488983400,10.16,10.91,10.11,10.91
1489069800,11.24,11.8,10.76,11.78
1489156200,11.13,11.41,10.46,10.67
1489411800,11.68,11.68,10.62,10.78
1489498200,11.46,12.49,11.27,11.78
1489584600,11.83,11.87,9.96,10.76
1489671000,10.3,10.31,9.34,9.74
1489757400,9.62,9.89,9.01,9.87
1490016600,10.73,10.8,9.81,10.23
1490103000,9.7,14.45,9.62,14.23
1490189400,14.19,14.8,12.96,14.51
1490275800,14.61,15.52,13.2,15.14
1490362200,14.24,16.7,12.97,13.43
1490621400,16.36,16.36,12.04,12.12
1490707800,12.21,12.21,10.18,10.51
1490794200,10.58,10.59,9.24,10.08
1490880600,10,10.02,9.17,9.58
1490967000,9.87,10.14,9.27,9.66
1491226200,10.76,12.21,10.04,10.16
1491312600,10.85,10.85,9.4,9.51
1491399000,9.01,11.89,8.69,11.89
1491485400,11.02,11.1,9.6,10.27
1491571800,10.88,11.69,9.94,10.06
1491831000,10.62,10.69,9.73,10.36
1491917400,10.77,12.17,10.53,10.54
1492003800,10.71,11.62,10.33,10.91
1492090200,11.76,12.88,10.7,12.75
1492435800,14.91,14.95,12.96,13.44
1492522200,14.83,15.84,14.04,14.2
1492608600,13.73,16.59,13.52,16.2
1492695000,15.69,16.79,14.66,15.83
1492781400,16.03,18.55,15.89,17.09
1493040600,11.28,11.73,9.91,9.96
1493127000,9.83,10.59,9.62,9.8
1493213400,9.91,10.24,9.33,9.79
1493299800,9.81,10.58,9.08,9.24
1493386200,9.34,9.92,9.2,9.42
1493645400,10.85,10.86,9.38,9.49
1493731800,9.85,10.57,9.78,10.49
1493818200,11.09,11.56,10.4,10.78
1493904600,10.87,12.09,10.67,11.04
1493991000,10.48,11.97,10.29,11.44
1494250200,9.85,9.85,8.91,9.09
1494336600,9.26,9.64,8.91,9.31
1494423000,9.45,9.45,8.85,9.43
1494509400,9.82,11.18,9.63,10.35
1494595800,10.12,10.31,9.16,9.4
1494855000,9.96,9.96,8.9,9.16
1494941400,8.89,9.14,8.56,8.96
1495027800,11.96,20.22,11.51,20.17
1495114200,19.43,19.58,15.69,16.67
1495200600,13.17,13.18,10.29,10.98
1495459800,10.85,10.85,9.25,9.39
1495546200,9.08,9.86,9.08,9.32
1495632600,9.21,9.55,8.52,8.56
1495719000,8.57,8.99,7.81,8.12
1495805400,8.69,8.85,7.51,7.6
1496151000,9.47,9.54,8.56,9.04
1496237400,8.9,9.91,8.45,8.71
1496323800,8.64,9.14,8.22,8.5
1496410200,8.65,9.01,8.18,8.47
1496669400,9.9,9.96,9.13,9.69
1496755800,10.35,10.59,9.92,10.39
1496842200,10.44,10.99,10.13,10.13
1496928600,10.03,10.35,9.33,9.62
1497015000,8.98,12.47,8.35,10.37
1497274200,11.8,13.22,11.3,11.35
1497360600,10.4,10.44,9.28,9.35
1497447000,9.46,10.31,8.74,9.91
1497533400,11.58,11.86,9.61,10.14
1497619800,9.65,10.33,8.17,8.33
1497879000,8.87,8.94,8.13,8.52
1497965400,8.77,10.08,8.61,9.42
1498051800,9.39,10.2,9.07,9.56
1498138200,9.66,10.24,8.79,9.23
1498224600,9.11,9.59,8.06,8.38
1498483800,8.62,9.32,8.2,8.7
1498570200,9.05,10.93,8.52,10.5
1498656600,9.35,9.92,8.32,8.49
1498743000,8.88,17.68,8.76,11.37
1498829400,10.31,11,9.41,9.93
1499088600,9.75,10.46,9.14,10.21
1499261400,10.18,11.35,9.18,9.65
1499347800,11.07,12.3,10.32,11.53
1499434200,10.97,11.03,9.07,9.26
1499693400,10.85,10.85,9.44,9.9
1499779800,10.1,11.27,9.33,9.37
1499866200,8.69,8.83,8.02,8.06
1499952600,8.58,8.59,8.01,8.01
1500039000,8.09,8.18,7.55,7.55
1500298200,8.53,8.67,8.28,8.39
1500384600,9.18,9.24,8.21,8.44
1500471000,8.4,8.4,7.74,7.85
1500557400,8.02,9.02,7.59,7.69
1500643800,7.85,8.12,6.99,7.1
1500903000,8.25,8.31,7.45,7.64
1500989400,7.57,8.02,7.45,7.87
1501075800,7.96,8.19,7.79,8.07
1501162200,7.84,11.65,7.59,9.03
1501248600,9.99,10.38,8.34,8.55
1501507800,9.54,9.98,8.99,9.43
1501594200,9.41,9.71,8.75,8.93
1501680600,8.68,9.56,8.4,8.68
1501767000,8.91,9.33,8.38,9.31
1501853400,8.49,8.82,8.06,8.58
1502112600,9.29,9.32,8.28,8.43
1502199000,8.76,11.47,8,10.5
1502285400,12.8,13.41,10.6,10.72
1502371800,13.98,18.27,13.54,17.83
1502458200,16.1,17.2,14.34,15.53
1502717400,12.39,12.39,11.26,11.63
1502803800,10.94,11.55,10.01,10.41
1502890200,10.26,10.52,9.02,9.73
1502976600,11.01,15.98,10.34,15.77
1503063000,15.21,16.1,12.39,13.17
1503322200,14.37,14.5,12.48,12.48
1503408600,11.9,11.93,9.92,9.92
1503495000,11.41,11.41,10.1,11.14
1503581400,10.5,11.79,10.32,10.33
1503667800,10.18,10.23,8.88,8.97
1503927000,9.46,10.27,9.34,9.45
1504013400,12.65,12.65,9.57,9.81
1504099800,10,10.26,8.94,9.15
1504186200,8.89,9.07,8.53,8.66
1504272600,8.37,8.66,7.87,7.94
1504618200,10.39,13.68,10.26,11.34
1504704600,10.69,11.58,9.75,10.22
1504791000,10.32,10.96,9.75,9.75
1504877400,10.94,11.96,9.8,11.29
1505136600,9.76,9.76,9,9.01
1505223000,9.14,9.5,8.88,9.25
1505309400,9.4,9.41,9.02,9.38
1505395800,9.57,9.81,8.9,9.29
1505482200,9.24,9.24,7.88,8.3
1505741400,9.41,9.45,8.71,8.72
1505827800,8.71,9.13,8.62,9.09
1505914200,8.92,10.24,8.85,8.95
1506000600,9.05,9.43,8.26,8.44
1506087000,8.92,8.92,7.87,7.98
1506346200,9.23,10.43,8.61,9.21
1506432600,9.12,9.99,8.79,9.34
1506519000,8.88,9.55,8.73,9.03
1506605400,9.27,9.38,8.39,8.39
1506691800,8.41,8.65,7.74,7.95
1506951000,9.01,9.13,8.12,8.18
1507037400,8.24,8.45,7.84,8.04
1507123800,8.41,8.59,7.99,8.02
1507210200,8.14,8.19,7.61,7.81
1507296600,7.97,8.72,7.59,7.88
1507555800,8.99,9.38,8.49,9.34
1507642200,9.17,9.54,8.72,8.72
1507728600,8.66,8.75,8.09,8.32
1507815000,8.73,8.92,8.18,8.34
1507901400,8.24,8.28,7.76,8.03
1508160600,8.61,8.72,8.37,8.46
1508247000,8.52,8.8,8.36,8.69
1508333400,8.58,8.61,8,8.37
1508419800,10,10.41,8.58,8.88
1508506200,8.81,8.84,8.03,8.41
1508765400,9.32,10.77,8.84,10.77
1508851800,10.01,10.62,9.77,10.48
1508938200,10.72,13.64,10.43,11.09
1509024600,10.56,11.35,10.23,10.69
1509111000,10.08,10.25,8.58,8.61
1509370200,9.91,10.23,9.1,9.81
1509456600,9.28,9.57,9.08,9.32
1509543000,8.92,9.66,6.69,9.29
1509629400,9.35,10.44,8.3,8.54
1509715800,8.26,8.51,7.63,7.84
1509978600,8.83,8.83,8.01,8.09
1510065000,8.13,9.38,8.05,8.83
1510151400,9.01,9.27,7.91,8.28
1510237800,9.84,12.97,9,9.65
1510324200,10.31,11.12,9.59,10.31
1510583400,11.2,11.29,9.25,9.84
1510669800,10.64,11.92,9.7,9.73
1510756200,12.44,13.66,10.41,11.73
1510842600,10.18,10.18,8.21,8.74
1510929000,8.58,8.73,7.94,8.49
1511188200,9.38,9.43,8.31,8.6
1511274600,8.37,8.37,7.61,7.97
1511361000,7.91,7.99,7.62,7.87
1511533800,8.37,8.41,7.67,7.87
1511793000,9.2,9.25,8.69,9
1511879400,8.95,9.68,8.67,9.18
1511965800,9.24,10.64,9.24,10.16
1512052200,10.42,13.07,10.16,11.38
1512138600,11.85,17.68,11.21,11.98
1512397800,11.91,12.67,10.21,12.21
1512484200,12.01,12.01,10.28,11.11
1512570600,11.5,11.64,10.74,10.9
1512657000,11.16,11.32,9.42,9.51
1512743400,9.6,9.6,8.41,8.44
1513002600,9.35,9.37,8.67,8.79
1513089000,9.07,9.36,8.87,9.24
1513175400,9.43,9.43,7.65,9.35
1513261800,9.25,9.89,8.51,9.87
1513348200,8.87,8.89,8.14,8.25
1513607400,8.81,9,7.52,8.05
1513693800,8.1,9.03,8.07,9.03
1513780200,7.98,8.74,7.85,8.34
1513866600,8.05,8.21,7.58,7.63
1513953000,7.61,7.94,7.15,7.51
1514298600,8.92,8.93,8.3,8.48
1514385000,8.46,10.27,7.64,9.71
1514471400,9.32,9.43,8.91,9.27
1514557800,9.13,10.42,8.94,10.42
1514903400,10.38,10.52,8.21,8.54
1514989800,8.32,8.32,7.33,7.85
1515076200,7.89,8.33,7.49,7.73
1515162600,7.94,8.08,7.45,7.7
1515421800,8.62,8.71,7.65,7.9
1515508200,7.97,8.37,7.67,8.35
1515594600,8.77,9.15,7.81,7.85
1515681000,8.13,8.17,7.63,7.84
1515767400,8.38,8.86,8.02,8.68
1516113000,10.1,12.58,10.06,11.25
1516199400,11.46,12.21,10.39,11.66
1516285800,11.7,12.38,11.3,12.37
1516372200,11.8,11.91,10.12,10.41
1516631400,11.53,11.53,10.41,10.87
1516717800,11.01,11.24,10.54,11.03
1516804200,11.22,12.58,10.17,11.43
1516890600,11.59,12.37,11.59,11.62
1516977000,11.49,11.61,10.42,10.46
1517236200,12.33,14.99,12.25,14.99
1517322600,16.25,17.2,15.26,16.24
1517409000,15.32,15.32,12.6,13.84
1517495400,14.42,14.42,12.13,13.84
1517581800,14.73,20.78,13.54,17.26
1517841000,22.07,61.38,18.15,59.34
1517927400,63.23,68.95,28.74,39.46
1518013800,36.1,36.1,22.5,32.86
1518100200,28.59,45.53,26.94,41.44
1518186600,36.64,52.49,29.88,31.64
1518445800,31.5,33.89,25.08,26.83
1518532200,29.39,29.39,24.65,25.29
1518618600,23.03,23.47,18.64,18.73
1518705000,18.21,20.81,17.21,18.58
1518791400,19.09,21.98,16.16,18.68
1519137000,23.32,23.32,19.76,20.64
1519223400,20.38,20.42,15.55,20.01
1519309800,19.94,20.79,17.31,18.13
1519396200,18.13,18.66,14.06,14.98
1519655400,16.83,17.01,15.15,15.16
1519741800,15.97,18.79,15,18.12
1519828200,16.94,19.86,16.35,19.19
1519914600,20.03,28.48,19.43,23.89
1520001000,28.13,29.35,18.76,18.87
1520260200,21.48,21.58,17.47,18.26
1520346600,17.4,19.11,16.86,17.23
1520433000,19.44,19.91,16.13,16.71
1520519400,16.18,17.56,15.52,15.86
1520605800,15,15.32,13.19,13.53
1520861400,16,16.11,14.63,15.24
1520947800,15.12,16.18,14.82,15.36
1521034200,15.46,17.82,15.09,17.28
1521120600,16.56,17.62,15.33,15.96
1521207000,14.93,15.07,14.04,14.93
1521466200,17.02,29.09,16.93,21.95
1521552600,21.66,22.09,19.36,19.7
1521639000,19.88,20.88,15.05,18.52
1521725400,22.57,27.11,20.39,26.31
1521811800,25.15,30.67,22.82,28.22
1522071000,25.4,28,22.06,22.28
1522157400,21.77,25.72,19.83,22.95
1522243800,23.21,28.19,22.74,24.94
1522330200,23.08,23.64,20.2,20.57
1522675800,24.09,31.14,23.02,27.31
1522762200,26.04,26.99,23.4,23.48
1522848600,28.38,28.38,21.56,21.95
1522935000,21.74,22.21,19.36,19.93
1523021400,22.05,26.87,20.19,23.06
1523280600,23.03,24.12,21.6,23.83
1523367000,22.39,23.57,20.68,20.92
1523453400,20.37,20.93,19.09,20.37
1523539800,18.75,19.71,17.51,17.82
1523626200,17.06,18.39,16.24,16.36
1523885400,17.31,17.55,16.28,16.57
1523971800,16.14,16.17,14.46,15.35
1524058200,16.4,16.81,14.45,14.64
1524144600,15.3,17.28,14.81,15.5
1524231000,14.84,18.02,14.63,16.23
1524490200,17.24,17.8,15.69,16.44
1524576600,15.78,21.5,15.47,19.17
1524663000,19.91,22.06,18.63,18.71
1524749400,18.49,18.58,15.98,16.01
1524835800,15.88,16.84,14.36,14.44
1525095000,15.73,17.13,14.93,16.45
1525181400,16.98,17.8,15.57,15.7
1525267800,15.93,16.53,14.7,16.53
1525354200,16.69,21.19,15.73,15.75
1525440600,17.27,17.54,13.78,13.86
1525699800,15.68,15.68,14.09,14.22
1525786200,14.72,15.35,13.94,13.98
1525872600,13.95,14.15,12,12.13
1525959000,12.36,12.56,11.93,12.43
1526045400,12.64,12.65,11.24,11.24
1526304600,12.61,12.86,11.92,11.92
1526391000,13.28,14.92,13.28,14.29
1526477400,13.69,13.78,12.34,12.36
1526563800,12.5,12.82,11.51,12.02
1526650200,12.49,12.54,11.31,11.48
1526909400,11.68,12.3,11.37,11.37
1526995800,11.26,11.31,10.62,10.92
1527082200,12.48,12.6,9.98,10.06
1527168600,10.85,12.74,10.29,10.33
1527255000,11.44,11.83,10.81,11.46
1527600600,15.83,19.76,14.19,17.24
1527687000,16.01,16.04,13.1,13.26
1527773400,14.09,15.26,13.15,14.12
1527859800,12.59,12.61,11.32,11.44
1528119000,13.03,13.06,11.92,12.02
1528205400,12.02,12.73,11.5,11.68
1528291800,11.69,11.95,11.01,11.03
1528378200,11.42,13.35,11.37,11.9
1528464600,12.95,13.17,11.43,11.56
1528723800,12.8,12.82,12.17,12.53
1528810200,12.36,12.54,11.52,12.03
1528896600,11.97,12.69,11.58,12.66
1528983000,11.88,12.27,10.93,11.04
1529069400,11.82,12.49,10.82,10.84
1529328600,13.72,14.07,11.64,11.69
1529415000,15.02,15.05,12.85,12.97
1529501400,11.82,12.48,11.59,12.16
1529587800,12.71,15.48,12.67,14.56
1529674200,12.36,13.05,11.96,12.16
1529933400,14.49,20.72,14.34,17.68
1530019800,16.61,17.17,14,15.16
1530106200,14.63,18.5,13.3,17.91
1530192600,18.29,19.02,15.29,15.83
1530279000,14.74,15.17,12.98,14.93
1530538200,17.99,18.25,14.36,14.42
1530624600,14.16,15.48,13.53,15.17
1530797400,14.27,15.63,14.08,14.14
1530883800,14,14.16,11.42,11.49
1531143000,11.98,12.02,10.79,10.79
1531229400,10.56,11.5,10.36,10.66
1531315800,12.54,12.6,11.42,11.8
1531402200,11.31,11.72,10.33,10.6
1531488600,10.8,11.01,9.94,10.07
1531747800,11.48,11.8,11.18,11.5
1531834200,12.18,12.18,10.32,10.56
1531920600,10.8,10.89,9.76,10.03
1532007000,10.88,11.38,10.44,11.15
1532093400,11.84,11.96,10.78,11.01
1532352600,12.2,12.62,11.3,11.34
1532439000,10.79,12.25,10.58,11.15
1532525400,11.5,11.52,10.36,11.27
1532611800,11.29,11.56,11.01,11.07
1532698200,11.33,13.92,11.14,11.59
1532957400,12.63,14.1,12.47,13.57
1533043800,12.67,12.96,11.63,11.64
1533130200,11.67,13.26,11.11,12.29
1533216600,13.94,13.94,10.38,10.51
1533303000,10.76,10.76,9.52,9.58
1533562200,10.81,10.93,9.5,9.74
1533648600,9.53,9.74,9.11,9.13
1533735000,9.35,9.67,8.56,8.86
1533821400,9.19,9.52,8.63,9.46
1533907800,11.85,13.97,11.42,13.09
1534167000,14.05,15.97,12.8,15.34
1534253400,13.7,14.16,12.27,12.62
1534339800,14.84,18.17,14.39,15.01
1534426200,12.97,13.37,11.85,12.92
1534512600,13.21,13.79,11.5,11.57
1534771800,12.11,12.32,11.33,11.42
1534858200,11.14,11.58,10.75,11.55
1534944600,12.03,12.11,10.33,10.77
1535031000,10.96,11.64,10.05,10.8
1535117400,10.32,10.58,9.87,10.17
1535376600,11.27,11.28,10.15,10.23
1535463000,10.21,10.51,9.87,10.2
1535549400,9.93,10.11,9.73,9.77
1535635800,10.32,11.91,10.13,11.49
1535722200,11.61,12.51,10.68,11.01
1536067800,13.13,14,11.95,11.97
1536154200,12.29,13.52,11.85,12.65
1536240600,12.64,15.23,12.28,13.46
1536327000,14.59,14.9,12.45,13.49
1536586200,13.69,13.83,12.26,12.57
1536672600,13.49,13.76,11,11
1536759000,11.05,11.73,10.46,10.67
1536845400,10.53,10.6,9.98,10.03
1536931800,10.21,10.66,8.81,9.93
1537191000,11.26,13.69,11.06,13.5
1537277400,12.38,12.47,11.56,11.74
1537363800,11.44,11.94,10.97,11.45
1537450200,10.78,11.24,10.63,11.04
1537536600,11.27,11.27,10.05,10.63
1537795800,11.99,12.9,11.6,11.63
1537882200,11.46,12.18,11.33,11.76
1537968600,11.56,12.97,10.72,12.7
1538055000,11.83,12.47,11.07,12.09
1538141400,12.73,12.84,11.07,11.17
1538400600,11.38,11.73,10.67,11.19
1538487000,11.49,11.68,10.5,11.13
1538573400,10.6,11.67,10.13,10.81
1538659800,11.85,18.88,11.81,15.42
1538746200,14.43,19.61,13.16,14.86
1539005400,17.17,18.9,14.92,14.92
1539091800,15.97,16.96,13.66,14.4
1539178200,15.64,26.1,15.63,25.98
1539264600,23.85,35.6,23.07,29.58
1539351000,25.02,32.89,21.84,22.84
1539610200,24.76,25.89,20.86,23.91
1539696600,20.72,20.98,17.78,17.85
1539783000,17.95,20.71,17.56,17.75
1539869400,19.4,24.55,18.29,22.31
1539955800,21.24,23.44,18.97,21.13
1540215000,20.72,23.62,19.57,20.67
1540301400,29.71,29.71,22.49,23.43
1540387800,23.97,34.34,23.21,31.91
1540474200,29.8,31.03,26.36,29.62
1540560600,32.21,35.41,28.81,29.89
1540819800,29.04,36.37,27.17,31.03
1540906200,32.42,32.54,28.6,28.87
1540992600,26.96,27.35,23.62,25.16
1541079000,23.68,24.33,20.83,21.54
1541165400,20.97,25.2,20.1,21.17
1541428200,22.32,23.89,21.42,21.63
1541514600,22.06,22.93,21.15,21.62
1541601000,17.39,18.01,15.49,15.54
1541687400,15.53,16.62,15.31,15.56
1541773800,16.28,17.62,15.17,15.63
1542033000,16.94,21.39,16.88,20.69
1542119400,20.19,21.61,18.23,19.38
1542205800,18.63,23.39,18.29,21.39
1542292200,22.32,24.06,19.38,19.5
1542378600,20.93,21.2,16.29,16.35
1542637800,19.17,21.79,18.5,20.43
1542724200,24.77,26.66,22.8,23.63
1542810600,22.53,22.98,19.19,19.86
1542983400,22.96,22.97,20.7,21.42
1543242600,21.69,21.71,19.55,20.04
1543329000,21.49,21.72,20.53,21.33
1543415400,21.27,22.85,21.11,22.06
1543501800,22.59,24.91,21.86,22.13
1543588200,23.15,23.15,21.4,21.46
1543847400,18.09,19.48,17.01,17.21
1543933800,17.74,26.99,17.07,25.1
1544106600,31.36,33.48,24.75,25.11
1544193000,24.77,30.52,22.6,27.42
1544452200,28.13,31.83,25.14,25.53
1544538600,23.95,26.31,22.72,23.49
1544625000,22.07,23.06,21.48,22.86
1544711400,21.53,21.81,19.98,20.57
1544797800,21.38,23.46,20.53,21.47
1545057000,23.85,29.18,23.11,27.07
1545143400,26.45,29.61,25.74,28.36
1545229800,28.79,28.9,23.61,26.65
1545316200,26.96,33.86,25.92,30.42
1545402600,30.64,35.43,27,33.74
1545661800,37.35,42.5,35.98,42.4
1545834600,41.09,42.9,32.15,34.71
1545921000,37.87,39.64,33.39,33.88
1546007400,33.7,35.47,30.84,31.02
1546266600,31.72,31.74,27.27,27.35
1546439400,31.46,31.46,22.68,23.02
1546525800,25.82,28.95,24.47,26.96
1546612200,24.04,24.38,20.58,21.27
1546871400,23.42,23.42,21.11,21.68
1546957800,20.88,22.92,19.85,20.57
1547044200,20.26,21.04,18.7,19.18
1547130600,20.46,21.04,17.66,17.88
1547217000,18.64,18.76,15.88,16.1
1547476200,19.43,19.46,16.14,17.57
1547562600,17.62,17.68,16.16,16.84
1547649000,16.6,16.95,15.98,16.73
1547735400,17.32,17.32,15.31,15.75
1547821800,15.7,16.21,14.97,15.22
1548167400,18.96,21.96,18.89,21.57
1548253800,20.75,22.89,19.25,19.36
1548340200,20.4,20.63,17.6,18.09
1548426600,17.53,17.8,16.24,16.35
1548685800,20.26,22.07,19.28,19.38
1548772200,19.45,21.12,19.38,19.85
1548858600,19.52,19.97,17.28,17.32
1548945000,17.23,17.27,15.42,15.51
1549031400,15.18,15.35,13.99,14.13
1549290600,15.94,15.97,13.58,13.58
1549377000,13.86,14.4,13.19,13.58
1549463400,13.51,14.03,12.69,12.73
1549549800,14.19,17.45,13.78,14.89
1549636200,16.1,17.17,13.44,13.61
1549895400,14.72,15.47,14.56,14.67
1549981800,13.95,14.1,13.38,13.47
1550068200,13.73,14.14,12.82,13.49
1550154600,15.11,15.77,13.66,14.11
1550241000,13.45,13.61,12.02,12.18
1550586600,15.2,15.21,13.19,13.38
1550673000,13.66,13.89,12.48,12.6
1550759400,13.53,14.46,12.68,13.18
1550845800,13.13,13.18,11.47,11.49
1551105000,12.85,14.09,12.57,14.06
1551191400,14.48,14.61,13.29,14.2
1551277800,14.57,15.66,13.14,13.14
1551364200,13.17,13.74,12.46,13.18
1551450600,12.39,13.19,11.08,11.33
1551709800,12.42,17.65,11.9,13.4
1551796200,13.54,14.7,12.74,13.36
1551882600,13.6,15.65,13.49,14.99
1551969000,16.09,18.47,15.17,16.15
1552055400,18.57,18.79,14.56,14.63
1552311000,16.07,16.07,13.36,13.4
1552397400,13.57,13.61,12.69,12.73
1552483800,12.41,13.3,12.17,12.53
1552570200,12.96,13.2,12.05,12.52
1552656600,12.39,12.43,11.18,11.22
1552915800,12.74,13.61,12.48,12.53
1553002200,12.24,13.93,12.22,13.53
1553088600,14.22,14.73,12.36,13.49
1553175000,13.98,13.99,12.62,13.11
1553261400,13.94,18.47,13.6,16.85
1553520600,18.89,19.57,16.38,16.41
1553607000,15.46,15.63,13.89,13.95
1553693400,14.41,17.13,14.18,14.7
1553779800,14.62,15.57,13.64,13.7
1553866200,13.16,13.64,12.06,12.34
1554125400,13.21,13.34,11.95,12.11
1554211800,12.26,12.47,11.51,11.86
1554298200,11.75,13.12,11.63,12.29
1554384600,12.44,12.45,11.31,11.58
1554471000,11.26,11.26,9.92,10.12
1554730200,11.63,11.92,10.65,10.74
1554816600,11.71,12.21,11.03,11.78
1554903000,11.45,11.62,8.77,10.14
1554989400,10.81,11.05,10.29,10.52
1555075800,10.44,10.61,9.65,9.74
1555335000,10.99,11.77,10.53,10.61
1555421400,10.39,11.09,10.23,10.76
1555507800,10.28,11.83,10.25,11
1555594200,10.66,11.13,9.86,9.93
1555939800,13.16,13.17,11.57,11.63
1556026200,11.71,12.16,11.48,11.64
1556112600,11.91,12.73,11.65,12.54
1556199000,13.18,14.12,11.82,12.36
1556285400,12.48,12.77,11.32,11.81
1556544600,13,13,12.29,12.52
1556631000,13.02,13.82,12.34,12.44
1556717400,12.51,15.09,12.06,14.95
1556803800,14.75,16.61,13.47,13.92
1556890200,12.5,12.5,10.96,10.96
1557149400,20.36,20.36,14.92,15.45
1557235800,18.54,24.88,18.36,20.74
1557322200,21.96,23.21,19.35,21.33
1557408600,26.44,27.26,20.88,21.86
1557495000,20.69,23.08,15.84,16.57
1557754200,22.85,24.36,21.48,22.76
1557840600,22.76,22.76,18.42,18.76
1557927000,20.35,20.4,16.12,16.31
1558013400,16.14,16.14,14.71,15.06
1558099800,17.11,17.11,14.48,16.26
1558359000,18.77,19.41,16.61,16.82
1558445400,15.81,15.81,13.98,14.5
1558531800,14.5,14.94,13.48,13.92
1558618200,16.44,18.99,16.42,17.4
1558704600,15.78,16.49,15.23,15.36
1559050200,16.84,18.53,15.92,17.98
1559136600,19.04,19.91,18.04,18.34
1559223000,17.18,18.37,16.35,17.12
1559309400,19.72,19.93,18.04,19
1559568600,19.3,20.46,18.59,19.26
1559655000,18.52,18.89,16.65,16.65
1559741400,16.45,17.52,14.79,14.9
1559827800,15.24,15.4,14.22,14.88
1559914200,14.44,15.41,14.31,15.02
1560173400,15.5,16.05,15.25,15.25
1560259800,14.85,16.19,14.85,15.15
1560346200,15.29,15.49,14.64,14.66
1560432600,14.85,15.01,14.37,14.59
1560519000,15.16,15.52,13.5,13.56
1560778200,15.36,15.5,14.6,14.99
1560864600,15.07,15.64,14.15,15.29
1560951000,15.32,17.01,13.7,13.87
1561037400,13.54,16.55,13.12,14.77
1561123800,14.68,14.83,13.94,14.83
1561383000,16.22,16.39,15.8,15.8
1561469400,15.8,17.74,15.78,17.01
1561555800,17.03,17.33,16.28,16.8
1561642200,16.85,17.1,16.24,16.34
1561728600,16.64,17.06,15.67,15.67
1561987800,13.2,13.41,12.32,12.51
1562074200,12.31,12.49,10.38,10.42
1562160600,10.53,10.53,9.87,9.91
1562333400,11.4,12.38,10.34,10.57
1562592600,12.31,12.53,11.02,11.12
1562679000,12.05,12.05,10.87,11.08
1562765400,10.65,10.65,9.88,9.94
1562851800,10.09,10.57,9.74,10.08
1562938200,9.9,9.93,9.48,9.88
1563197400,10.95,11.25,10.79,11.01
1563283800,10.98,12.1,10.34,11.71
1563370200,11.59,13.42,11.46,13.42
1563456600,13.4,14.29,12.1,12.68
1563543000,12.68,13.56,12.22,13.56
1563802200,15.05,15.24,13.46,13.64
1563888600,13.59,13.85,12.3,12.82
1563975000,13.39,13.39,12.13,12.19
1564061400,12.78,13.92,12.45,12.53
1564147800,12.23,12.29,11.5,11.54
1564407000,12.69,13.4,12.56,12.67
1564493400,14.33,14.61,13.61,14.46
1564579800,14.44,18.41,12.36,18.41
1564666200,15.57,22.44,13.1,19.32
1564752600,19.5,22.31,17.69,17.69
1565011800,24.12,30.16,23.73,29.14
1565098200,24.32,25.46,21.24,21.84
1565184600,25.56,27.65,19.98,20.95
1565271000,19.66,19.76,16.46,16.77
1565357400,16.76,20.2,16.76,17.75
1565616600,21.47,23.13,19.87,22.45
1565703000,22.08,22.29,17.49,17.49
1565789400,17.62,25.27,17.62,24.42
1565875800,24.19,25.86,22.04,22.45
1565962200,22.5,22.5,18.14,18.36
1566221400,17.48,17.76,16.49,17.2
1566307800,17.64,18.94,16.77,18.43
1566394200,16.25,16.86,15.86,16.09
1566480600,15.81,18.41,15.63,16.71
1566567000,19.01,24.16,16.11,21.55
1566826200,22.28,23.51,19.47,19.82
1566912600,19.12,21.99,18.4,20.81
1566999000,22,22.67,18.9,19.16
1567085400,17.44,18.57,16.76,16.85
1567171800,16.81,18.86,16.21,18.6
1567517400,20.76,21.59,18.94,19.07
1567603800,16.87,17.65,15.46,15.6
1567690200,14.91,14.93,13.01,14.59
1567776600,14.16,14.29,12.34,12.39
1568035800,13.73,14.98,13.52,13.66
1568122200,14.59,15.65,13.34,13.76
1568208600,14.1,14.13,13.09,13.13
1568295000,13.24,13.79,11.2,13.1
1568381400,13.06,13.43,12.26,12.62
1568640600,15.04,15.18,14.14,14.6
1568727000,14.95,15.25,14.43,14.54
1568813400,15.15,17.31,13.71,14.13
1568899800,14.1,14.1,12.18,13.18
1568986200,12.2,15.67,11.78,14.68
1569245400,12.43,15.43,8.88,9.83
1569331800,13.49,18.69,13.12,17.73
1569418200,17.77,19.66,14.93,15.3
1569504600,15.51,17.4,14.57,15.2
1569591000,15.14,19.41,13.44,16.77
1569850200,16.97,17.03,15.2,15.28
1569936600,15.26,19.29,14.65,18.94
1570023000,20.31,23.43,20.24,21.71
1570109400,21.01,23.04,19.23,19.48
1570195800,18.7,18.7,16.02,16.27
1570455000,18.43,18.65,16.32,17.7
1570541400,19.89,20.74,18.32,20.29
1570627800,19.39,19.93,16.86,18.26
1570714200,19.9,19.94,17.6,17.78
1570800600,16.93,17.75,14.59,15.28
1571059800,16.09,16.09,13.88,14.01
1571146200,13.44,13.44,12.25,12.3
1571232600,13.05,13.44,11.8,11.92
1571319000,12.12,12.73,11.62,11.9
1571405400,12.89,13.86,12.26,12.35
1571664600,13.46,13.72,12.61,12.61
1571751000,12.53,13.52,12.05,13.3
1571837400,13.46,13.66,12.27,12.27
1571923800,12.17,12.92,11.4,11.89
1572010200,12.07,12.07,10.33,10.33
1572269400,11.54,11.76,11.29,11.7
1572355800,12.19,12.3,11.6,11.75
1572442200,12.21,13.03,10.6,10.67
1572528600,11.67,12.97,11.41,11.58
1572615000,10.81,11.56,9.79,9.84
1572877800,11.17,11.71,10.76,11.08
1572964200,11.58,11.58,10.64,10.99
1573050600,11.14,11.86,9.47,9.47
1573137000,10.04,10.3,9.68,10.16
1573223400,10.15,10.76,9.3,9.32
1573482600,9.3,11.8,9.3,10.69
1573569000,10.87,11.34,10.44,10.8
1573655400,11.93,11.97,10.92,10.97
1573741800,11.46,12.03,10.91,11.23
1573828200,10.86,11.07,9.57,9.67
1574087400,9.67,11.62,9.67,10.18
1574173800,10.12,10.7,9.69,10.25
1574260200,10.66,12.91,9.84,10.2
1574346600,10.75,11.76,10.32,10.56
1574433000,10.53,10.88,9.22,9.22
1574692200,10.36,10.38,9.64,9.76
1574778600,9.92,10.04,9.45,9.5
1574865000,9.69,9.93,9.06,9.9
1575037800,11.36,11.68,10.97,11.36
1575297000,13.29,16.2,13.29,15.3
1575383400,19.35,20.59,16.47,16.86
1575469800,15.88,16.01,14.03,14.92
1575556200,14.54,15.63,13.69,13.94
1575642600,12.47,12.85,12.2,12.81
1575901800,14.7,17.41,14.27,17.06
1575988200,16.58,17.89,15.97,16.24
1576074600,16.73,17.03,14.36,15.27
1576161000,16.25,16.7,13.81,14.67
1576247400,14.94,15.35,11.84,12.41
1576506600,11.01,12.08,10.58,11.63
1576593000,11.35,11.6,10.87,11.16
1576679400,10.71,10.88,9.9,10.3
1576765800,10.26,10.29,9.33,9.39
1576852200,8.82,9.36,8.55,9.27
1577111400,10.37,10.48,9.59,9.83
1577197800,9.84,10.08,9.49,9.56
1577370600,10.11,10.16,9.71,9.94
1577457000,10.32,11.58,10.3,11
1577716200,10.99,14.46,10.99,13.77
1577802600,14.47,14.69,13.16,13.26
1577975400,12.44,12.75,10.43,10.6
1578061800,14.88,14.88,11.91,12.78
1578321000,15.89,15.89,12.11,12.42
1578407400,13.2,13.56,11.73,12.34
1578493800,13.43,13.45,10.81,12.22
1578580200,11.65,11.77,10.83,10.86
1578666600,10.51,11.08,9.8,10.57
1578925800,11.39,11.67,10.05,10.05
1579012200,10.29,11.11,9.49,10.18
1579098600,10.35,10.43,9.68,9.69
1579185000,9.49,9.83,9.24,9.71
1579271400,9.73,9.84,8.98,9.04
1579617000,11.82,12.17,11.01,11.38
1579703400,11.25,11.28,10.41,11.03
1579789800,11,13.01,11,11.4
1579876200,11.39,17.8,11.27,14.65
1580135400,14.58,22.15,14.58,21.3
1580221800,19.12,19.88,17.35,18.34
1580308200,16.88,19.2,16.24,18.12
1580394600,20.19,21.23,16.11,16.41
1580481000,18.23,23.33,18.07,21.66
1580740200,20.09,20.31,18.29,19.23
1580826600,16.29,16.61,15.68,15.81
1580913000,14.74,15.75,13.52,13.69
1580999400,13.95,14.57,12.8,12.98
1581085800,14.38,15.21,12.9,13.73
1581345000,15.54,15.54,12.85,12.89
1581431400,12.3,13.23,11.94,13.04
1581517800,11.97,11.97,10.76,10.84
1581604200,12.9,13.06,11.55,11.83
1581690600,11.85,12.31,10.95,10.98
1582036200,13.94,14.7,12.91,13.02
1582122600,12.27,12.48,11.81,11.88
1582209000,12.91,16.81,12.31,13.86
1582295400,15.93,18.16,15.48,15.77
1582554600,27.46,33.45,24.77,31.9
1582641000,26.81,39.45,26.81,36.35
1582727400,33.12,36.85,29.9,34.84
1582813800,40.94,54.9,37.5,54.74
1582900200,60.19,70.48,52.12,52.9
1583159400,49.32,53.55,36.41,42.17
1583245800,42.37,53.72,31.43,47.34
1583332200,38.69,42.81,34.57,37.06
1583418600,45,55.09,40.85,48.63
1583505000,59.81,68.91,46.1,48.55
1583760600,48.62,76.77,48.62,70.3
1583847000,60.23,69.68,55.31,57.39
1583933400,64.49,70.94,60.23,68.21
1584019800,68,103.58,68,103.56
1584106200,80.57,102.31,65.05,69.87
1584365400,69.87,109.46,69.87,106.66
1584451800,103.09,110.92,85.08,92.93
1584538200,92.46,111.68,86.8,97.22
1584624600,98.77,107.42,87.38,91.02
1584711000,85.52,87.38,72.09,83.47
1584970200,90.13,92.38,77.83,78.76
1585056600,68.82,78.89,68.11,78.04
1585143000,81.99,84.66,76.58,81.3
1585229400,74.4,76.68,67.61,73.61
1585315800,82.63,82.63,69.07,72.33
1585575000,72.14,73.94,62.16,62.8
1585661400,61.02,65.73,56.24,60.16
1585747800,68.87,68.87,57.08,61.33
1585834200,58.78,61.1,52.29,52.81
1585920600,51.16,52.05,46.37,46.66
1586179800,45.56,47.86,44.26,47.02
1586266200,45.6,50.16,44.85,48.34
1586352600,44.87,47.12,41.88,42.46
1586439000,42.96,43.81,40.09,40.42
1586784600,46.43,48.82,41.65,41.74
1586871000,39.63,40.32,38.74,38.81
1586957400,44.25,44.98,41.13,41.64
1587043800,41.62,44.19,40.04,40.49
1587130200,40.22,40.96,20.07,36.18
1587389400,43.25,44.04,39.95,44
1587475800,46.37,48.38,44.68,45.46
1587562200,42.8,43.21,32.18,40.21
1587648600,38.65,40.47,36.14,39.35
1587735000,37.27,38.18,31.15,31.72
1587994200,33.89,33.91,30.94,31.41
1588080600,29.77,35.59,29.77,32.44
1588167000,30.39,31.32,29.57,29.66
1588253400,32.45,35.23,31.54,32.88
1588339800,37.64,39.36,34.89,35.57
1588599000,40.13,40.73,34.92,35.45
1588685400,33.5,33.51,30.53,33.19
1588771800,30.98,34.06,30.59,33.98
1588858200,30.08,30.94,28.77,29.75
1588944600,27.36,27.96,24.71,24.89
1589203800,30.04,30.12,25.72,26.17
1589290200,24.55,33.36,24.42,33.36
1589376600,32.32,39.33,31.15,34.63
1589463000,37.74,39.52,31.05,31.66
1589549400,33.41,34.48,28.7,29.71
1589808600,27.52,27.72,26.61,27.62
1589895000,27.81,28.4,25.6,28.03
1589981400,25.14,26.27,24.75,24.93
1590067800,24.84,28.24,24.22,26.15
1590154200,26.08,26.91,23.18,23.47
1590499800,25.16,26.35,24.83,25.5
1590586200,24.93,29.13,24.59,25.17
1590672600,26.19,28.03,24.74,26.02
1590759000,28.71,28.88,24.39,24.59
1591018200,30.41,30.42,27.02,27.08
1591104600,27.27,27.57,24.81,25.06
1591191000,25.1,25.38,23.22,23.97
1591277400,24.27,24.48,21.83,23.56
1591363800,21.97,23.4,21.54,22.63
1591623000,24.95,25.44,24.27,25.18
1591709400,25.87,27.09,25.33,26.92
1591795800,26.93,29.37,19.54,27.1
1591882200,32.39,47.21,29.39,42.06
1591968600,37.47,47.47,34.48,36.52
1592227800,44.5,45.38,35.93,35.98
1592314200,34.75,40.43,33.07,35.38
1592400600,35.47,37.15,32.63,33.98
1592487000,36.04,36.04,31.11,32.05
1592573400,29.68,34.78,28.93,33.92
1592832600,34.84,35.68,31.1,31.23
1592919000,30.03,30.87,28.88,30.29
1593005400,31.77,38.27,30.79,33.25
1593091800,33.29,36.76,30.36,30.92
1593178200,30.94,36.31,30.93,33.31
1593437400,34.86,36.93,30.42,30.42
1593523800,31.16,31.28,27.16,29.14
1593610200,28.07,28.39,24.92,25.2
1593696600,23.38,25.22,22,22.64
1594042200,25.8,26.45,24.88,25.23
1594128600,25.92,27.2,24.54,26.84
1594215000,25.89,27.59,23.59,23.67
1594301400,23.35,29.49,23.34,25.55
1594387800,26.11,27.56,22.39,22.59
1594647000,24.85,31,24.79,30.31
1594733400,31.44,33.4,27.49,27.78
1594819800,26.67,29.48,25.22,25.22
1594906200,26.64,27.36,24.55,25.85
1594992600,24.11,25.12,21.9,22.16
1595251800,24.66,24.98,22.49,22.52
1595338200,22.46,24.13,22.16,23.33
1595424600,23.93,24.33,21.53,21.65
1595511000,22.28,26.07,21.66,24.1
1595597400,26.93,28.04,22.26,22.7
1595856600,25.25,25.45,22.3,22.38
1595943000,23.15,24.1,22,23.54
1596029400,23,23.03,21.67,21.93
1596115800,25.26,27.78,22.65,22.79
1596202200,22.83,25.21,19.73,20.61
1596461400,22.48,22.65,20.88,20.95
1596547800,21.28,21.77,20.39,20.44
1596634200,20.03,20.08,18.65,19.02
1596720600,19.96,20.36,18.92,19.4
1596807000,20.79,20.79,17.96,18.08
1597066200,20.09,21.62,18.78,18.88
1597152600,18.45,23.58,18.26,21.89
1597239000,19.22,19.71,18.26,18.9
1597325400,19.4,19.89,17.91,18.54
1597411800,19.49,19.73,17.46,17.87
1597671000,19.54,19.56,17.56,17.6
1597757400,17.88,19.49,17.57,17.82
1597843800,17.97,19.64,17.28,19.23
1597930200,21.91,21.91,18.35,18.85
1598016600,19.72,20.21,17.58,18.01
1598275800,19.68,20.35,18.63,18.81
1598362200,19.49,20.25,18.01,18.09
1598448600,18.16,19.97,17.66,19.96
1598535000,19.28,24.6,19.15,20.19
1598621400,20.86,22.36,16.65,17.13
1598880600,20.64,21.66,19.6,21.1
1598967000,20.97,21.57,19.24,19.65
1599053400,19.94,21.1,19.18,20.71
1599139800,21.52,34.79,20.88,30.45
1599226200,30.21,40.2,28.14,29.41
1599571800,38.28,38.28,31.91,32.91
1599658200,30.43,30.82,27.41,29.09
1599744600,27.49,31.56,26.81,30.43
1599831000,28.53,30.88,25.4,26.33
1600090200,26.62,26.88,24.5,25.06
1600176600,24.36,24.82,23.6,24.22
1600263000,24.36,24.95,22.5,23.77
1600349400,28.37,28.37,24.79,24.95
1600435800,24.57,28.05,23.92,24.02
1600695000,31.09,32.9,27.56,28.11
1600781400,27.77,28.57,25.43,25.95
1600867800,25.44,29.8,25.12,27.97
1600954200,28.06,30.88,27.14,27.65
1601040600,27.6,29.14,24.19,24.57
1601299800,26.37,26.61,25.11,25.21
1601386200,26.26,27.53,25.45,25.99
1601472600,25.64,26.41,24.48,25.77
1601559000,25.14,26.42,24.66,24.8
1601645400,27.44,27.44,23.58,24.64
1601904600,25.36,25.39,23.44,23.51
1601991000,23.07,26.03,21.78,25.08
1602077400,23.36,23.55,21.74,21.74
1602163800,21.62,21.96,19.88,19.94
1602250200,19.55,19.57,18.2,18.85
1602509400,20.04,21.17,19.48,20.3
1602595800,20.33,22.61,20.33,21.39
1602682200,21.52,22.69,20.7,21.3
1602768600,24.41,24.41,20.88,21.38
1602855000,21.51,21.64,20.24,21.64
1603114200,23.41,25.92,23.22,24.65
1603200600,24.51,25.23,23.76,24.57
1603287000,24.9,25.03,23.1,23.2
1603373400,24.95,25.58,23.84,24.06
1603459800,24.85,25.84,23.84,24.29
1603719000,30.91,37.46,30.47,35.91
1603805400,36.59,38.08,36.1,37.29
1603891800,44.13,50.16,41,47.9
1603978200,47.74,49.77,42.25,44.34
1604064600,44.09,48.54,42.86,44.33
1604327400,45.46,46.51,43.37,43.86
1604413800,42.42,43.49,40.67,43.2
1604500200,43.2,43.2,30.29,32.46
1604586600,32.5,32.5,27.16,28.09
1604673000,27.7,28.61,23.4,23.96
1604932200,23.96,26.78,22.75,26.71
1605018600,26.75,28.08,24.01,24.43
1605105000,24.43,24.43,21.49,21.59
1605191400,22.26,26.94,21.6,23.88
1605277800,22,22.19,20.38,21.01
1605537000,21.01,22.08,19.24,19.33
1605623400,19.31,21.28,18.47,18.81
1605709800,18.79,19.68,16.94,19.59
1605796200,19.65,20.85,18.63,19.26
1605882600,19.32,20.1,18.37,19.86
1606141800,19.9,22.31,19.56,19.58
1606228200,19.58,19.69,18.31,18.4
1606314600,18.4,19.42,17.06,17.14
1606487400,17.15,19.24,17.15,18.25
1606746600,18.33,23.42,18.33,19.87
1606833000,19.83,20.3,19.32,19.87
1606919400,19.87,20.3,18.82,19.29
1607005800,19.32,20.32,18.42,19.35
1607092200,19.37,19.37,17.78,17.96
1607351400,17.97,20.57,15.54,18.74
1607437800,18.7,19.65,17.97,18.17
1607524200,18.03,22.13,17.7,19.99
1607610600,21.32,22.09,18.95,19.67
1607697000,19.67,23.74,19.67,20.45
1607956200,20.4,23.71,18.8,23.67
1608042600,23.67,23.67,19.82,20.19
1608129000,20.19,21.89,18.8,18.8
1608215400,18.83,18.83,17.94,18.62
1608301800,18.59,22.16,16.42,16.7
1608561000,16.73,28.91,16.73,21.56
1608647400,21.65,22.11,19.69,19.91
1608733800,19.91,19.91,17.63,19.2
1608820200,19.18,19.18,16.85,17.12
1609165800,17.16,20.42,17.16,20.05
1609252200,20.04,22.68,19.76,21.47
1609338600,21.5,21.82,20.56,21.31
1609425000,21.29,22.49,20.57,21.2
1609770600,22.75,30.99,22.71,27.39
1609857000,27.26,28.11,23.87,24.29
1609943400,24.26,26.69,19.05,23.77
1610029800,23.73,23.73,18.32,19.42
1610116200,19.21,21.26,17.77,18.34
1610375400,18.37,23.59,18.37,21.69
1610461800,21.7,23.81,20.14,20.65
1610548200,20.63,21.16,18.63,18.91
1610634600,18.78,21.37,18.67,21.17
1610721000,21.04,25.49,20.39,21.69
1611066600,21.84,22.72,20.85,21.88
1611153000,20.44,20.59,18.69,18.85
1611239400,18.84,19.99,17.8,18.23
1611325800,18.23,20.42,17.48,18.42
1611585000,20.69,27.19,19.89,20.66
1611671400,20.68,21.52,20.13,20.46
1611757800,20.46,41.76,20.46,41.64
1611844200,42.05,42.05,25.57,30
1611930600,29.93,40.96,28.39,32.63
1612189800,30.38,34.37,27,28.99
1612276200,28.94,28.94,22.42,22.44
1612362600,22.31,22.52,18.97,18.97
1612449000,19.03,19.03,17.24,17.48
1612535400,17.46,17.74,15.47,15.52
1612794600,15.48,17.72,15.48,16.57
1612881000,16.57,17.84,16.26,17.09
1612967400,17.09,21.1,16.61,17.68
1613053800,17.68,19.98,16.81,17.09
1613140200,17.18,17.42,14.97,15.05
1613485800,15.03,20.63,15.03,19.32
1613572200,19.33,22.01,18.15,18.41
1613658600,18.42,22.38,18.42,19.46
1613745000,19.41,20,17.37,18.33
1614004200,18.3,23,18.3,21.22
1614090600,21.21,27.13,20.29,21.3
1614177000,23.23,24.32,18.32,18.35
1614263400,18.35,34.59,18.35,31.81
1614349800,31.6,34.67,25,29.42
1614609000,29.36,29.36,22.39,22.7
1614695400,22.63,24.02,21.28,23.17
1614781800,23.17,27.28,23.12,26.88
1614868200,26.88,35.02,24.46,29.3
1614954600,29.3,31.53,22.97,23.83
1615213800,23.76,27.73,23.76,25.7
1615300200,25.7,25.7,22.13,24.11
1615386600,24.12,24.12,20.88,20.98
1615473000,20.98,20.98,19.76,20.01
1615559400,20.93,21.02,17.35,17.41
1615815000,17.41,19.68,17.26,17.74
1615901400,17.7,18.44,17.16,17.93
1615987800,17.93,20.06,16.58,16.69
1616074200,16.69,22.3,16.69,20.33
1616160600,20.31,22.75,17.22,18.28
1616419800,18.97,19.08,16.33,16.4
1616506200,16.4,20.33,16.28,18.37
1616592600,18.41,19.46,16.74,19.07
1616679000,20.64,23.12,17.16,17.16
1616765400,17.19,20.33,15.98,16.32
1617024600,16.26,20.88,16.26,18.85
1617111000,18.85,20.48,17.04,17.28
1617197400,17.27,17.27,15.09,15.62
1617283800,15.57,15.57,12.8,12.97
1617629400,12.95,16.69,12.95,15.65
1617715800,15.69,16.24,15.59,15.71
1617802200,15.71,15.71,14.09,14.13
1617888600,14.13,14.68,13.9,13.94
1617975000,13.96,14.49,13.17,13.19
1618234200,13.19,15.83,13.19,14.24
1618320600,14.24,14.86,13.72,13.78
1618407000,13.78,15.63,13.72,14.1
1618493400,14.11,14.64,13.9,14.22
1618579800,14.2,14.84,12.45,12.97
1618839000,12.94,17.54,12.94,15.42
1618925400,15.42,19.02,15.42,17.33
1619011800,17.32,18.04,14.21,14.79
1619098200,14.79,19.46,14.03,16.77
1619184600,16.78,16.78,13.35,14.07
1619443800,14.09,15.7,14.09,14.81
1619530200,14.81,15.66,13.99,14.55
1619616600,14.56,14.68,13.38,13.62
1619703000,13.59,16.04,13.53,13.96
1619789400,13.95,16.75,13.95,15.53
1620048600,15.53,16.89,15.09,16.17
1620135000,16.17,22,16.17,17.75
1620221400,17.75,18.26,15.57,17.57
1620307800,17.49,19.95,15.81,16.04
1620394200,16.07,16.82,13.58,14.09
1620653400,14.09,19.8,14.09,19.68
1620739800,19.68,26.59,19.68,22.03
1620826200,22.03,30.16,22.03,29.55
1620912600,29.79,29.79,21.94,23.21
1620999000,23.17,23.17,17.24,17.41
1621258200,20.49,22.15,18.65,18.83
1621344600,19.03,21.21,17.94,20.99
1621431000,20.92,26.87,20.73,21.21
1621517400,19.61,19.97,18.04,18.56
1621603800,18.53,19.37,16.65,17.12
1621863000,17.5,17.5,14.59,14.67
1621949400,14.86,16.18,14.62,15.79
1622035800,15.8,16.24,13.83,13.84
1622122200,13.76,14.06,12.99,13.03
1622208600,13.08,13.12,11.65,12.73
1622554200,14.55,16.43,14.46,15
1622640600,14.89,15.12,13.33,13.7
1622727000,13.69,16.57,13.69,15.18
1622813400,14.05,14.05,12.47,12.7
1623072600,14.84,14.96,13.81,13.91
1623159000,14.21,16.25,14.21,15.43
1623245400,15.27,17.13,15.27,17.09
1623331800,15.25,15.82,13.81,13.83
1623418200,13.53,13.8,12.99,13.06
1623677400,14.5,15.89,14.5,14.92
1623763800,15.36,16.51,15.3,15.92
1623850200,15.81,19.82,15.48,17.94
1623936600,17.05,19.21,15.23,16.67
1624023000,20.96,20.97,18.16,20.14
1624282200,20.14,21.04,16.83,16.83
1624368600,16.43,16.69,14.52,14.58
1624455000,14.33,14.58,13.51,13.63
1624541400,12.78,12.84,12.42,12.77
1624627800,12.68,12.7,11.46,11.86
1624887000,11.86,13.12,11.86,11.92
1624973400,11.57,12.47,11.56,11.86
1625059800,12.77,12.92,10.75,11.11
1625146200,11.44,11.9,11.11,11.43
1625232600,10.69,11.01,10.12,10.4
1625578200,12.75,16.38,11.34,13.76
1625664600,13.62,15.62,12.32,13.07
1625751000,18.65,19.68,15.97,17.24
1625837400,15.21,15.21,12.61,13.02
1626096600,13.02,14.62,13.02,13.52
1626183000,14.17,15.17,13.23,14.98
1626269400,13.47,15.29,13.16,13.45
1626355800,15.02,16.13,13.85,14.55
1626442200,13.3,16.97,13.15,16.3
1626701400,16.27,27.76,16.27,22.15
1626787800,22.15,22.82,17.41,17.86
1626874200,16.75,17.04,14.5,14.65
1626960600,14.79,15.6,13.94,14.07
1627047000,13.01,13.99,12.27,12.87
1627306200,12.83,16.04,12.83,14.01
1627392600,15.39,18.96,14.72,17.16
1627479000,15.91,17.08,13.81,14.82
1627565400,13.86,13.92,13.06,13.65
1627651800,15.37,15.64,13.81,14.36
1627911000,15.43,17.06,14.73,16.21
1627997400,15.66,17.92,13.26,13.68
1628083800,14.91,15.02,13.29,13.62
1628170200,13.77,13.85,13.1,13.25
1628256600,12.66,13.08,10.91,10.96
1628515800,13.18,13.82,12.51,12.75
1628602200,12.75,13.62,12.54,13.23
1628688600,12.52,12.65,10.96,11.58
1628775000,12.4,12.91,11.53,11.54
1628861400,11.65,11.78,10.91,11.21
1629120600,14.6,15.72,12.79,13.07
1629207000,15.43,19.58,14.6,16.29
1629293400,17.03,23.18,15.05,23.12
1629379800,23.33,24.03,19.82,21.24
1629466200,21.1,21.1,14.7,15.1
1629725400,15.49,15.49,13.91,14.02
1629811800,14.15,14.53,13.58,13.94
1629898200,14.02,14.03,12.58,12.99
1629984600,14.21,17.87,13.88,17.11
1630071000,17.11,17.58,12.07,12.32
1630330200,12.39,12.97,11.79,12
1630416600,12.55,13.35,12.01,12.75
1630503000,12.46,12.76,11.46,11.75
1630589400,11.81,13.69,11.64,12.73
1630675800,13.29,13.65,11.15,11.66
1631021400,11.66,15.89,11.66,15.33
1631107800,16.34,17.72,14.24,14.75
1631194200,15.39,17.7,13.74,16.55
1631280600,13.72,22.68,13.57,22.58
1631539800,22.53,23.1,17.98,20.2
1631626200,18.13,21.41,17.96,19.43
1631712600,19,20.2,15.93,16.2
1631799000,17.45,19.23,15.47,16.64
1631885400,16.93,20.99,16.58,19.66
1632144600,19.67,32.96,19.67,27.7
1632231000,24.87,26.9,22.77,25.13
1632317400,23.04,23.59,19.28,19.46
1632403800,17.93,18.03,16.56,17.08
1632490200,18.95,18.95,15.19,15.24
1632749400,15.35,18.1,15.35,16.96
1632835800,19.72,27.52,19.69,24.56
1632922200,23.6,24.82,21.26,21.79
1633008600,21.77,25.47,20.29,23.03
1633095000,23.03,23.55,18.97,19.42
1633354200,19.41,25.9,19.41,23.04
1633440600,22.3,22.62,19.53,20.32
1633527000,22.28,24.35,19.24,19.54
1633613400,18.69,18.73,17.27,18.13
1633699800,18.11,18.11,16.18,16.74
1633959000,16.73,19.96,16.24,19.75
1634045400,19.15,20.32,18.09,19.41
1634131800,18.43,20,17.16,17.45
1634218200,15.77,16.07,14.8,14.8
1634304600,14.83,14.83,13.18,13.24
1634563800,13.43,16.4,13.43,13.91
1634650200,13.88,14.11,12.99,13.34
1634736600,12.88,13.62,12.65,12.69
1634823000,13.39,13.48,11.76,11.81
1634909400,12.49,13.97,11.6,11.98
1635168600,11.99,14.42,11.99,13.09
1635255000,13.11,15.48,12.77,14.33
1635341400,14.48,15.6,13.6,15.16
1635427800,15.13,15.24,13.99,14.31
1635514200,16.05,16.05,13.35,13.67
1635773400,13.67,16.79,13.67,15.02
1635859800,15.12,15.14,14.48,14.74
1635946200,14.74,15.43,12.94,13.1
1636032600,12.84,14.2,12.42,13.04
1636119000,13.04,14.75,12.26,13.15
1636381800,14.49,16.1,14.24,14.43
1636468200,14.85,16.48,14.77,15.19
1636554600,15.74,18.32,14.18,15.95
1636641000,15.15,15.32,14,14.3
1636727400,13.58,13.9,11.97,11.99
1636986600,13.26,14.01,12.2,12.2
1637073000,13.03,13.03,11.54,11.94
1637159400,11.99,12.78,11.3,11.51
1637245800,12.17,13.11,11.69,12.43
1637332200,14.01,14.17,12.2,12.45
1637591400,13.78,16.67,13.22,16.06
1637677800,16.88,19.48,15.9,16.35
1637764200,17.99,19.09,14.69,14.82
1637937000,27.53,32.39,25.52,30.6
1638196200,24.1,26.28,20.37,21.43
1638282600,24.97,30.73,22.29,28.38
1638369000,23.6,35.57,20.86,33.93
1638455400,32.04,33.28,27.23,28.04
1638541800,25.37,39.21,24.86,31.7
1638801000,29.53,32.29,26.48,27.29
1638887400,22.54,22.54,20.42,20.83
1638973800,20.97,21.58,15.8,17.5
1639060200,18.88,21.12,17.94,20.49
1639146600,17.71,19.27,15.7,15.7
1639405800,17.9,20.35,17.73,18.54
1639492200,21.32,23.08,20.07,21.02
1639578600,21.14,24.07,16.19,16.78
1639665000,16.37,21.59,15.93,18.76
1639751400,21.14,23.07,18.59,19.35
1640010600,25.68,25.92,22.09,22.21
1640097000,21.02,21.98,18.74,18.83
1640183400,17.95,18.16,14.52,14.76
1640269800,15.22,15.22,13.12,13.71
1640615400,16.14,16.43,14.2,14.48
1640701800,15.01,15.88,14.39,14.4
1640788200,14.36,14.6,12.56,12.85
1640874600,13.69,14.41,12.98,13.86
1640961000,14.24,14.62,13.15,13.26
1641220200,15.93,16.64,13.46,13.52
1641306600,13.9,15.26,13.47,13.88
1641393000,14.27,18.73,13.37,18.07
1641479400,19.16,20.58,16.17,17.06
1641565800,17.52,19.3,15.3,15.4
1641825000,19.93,23.69,17.61,17.91
1641911400,18.85,20.57,16.32,16.59
1641997800,15.58,16.79,14.59,14.68
1642084200,15.32,19.51,14.95,18.79
1642170600,20.65,20.91,16.85,17.31
1642516200,23.02,24.84,22.87,24.17
1642602600,23.6,24.72,22.36,23.96
1642689000,23.1,26.73,20.85,26.73
1642775400,28.34,32.86,27.07,30.86
1643034600,39.46,49.7,35.19,35.82
1643121000,40.21,44.66,35,37.18
1643207400,33.94,39.73,31.98,37.4
1643293800,32.72,37.68,32.39,33.03
1643380200,32.37,34.73,27.35,28.13
1643639400,30.31,30.81,24.89,25.33
1643725800,24.49,26,21.1,21.1
1643812200,21.33,22.74,19.19,21.6
1643898600,24.25,26.59,21.46,24.11
1643985000,25.53,26.32,20.55,21.86
1644244200,23.52,23.83,20.72,21.61
1644330600,21.76,22.72,19.92,20.07
1644417000,19.11,19.54,18.52,18.67
1644503400,21.13,24.92,19.02,23.71
1644589800,23.61,34.66,22.61,26.84
1644849000,30.28,33.98,27.62,27.62
1644935400,26.15,26.29,23.94,24.49
1645021800,25.09,26.39,20.83,21.32
1645108200,24.63,28.49,24.59,27.69
1645194600,27.25,29.39,25.44,26.03
1645540200,30.4,32.83,28.54,28.62
1645626600,27.86,30.95,27.49,30.71
1645713000,39.91,39.91,28.69,30.04
1645799400,29.07,29.73,25.3,26.15
1646058600,34.08,35.15,29.01,31.5
1646145000,32.44,37.98,32.4,34.8
1646231400,34.28,34.86,29.68,30.79
1646317800,29.04,32.85,29.04,30.02
1646404200,34.41,36.28,30.03,31.11
1646663400,34.33,38.63,34.28,38.57
1646749800,37.32,39.6,33.82,36.66
1646836200,34.05,35.26,32,33.44
1646922600,33.77,33.84,29.94,30.01
1647009000,29.27,31,28.42,30.63
1647264600,33.13,36.08,31.88,34.23
1647351000,33.97,34.52,30.59,30.71
1647437400,29.43,30.84,25.92,26.51
1647523800,26.85,26.94,24.43,24.94
1647610200,25.99,26.07,22.04,22.19
1647869400,24.4,25.46,22.68,22.73
1647955800,22.25,23.23,22.14,22.57
1648042200,23.94,24.11,22.18,23.21
1648128600,23.33,23.94,20.33,20.42
1648215000,20.94,22.32,18.45,18.45
1648474200,21.27,21.65,17.66,17.82
1648560600,17.23,18.86,17.2,17.54
1648647000,17.94,19.2,17.26,17.43
1648733400,18.32,19.72,17.51,18.4
1648819800,17.89,18.02,15.58,16
1649079000,18.01,18.11,15.36,15.76
1649165400,16.76,19.59,16.28,18.62
1649251800,20.73,23.65,19.28,19.64
1649338200,20.2,22.41,18.61,19.05
1649424600,19.32,19.86,17.14,17.3
1649683800,20.71,22.85,20.58,22.85
1649770200,21.41,23.97,19.89,22.49
1649856600,22.6,22.63,18.53,19.15
1649943000,18.67,19.39,18.04,19.34
1650288600,23.1,23.19,19.74,20.88
1650375000,21.72,21.88,19.37,20.7
1650461400,19.52,20.72,18.52,19.3
1650547800,18.96,23.28,18.58,22.21
1650634200,23.25,29.83,22.74,29.07
1650893400,32.92,36.47,28.7,28.95
1650979800,30.63,38.16,30.05,37.74
1651066200,35.43,37.18,33.19,34.82
1651152600,32.6,36.24,30.04,32.25
1651239000,31.62,37.72,30.46,36.11
1651498200,39.05,41.67,34.91,35.4
1651584600,35.14,35.48,31.27,31.61
1651671000,32.09,33.23,25.65,26.16
1651757400,27.51,36.35,27.19,33.25
1651843800,35.53,38.93,29.55,29.79
1652103000,35.16,37.89,34.49,36.65
1652189400,34,36.77,33.91,34.7
1652275800,35.32,35.57,32.19,33.92
1652362200,36.73,38.78,33.22,33.32
1652448600,31.59,31.9,29.07,29.38
1652707800,31.79,32.3,28.37,28.52
1652794200,27.92,28.63,26.29,26.92
1652880600,28.87,33.11,28.7,32.3
1652967000,33.64,35.48,30.2,30.69
1653053400,30.2,35.85,29.17,29.19
1653312600,30.85,32.2,28.74,28.98
1653399000,30.25,32.56,29.29,29.48
1653485400,30.58,30.7,27.17,27.37
1653571800,27.59,27.7,25.23,25.67
1653658200,24.75,24.79,22.59,23.13
1654003800,28.43,29.47,24.43,25.91
1654090200,25.39,28.1,24.81,25.12
1654176600,26.34,26.83,23.27,23.57
1654263000,25.49,26.14,23.05,23.05
1654522200,25.79,27.01,25.32,25.57
1654608600,27.12,27.36,24,24.23
1654695000,25.53,25.73,23.8,23.91
1654781400,25.47,27.76,24.25,27.54
1654867800,29.15,32.23,27.59,28.78
1655127000,37.51,41.52,36.41,38.86
1655213400,38.08,39.01,33.98,36.95
1655299800,36.99,36.99,30.32,32.53
1655386200,34.19,38.47,33.33,36.58
1655472600,35.21,36.3,29.96,30.4
1655818200,32.43,32.44,29.9,30.38
1655904600,31.26,31.42,28.24,28.3
1655991000,29.02,29.37,28.02,28.29
1656077400,28.18,28.18,25.1,26.04
1656336600,28.35,29.02,25.79,25.81
1656423000,26,27.87,25.19,27.18
1656509400,27.89,28.75,26.25,26.56
1656595800,28.24,29.1,26.53,26.86
1656682200,26.39,26.99,23.28,23.56
1657027800,30.38,30.71,27.25,27.34
1657114200,28.09,28.3,25.72,25.95
1657200600,25.71,25.86,23.98,24.79
1657287000,25.01,25.05,21.78,21.91
1657546200,25.95,26.53,24.43,24.46
1657632600,25.66,27.67,24.9,27.13
1657719000,28.87,29.17,25.54,25.94
1657805400,27.59,28.32,25.02,25.22
1657891800,24.25,24.77,22.02,22.14
1658151000,25.69,26.55,24.63,25.6
1658237400,25.31,26.6,24.99,26.2
1658323800,26.94,26.98,24.65,25.18
1658410200,25.62,26.29,23.09,23.44
1658496600,23.03,23.81,22,22.09
1658755800,24.62,25.12,22.79,23.09
1658842200,24.32,25.71,24.19,24.95
1658928600,24.46,24.74,21.86,22.14
1659015000,21.34,22.56,20.53,20.81
1659101400,20.24,20.38,18.57,18.57
1659360600,22.3,22.72,21.65,21.94
1659447000,23.84,24.75,22.07,23.25
1659533400,22.21,22.37,20.17,20.56
1659619800,21.41,21.73,19.69,19.69
1659706200,21.06,21.06,18.57,19.32
1659965400,21.06,21.85,19.8,19.93
1660051800,21.16,21.54,20.5,20.81
1660138200,18.89,19.4,17.49,17.59
1660224600,18.15,19,17.94,18.03
1660311000,17.89,19.27,16.58,16.78
1660570200,19.99,19.99,18.48,18.54
1660656600,18.89,19.38,18.08,18.6
1660743000,19.55,19.71,18.38,18.64
1660829400,19.07,19.39,17.58,17.67
1660915800,18.66,19.51,18.05,18.24
1661175000,22.62,24.29,22.36,22.85
1661261400,23.1,23.49,22.27,23.35
1661347800,23.11,23.37,21.11,21.2
1661434200,21.6,21.87,20.15,20.34
1661520600,20.54,24.63,19.93,23.9
1661779800,26.88,26.88,24.14,24.76
1661866200,24.38,27.16,24.36,24.41
1661952600,24.43,24.78,23.09,23.69
1662039000,24.95,25.87,23.17,23.76
1662125400,21.63,24.38,20.31,22.97
1662471000,26.51,29.41,26.31,26.99
1662557400,27.01,27.11,23.97,24.05
1662643800,26.32,27.88,22.72,22.84
1662730200,22.46,23.13,21.56,21.71
1662989400,24.2,25.6,24.17,25.26
1663075800,24.98,31.26,24.58,29.14
1663162200,28.64,29.31,27.21,27.28
1663248600,27.92,28.32,26.37,27.11
1663335000,29.29,30.54,26.86,27.06
1663594200,30.76,30.76,27.49,27.78
1663680600,29.57,31.54,29.02,30.39
1663767000,30.39,32.22,27.23,30.34
1663853400,29.59,30.28,26.93,27.67
1663939800,29.71,33.83,29.04,30.25
1664199000,34.54,35.13,31.8,34.14
1664285400,33.08,36.48,31.86,33.49
1664371800,34.71,35.84,31,31.16
1664458200,33.1,35.29,32.42,32.67
1664544600,32.4,33.01,28.91,31.19
1664803800,32.83,33.53,30.15,30.65
1664890200,29.67,30.33,29.12,29.82
1664976600,30.63,30.98,28.77,28.81
1665063000,29.63,31.84,29.41,31.3
1665149400,30.52,31.96,30.44,30.55
1665408600,33.34,34.55,31.87,32.22
1665495000,33.87,35.77,32.87,34.66
1665581400,35.56,36.17,34.22,34.61
1665667800,32.75,33.86,30.6,31.51
1665754200,31.21,32.83,29.49,29.67
1666013400,31.13,31.55,30.03,30.6
1666099800,30.42,31.52,28.95,28.99
1666186200,30.3,30.77,28.63,28.67
1666272600,29.32,29.48,27.87,27.87
1666359000,28.98,29.18,27.83,28.46
1666618200,32.69,33.28,31.47,31.66
1666704600,32.19,32.28,30.43,30.67
1666791000,31.17,31.23,29.25,29.32
1666877400,30.39,30.88,29.43,29.77
1666963800,29.61,29.74,27.8,27.81
1667223000,31.83,32.01,29.75,29.8
1667309400,30.56,31.58,30.13,30.51
1667395800,31.85,32.49,29.06,29.37
1667482200,30.62,30.75,28.12,28.4
1667568600,27.74,28.26,26.56,27.04
1667831400,29.6,30,27.13,27.16
1667917800,27.41,29.89,26.85,28.7
1668004200,28.82,29.39,27.69,28.9
1668090600,23.6,25.04,23.09,24.46
1668177000,23.7,23.82,20.99,21.31
1668436200,22.55,22.56,20.4,21.19
1668522600,20.76,25.72,20.47,21.8
1668609000,21.35,21.39,19.6,19.67
1668695400,21.02,21.14,19.57,19.74
1668781800,19.23,19.91,18.29,18.34
1669041000,21.32,21.33,19.29,19.51
1669127400,19.71,19.8,19.03,19.03
1669213800,19.73,19.85,16.91,16.91
1669386600,18.5,18.66,17.01,17.06
1669645800,20.45,20.7,19.6,20.07
1669732200,20.47,21.26,20.16,20.39
1669818600,21.23,22.4,18.52,18.87
1669905000,19.85,20.35,18.38,18.38
1669991400,19.78,19.78,17.8,17.95
1670250600,23.03,24.63,22.45,23.81
1670337000,24.2,27.74,24.09,27.08
1670423400,28.53,29.32,27.75,28.07
1670509800,27.86,28.51,26.28,26.74
1670596200,27.11,27.37,25.63,26.48
1670855400,27.69,29.66,27.68,29.54
1670941800,22.21,25.85,21.97,23.7
1671028200,23.63,24.29,19.99,20.2
1671114600,20.5,23.31,20.24,21.73
1671201000,22.36,22.4,19.77,20.51
1671460200,21.79,21.85,19.7,20.83
1671546600,21.47,21.68,19.62,19.78
1671633000,18.83,18.94,17.33,17.58
1671719400,18.31,24.52,18.18,19.84
1671805800,19.81,21.4,17.42,17.49
1672151400,21.52,22.21,19.72,19.77
1672237800,20.38,21.15,19.13,20.88
1672324200,21.28,21.52,20.29,20.49
1672410600,21.75,22.12,20.86,21.14
1672756200,25.82,26.08,24.84,25.08
1672842600,25.45,25.85,23.85,23.92
1672929000,24.89,25.55,24.3,24.54
1673015400,23.89,23.99,21.45,21.57
1673274600,23.09,23.15,22.21,23.04
1673361000,23.55,23.61,21.49,21.5
1673447400,22.15,23,21.83,22.41
1673533800,18.95,18.97,16.46,16.46
1673620200,16.86,16.93,14.69,14.82
1673965800,18.05,18.16,16.42,16.61
1674052200,16.32,17.75,15.55,17.24
1674138600,19.2,20,17.98,18.28
1674225000,19.02,19.31,17.49,18.26
1674484200,21.67,22.04,21.07,21.25
1674570600,22.34,22.93,21.22,21.84
1674657000,23.35,24.33,21.95,22.01
1674743400,21.95,22.26,21.05,21.05
1674829800,20.99,21,19.6,20.03
1675089000,22.13,23.03,21.95,22.42
1675175400,22.95,23.17,21.38,21.74
1675261800,22.38,22.66,18.55,18.56
1675348200,18.31,20.17,18.01,19.13
1675434600,18.2,19.21,17.76,17.76
1675693800,20.87,21.32,20.53,20.67
1675780200,21.72,21.84,19.38,19.62
1675866600,20.4,21.85,20.01,21
1675953000,20.6,23.3,20.3,22.74
1676039400,23.21,23.65,21.33,21.5
1676298600,23.03,23.04,21.41,21.41
1676385000,19.76,20.23,17.05,17.72
1676471400,18.03,18.04,15.97,16.02
1676557800,18.06,19.51,16.25,19.33
1676644200,19.41,19.93,16.56,16.94
1676989800,20.97,21.99,20.62,21.14
1677076200,21.57,21.57,19.16,19.2
1677162600,18.72,19.67,17.78,18.11
1677249000,19.9,20.59,18.21,18.38
1677508200,20.28,20.29,19.31,19.37
1677594600,19.92,20.12,18.71,19.59
1677681000,20.04,20.62,19.44,19.59
1677767400,20.37,20.51,18.66,18.71
1677853800,19.13,19.13,17.37,17.76
1678113000,20.03,20.08,19.46,19.6
1678199400,20.44,21.47,19.72,20.96
1678285800,21.72,22.07,20.4,20.57
1678372200,21.14,26.81,20.66,25.46
1678458600,25.37,32.85,24.28,26.86
1678714200,36.06,36.93,29.24,30.93
1678800600,27.12,28.16,24.43,25.97
1678887000,30.12,34.3,28.65,29.31
1678973400,30.76,30.89,24.61,24.61
1679059800,25.39,28.88,24.72,27.01
1679319000,28.92,29.49,25.64,25.9
1679405400,24.19,24.55,22.83,22.84
1679491800,23.12,24.32,20.43,23.75
1679578200,20.89,27.48,19.98,23.11
1679664600,24.31,26.65,20.59,20.62
1679923800,20.81,21.53,19.25,19.31
1680010200,20.05,20.42,18.24,18.33
1680096600,17.69,18.06,17.12,17.17
1680183000,17.44,18.69,17.16,17.3
1680269400,17.31,17.33,16.44,16.51
1680528600,18.89,18.95,16.94,17.03
1680615000,17.52,18.79,17.24,17.42
1680701400,18.32,18.52,16.88,16.99
1680787800,17.99,18.24,15.66,15.68
1681133400,18.35,18.56,16.69,16.8
1681219800,17.02,17.12,15.94,16.86
1681306200,15.99,17.11,14.98,15.9
1681392600,15.35,15.54,14.6,14.65
1681479000,14.81,14.97,13.33,13.35
1681738200,15.45,15.5,14.22,14.51
1681824600,14.72,15.33,14.42,14.71
1681911000,15.2,15.33,14.11,14.3
1681997400,15.7,16.06,14.38,15.13
1682083800,15.8,16.25,14.61,14.88
1682343000,17.34,17.8,16.44,16.65
1682429400,17.99,21.02,17.65,19.08
1682515800,19.37,20.27,18.11,19.28
1682602200,18.32,18.4,16.81,17.22
1682688600,16.71,17.17,15.41,15.53
1682947800,17,17,15.93,16.07
1683034200,16.88,20.96,16.87,18.61
1683120600,19.11,20.36,17.4,18.49
1683207000,19.54,22.38,19.27,19.88
1683293400,17.34,17.34,14.87,15.34
1683552600,16.74,16.99,15.14,15.24
1683639000,16.39,16.49,15.55,16.4
1683725400,14.81,16.82,13.93,14.59
1683811800,15.97,16.75,14.17,14.49
1683898200,14.18,15.82,13.79,14.09
1684157400,15.76,16.22,14.48,14.64
1684243800,15.27,16.41,14.73,15.99
1684330200,15.07,15.84,14.3,14.67
1684416600,15.08,15.17,13.91,14.06
1684503000,14.36,15.95,14.1,14.25
1684762200,15.89,17.2,15.29,15.52
1684848600,16.91,18.47,16.24,17.37
1684935000,19.4,20.55,18.78,19.77
1685021400,19,19.65,18.2,18.46
1685107800,18.33,18.34,16.49,17.24
1685453400,16.95,17.82,16.51,16.51
1685539800,17.22,17.39,15.61,16.85
1685626200,16.22,16.5,13.94,13.98
1685712600,13.91,14.26,12.54,12.74
1685971800,15.01,15.12,14.11,14.14
1686058200,14.65,14.65,13.82,13.83
1686144600,14.07,14.52,13.44,13.86
1686231000,14.08,14.1,13.37,13.59
1686317400,13.46,13.76,13.03,13.29
1686576600,14.78,15.36,14.16,15.35
1686663000,14.57,14.72,14.22,14.4
1686749400,14.64,14.7,12.7,12.71
1686835800,13.02,13.96,12.74,13.58
1686922200,13.78,13.78,11.24,11.33
1687267800,14.04,14.1,12.88,12.92
1687354200,13.06,13.2,11.88,12.03
1687440600,12.71,12.71,10.93,11.15
1687527000,12.13,12.21,10.95,11.61
1687786200,13.22,13.22,12.37,12.68
1687872600,12.71,12.74,11.86,12.05
1687959000,12.09,12.17,11.52,11.74
1688045400,12.16,12.38,11.59,11.75
1688131800,11.71,11.71,10.67,11.53
1688391000,12.8,12.81,11.9,12
1688563800,13.42,13.43,12.51,12.57
1688650200,14.48,16.06,13.72,13.96
1688736600,13.92,13.92,11.99,12.6
1688995800,14.3,14.42,13.45,13.5
1689082200,13.36,13.92,13.29,13.7
1689168600,12.59,12.63,11.3,11.38
1689255000,11.83,12.17,11.47,12.13
1689341400,12.42,12.42,11.57,11.9
1689600600,13.92,13.92,13.02,13.09
1689687000,13.56,13.59,13.13,13.15
1689773400,13.33,13.75,13.22,13.36
1689859800,13.83,14.01,13.15,13.57
1689946200,13.42,13.42,12.44,12.5
1690205400,14,14.13,13.37,13.41
1690291800,13.83,14.07,13.49,13.49
1690378200,13.72,13.73,11.72,11.74
1690464600,11.62,14.37,11.3,13.47
1690551000,12.14,12.32,11.21,11.23
1690810200,13.04,13.28,12.5,12.62
1690896600,13.3,13.35,12.75,13.01
1690983000,14.86,15.83,14.73,15.4
1691069400,16.48,16.76,14.58,15.06
1691155800,14.13,16.88,12.74,16.09
1691415000,16,16.78,14.61,14.68
1691501400,16.03,17.66,14.81,14.81
1691587800,14.88,16.59,14.5,15.33
1691674200,14.43,17.2,13.68,15.38
1691760600,15.91,16.13,13.63,13.63
1692019800,16.25,16.37,14.5,14.57
1692106200,15.38,16.85,15.3,16.56
1692192600,16.48,16.77,15.65,16.36
1692279000,16.29,17.87,16.28,17.47
1692365400,18.26,18.46,16.43,16.54
1692624600,17.95,18.13,16.51,16.82
1692711000,16.63,17.35,16.18,16.39
1692797400,16.25,16.35,15.19,15.34
1692883800,14.88,16.14,14.79,16.1
1692970200,15.98,16.23,13.78,13.78
1693229400,14.79,14.79,13.52,13.53
1693315800,13.62,13.65,13.04,13.3
1693402200,13.33,13.57,12.28,12.42
1693488600,12.44,12.47,11.67,11.79
1693575000,11.66,11.71,10.44,10.45
1693920600,13.44,13.59,12.62,12.89
1694007000,13.24,14.76,12.9,13.1
1694093400,14.84,15.11,13.1,13.1
1694179800,13.35,13.35,12.15,12.38
1694439000,13.83,14.05,13.15,13.27
1694525400,13.91,14.26,13.28,14.05
1694611800,13.62,13.65,12.37,12.47
1694698200,12.61,12.71,11.74,11.8
1694784600,12.22,13.51,11.94,12.51
1695043800,14.72,14.89,13.53,13.62
1695130200,14.34,15.32,14.14,14.23
1695216600,14.41,15.29,13.56,15.27
1695303000,16.3,18.88,12.66,18.88
1695389400,17.74,17.93,15.68,17.51
1695648600,19.52,19.76,17.29,17.56
1695735000,18.79,20.58,18.3,19.85
1695821400,19.04,20.57,18.67,18.92
1695907800,20.1,20.13,17.39,17.63
1695994200,16.18,17.7,15.33,17.2
1696253400,19.07,19.13,16.4,17.61
1696339800,19.06,21.24,18.45,19.9
1696426200,19.89,20,17.9,18.3
1696512600,18.38,19.71,18.17,18.36
1696599000,19.18,19.57,16.11,16.29
1696858200,18.81,19.07,17.27,17.88
1696944600,17.59,17.6,16.34,17.11
1697031000,16.22,17.74,15.16,15.17
1697117400,15,18.21,14.45,15.87
1697203800,16.22,21.39,16.03,18.76
1697463000,18.71,18.71,17.08,17.19
1697549400,18.37,18.86,16.89,17.71
1697635800,18.5,20.33,18.26,18.9
1697722200,19.19,21.58,18.37,21.46
1697808600,21.11,22.03,19.83,20.76
1698067800,22.69,23.42,20.11,20.69
1698154200,20.16,20.75,18.8,19.31
1698240600,19.59,21.96,19.59,20.49
1698327000,21.72,22.65,20.61,20.8
1698413400,20.45,22.73,19.89,21.36
1698672600,21.64,22.17,20.39,20.65
1698759000,20.5,20.86,18.57,19.02
1698845400,18.81,18.92,16.79,16.87
1698931800,16.29,16.31,15,15.16
1699018200,14.87,15.42,13.71,13.71
1699281000,15.31,15.64,14.45,14.53
1699367400,14.68,14.92,14.29,14.43
1699453800,14.42,15.11,13.76,13.83
1699540200,13.73,15.06,13.67,14.7
1699626600,14.07,14.42,12.78,12.78
1699885800,14.37,14.37,13.59,13.8
1699972200,12.72,13.33,12.57,12.87
1700058600,12.76,12.87,11.79,11.89
1700145000,11.9,12.31,11.56,11.81
1700231400,11.86,11.86,10.67,10.67
1700490600,12.39,12.39,11.14,11.14
1700577000,11.63,11.68,11.24,11.47
1700663400,10.82,11.03,9.96,9.96
1700836200,11.2,11.2,9.8,9.83
1701095400,11.91,11.98,11.25,11.27
1701181800,11.7,13.67,11.34,11.52
1701268200,11.77,12.54,11.71,12.05
1701354600,12.75,12.96,12.16,12.3
1701441000,12.53,12.59,11.86,11.98
1701700200,14.25,14.55,13.39,13.46
1701786600,14.02,14.18,13.44,13.53
1701873000,13.68,13.92,13.51,13.67
1701959400,13.8,13.93,13.64,13.73
1702045800,13.06,13.26,12.21,12.21
1702305000,13.37,13.39,12.63,12.68
1702391400,12.37,12.45,11.26,11.64
1702477800,12.06,12.63,11.48,12.43
1702564200,11.89,12.72,11.55,12.29
1702650600,11.44,11.78,10.47,10.87
1702909800,11.83,12.06,11.43,11.44
1702996200,11.38,11.43,11.02,11.25
1703082600,11.2,13.79,10.85,13.67
1703169000,12.97,14.54,12.87,13.11
1703255400,12.99,13.16,11.49,11.56
1703601000,13.62,13.63,12.36,12.45
1703687400,12.56,12.56,11.22,11.23
1703773800,11.51,11.61,11.17,11.23
1703860200,11.57,12.21,10.67,10.67
1704205800,13.71,13.93,12.55,12.59
1704292200,13.26,13.6,12.71,13.24
1704378600,13.57,13.59,12.75,13.06
1704465000,12.52,12.54,11.71,11.71
1704724200,12.91,12.99,11.68,11.7
1704810600,12.03,12.2,11.33,11.35
1704897000,11.41,11.53,11,11.09
1704983400,10.88,12.37,10.55,10.75
1705069800,10.99,11.62,10.34,10.52
1705415400,13.1,13.62,12.46,12.64
1705501800,14.11,14.54,13.17,13.32
1705588200,13.3,13.81,12.66,12.66
1705674600,12.59,13.05,11.81,11.82
1705933800,13.72,13.89,13.15,13.18
1706020200,13.58,13.68,12.47,12.49
1706106600,12.81,13.59,12.55,13.58
1706193000,13.45,14.07,13.43,13.74
1706279400,13.88,13.92,12.95,13.07
1706538600,14.64,14.65,13.88,13.95
1706625000,14.07,14.21,13.62,13.72
1706711400,13.54,15.05,13.51,14.55
1706797800,14.32,14.76,13.22,13.28
1706884200,13.56,13.72,12.63,13.04
1707143400,14.1,14.63,13.25,13.35
1707229800,13.18,13.58,12.26,12.46
1707316200,12.38,13.17,11.95,11.96
1707402600,12.34,12.34,11.56,11.6
1707489000,11.96,11.96,11.25,11.61
1707748200,12.61,13.23,12.49,13.03
1707834600,14.05,18.2,13.59,15
1707921000,13.68,14.36,12.79,12.92
1708007400,13,13.41,12.42,12.47
1708093800,13.07,13.45,11.91,12.57
1708439400,14.65,15.72,14.54,14.85
1708525800,15.44,15.73,14.46,14.65
1708612200,13.18,13.79,12.86,13.17
1708698600,12.76,13.03,11.79,11.92
1708957800,13.47,13.6,13.02,13.13
1709044200,13.34,13.41,12.84,12.84
1709130600,13.36,13.52,12.82,13.52
1709217000,13.03,13.41,12.18,12.48
1709303400,12.55,12.94,11.78,11.82
1709562600,13.46,13.48,13.01,13.23
1709649000,13.9,15.82,13.81,14.88
1709735400,14.33,15.84,14.27,14.88
1709821800,14.83,15.12,14.47,14.55
1709908200,14.21,15.72,14.1,14.63
1710163800,16.89,17.5,16.2,16.46
1710250200,14.96,15.87,14,14.07
1710336600,14.21,14.46,13.9,14.1
1710423000,13.82,16.37,13.8,14.87
1710509400,15.3,15.99,14.12,14.16
1710768600,15.11,15.18,14.41,14.5
1710855000,14.73,14.85,13.59,13.64
1710941400,14.24,14.34,11.58,11.58
1711027800,11.08,11.71,11.08,11.17
1711114200,11.45,11.46,10.49,10.86
1711373400,12.14,12.14,11.35,11.47
1711459800,11.64,11.99,11.08,11.59
1711546200,11.04,11.54,10.33,10.53
1711632600,11.06,11.07,10.47,10.56
1711978200,13.1,13.48,12.61,12.62
1712064600,14.43,15.51,14.01,14.03
1712151000,14.78,14.78,13.24,13.27
1712237400,13,18.14,12.48,17.14
1712323800,16.75,17,15.02,15.46
1712583000,16.17,16.54,14.55,14.56
1712669400,14.66,17.43,14.57,14.7
1712755800,16.17,17.07,14.58,15.81
1712842200,15.9,17.18,14.17,14.18
1712928600,17.62,20.78,17.06,17.33
1713187800,16.85,21.24,16.3,20.76
1713274200,20.57,21.32,18.49,19.24
1713360600,18.9,19.59,17.54,18.1
1713447000,17.85,18.64,17.13,17.88
1713533400,19.49,19.56,18.11,18.13
1713792600,19.02,19.2,17.15,17.45
1713879000,17.32,17.39,16.25,16.25
1713965400,16.6,17.14,15.85,16.29
1714051800,17.55,18.54,15.64,15.81
1714138200,16.07,16.22,14.58,14.67
1714397400,15.76,16.12,15.06,15.11
1714483800,15.86,17.21,15.41,16.66
1714570200,17.21,17.67,14.74,15.91
1714656600,15.6,17.05,14.75,14.86
1714743000,13.29,13.66,11.92,12
1715002200,13.62,13.92,13.07,13.13
1715088600,13.34,13.55,12.74,12.76
1715175000,13.58,13.6,12.35,12.48
1715261400,12.88,13.1,11.92,11.92
1715347800,12.28,12.56,11.71,11.82
1715607000,13.55,14.02,13.5,13.71
1715693400,13.84,13.96,13.13,13.31
1715779800,12.45,12.51,11.35,11.42
1715866200,11.35,11.53,10.9,10.96
1715952600,10.87,10.9,9.5,9.67
1716211800,10.84,11.54,10.48,10.53
1716298200,11.07,11.12,10.03,10.08
1716384600,10.61,11.7,10.49,11.14
1716471000,9.81,11.92,9.81,10.79
1716557400,10.57,10.8,8.95,9.19
1716903000,11.53,12.55,11.25,11.51
1716989400,13.26,13.45,12.66,13.41
1717075800,13.73,14.32,13.03,13.67
1717162200,13.22,14.33,11.56,11.68
1717421400,13.83,15.64,13.57,13.91
1717507800,14.92,15.52,14.27,14.28
1717594200,14.35,14.78,13.91,13.99
1717680600,13.93,14.32,13.33,13.47
1717767000,13.84,13.85,12.32,12.33
1718026200,13.69,13.73,12.67,12.85
1718112600,13.34,13.67,12.78,12.87
1718199000,11.66,12.02,10.13,10.4
1718285400,10.64,11.5,10.02,10.28
1718371800,11.41,12.01,10.61,11
1718631000,12.88,13.02,11.66,11.94
1718717400,11.72,12.08,10.93,11.12
1718890200,11.87,13.15,11.87,12.36
1718976600,12.59,12.59,10.69,10.96
1719235800,12.65,12.65,11.56,11.83
1719322200,11.9,11.96,11,11.1
1719408600,11.76,11.84,10.22,10.51
1719495000,10.91,11.05,10.36,10.49
1719581400,10.89,10.96,10.16,10.54
1719840600,12,12.67,10.76,10.93
1719927000,11.55,11.57,10.43,10.6
1720013400,10.74,11.02,10.54,10.72
1720186200,11.24,11.32,10.48,10.81
1720445400,11.77,11.95,11.01,11.05
1720531800,11.31,11.42,11.01,11.11
1720618200,11.26,12.22,10.94,12
1720704600,11.39,12.59,11.28,11.42
1720791000,11.06,11.06,10.07,10.55
1721050200,12.08,12.41,11.79,12.18
1721136600,12.26,12.35,11.74,11.8
1721223000,12.83,14,12.7,13.16
1721309400,13.57,15.76,12.93,14.9
1721395800,15.71,16.43,14.79,15.04
1721655000,16.5,16.5,14.65,14.79
1721741400,15.16,15.26,13.55,14.61
1721827800,15.59,20.13,15.55,19.79
1721914200,19.78,21.28,17.93,19.82
1722000600,18.63,18.68,16.78,16.81
1722259800,18.27,18.49,17.02,17.39
1722346200,17.57,19.94,17.19,18.9
1722432600,17.34,17.48,15.99,16.51
1722519000,16.47,21.15,15.74,19.54
1722605400,22.78,33.58,22.25,23.31
1722864600,76.04,76.04,32.22,42.79
1722951000,34.9,34.97,25,28.93
1723037400,23.12,32.69,22.23,29.26
1723123800,27.58,28.88,23.08,23.9
1723210200,24.33,25.11,19.83,20.06
1723469400,21.6,22.79,20.01,21.92
1723555800,20.74,20.84,18.45,18.57
1723642200,17.87,18.24,15.58,15.79
1723728600,14.86,15.72,14.21,14.37
1723815000,14.78,14.78,12.92,12.97
1724074200,15.45,15.46,13.97,14.12
1724160600,14.79,16.01,14.58,15.85
1724247000,16.26,17.24,15.56,15.65
1724333400,15.38,17.55,15.34,16.55
1724419800,16.1,16.33,13.36,13.69
1724679000,15.32,16.13,14.68,14.87
1724765400,15.69,15.84,14.11,14.17
1724851800,14.78,17.7,14.61,16.64
1724938200,14.81,14.81,13.6,13.73
1725024600,13.7,13.96,12.61,12.9
1725370200,16.18,21.61,16.13,20.07
1725456600,22.49,22.49,19.01,20.43
1725543000,20.42,21.31,18.62,19.54
1725629400,18.5,24.04,18.07,22.26
1725888600,22.07,22.14,19.63,19.67
1725975000,19.5,21.72,19.23,19.69
1726061400,19.35,22.61,17.65,17.88
1726147800,18.12,18.86,16.43,16.75
1726234200,17.12,17.14,15.36,15.8
1726493400,17.57,18.1,16.97,17.19
1726579800,17.38,19.28,17.02,18.09
1726666200,19.42,20.32,16.84,17.95
1726752600,15.42,16.27,14.44,14.66
1726839000,14.36,14.49,13.01,13.2
1727098200,15.35,15.41,14.16,14.35
1727184600,14.82,15.79,13.92,14.12
1727271000,14.31,14.85,14.11,14.24
1727357400,14.4,15.13,14.19,14.56
1727443800,14.65,15.79,13.92,15.74
1727703000,17.19,17.82,16.33,16.65
1727789400,17.04,22.41,17.04,19.55
1727875800,20.51,21.25,18.65,18.76
1727962200,19.79,20.97,18.9,20.41
1728048600,18.26,18.94,15.84,16.48
1728307800,18.48,21.77,17.8,20
1728394200,19.09,19.32,17.92,18
1728480600,17.64,17.64,16.26,16.41
1728567000,16.33,16.53,15.22,15.49
1728653400,15.18,15.18,13.83,14.33
1728912600,15.4,15.41,14.63,14.64
1728999000,14.51,15.83,14.12,14.88
1729085400,15.3,15.44,14.13,14.25
1729171800,14.39,14.94,13.78,13.85
1729258200,14.22,14.35,12.38,12.38
1729517400,15.1,16,14.39,14.39
1729603800,15.65,15.75,14.33,14.55
1729690200,15.26,18.59,15.19,16.49
1729776600,16.91,18.25,16.59,16.67
1729863000,16.62,18.97,16.42,18.49
1730122200,20.22,21.25,19.85,21.17
1730208600,22.33,22.86,21.28,21.77
1730295000,22.96,23.67,22.51,23.59
1730381400,25.05,27.06,24.38,26.05
1730467800,24.91,24.96,23.38,23.47
1730730600,26.44,27.24,25.36,25.77
1730817000,25.91,25.97,23.98,24.7
1730903400,16.37,17.41,15.67,15.85
1730989800,14.87,14.92,13.8,13.84
1731076200,13.35,13.38,12.84,13.09
1731335400,14.95,15.24,13.95,14
1731421800,14.49,14.66,13.91,13.92
1731508200,14.09,14.22,12.53,12.81
1731594600,12.87,13.16,12.31,13.13
1731681000,13.49,17.21,13.24,14.81
1731940200,16.14,16.19,13.83,13.98
1732026600,15.86,16.14,13.91,14.24
1732113000,14.21,16.76,14.14,15.08
1732199400,13.41,16.25,13.15,14.15
1732285800,13.83,13.97,11.44,11.46
1732545000,13.21,14.19,12.29,12.31
1732631400,12.55,12.55,11.72,11.73
1732717800,12.04,12.42,10.74,10.75
1732890600,12.12,12.12,10.89,10.89
1733149800,12.74,12.8,11.78,11.86
1733236200,12.25,12.59,11.81,11.87
1733322600,11.83,12.52,11.55,11.6
1733409000,11.86,11.96,11.31,11.68
1733495400,11.02,11.02,10.16,10.38
1733754600,12.15,13.2,12.07,12.97
1733841000,13.17,13.69,12.77,13.29
1733927400,12.67,12.67,12.03,12.04
1734013800,11.89,12.32,11.51,11.93
1734100200,11.05,12.07,10.71,10.9
1734359400,11.46,12.06,11.05,12.06
1734445800,12.8,13.9,12.51,13.39
1734532200,12.9,35.86,12.4,35.42
1734618600,20.55,25.32,18.75,23.72
1734705000,22.41,22.41,14.95,15.95
1734964200,17.34,19.7,14.51,14.76
1735050600,14.98,15.03,10.84,10.89
1735223400,12.63,13.54,11.38,11.63
1735309800,13.4,16.73,13.19,13.31
1735569000,16.98,18,15,15.81
1735655400,15.63,16.1,14.95,15.15
1735828200,15.58,17.96,15.34,16.26
1735914600,15.95,16.24,13.33,13.44
1736173800,14.94,15,13.97,14.2
1736260200,14.16,17.58,14.16,16.1
1736346600,17.87,18.4,15.46,16.15
1736519400,18.02,19.64,16.96,17.83
1736778600,21.15,21.21,18.31,18.7
1736865000,18.37,19.46,17.65,18.15
1736951400,15.78,15.78,13.64,13.94
1737037800,14.26,14.88,13.65,14.88
1737124200,14.59,14.87,13.82,14.13
1737469800,16.32,16.4,14.14,14.31
1737556200,14.27,14.27,13.49,13.57
1737642600,13.84,13.84,13.16,13.42
1737729000,13.51,13.57,12.66,12.88
1737988200,21.79,21.79,18.3,18.45
1738074600,18.29,19.33,16.48,16.64
1738161000,17.02,18.57,16.18,16.41
1738247400,15.45,15.89,14.46,14.98
1738333800,14.33,16.58,13.59,15.85
1738593000,20.42,21.99,18.74,19.38
1738679400,18.47,18.47,16.58,17
1738765800,16.66,17.41,14.86,14.88
1738852200,14.74,15.14,13.52,14.15
1738938600,13.14,15.82,12.41,14.67
1739197800,14.69,15.03,13.7,13.76
1739284200,14.27,14.54,13.47,13.83
1739370600,15.17,15.25,13.14,13.51
1739457000,13.55,13.96,12.24,12.31
1739543400,12.27,12.47,11.38,11.56
1739889000,14.37,14.71,13.11,13.2
1739975400,13.92,13.94,12.82,13.06
1740061800,13.37,15.57,13.07,13.46
1740148200,13.6,18.74,13.45,17
1740407400,17.39,20.92,16.62,18.3
1740493800,18.98,21.93,18.74,19.29
1740580200,19.71,20.39,17.95,18.88
1740666600,17.9,21.3,17.79,20.95
1740753000,21.7,22.67,18.02,18.88
1741012200,20.35,25.92,19.83,23.96
1741098600,26.14,28.4,22.78,24.79
1741185000,25.73,27.05,22.3,22.9
1741271400,25.18,28.31,24.77,26.79
1741357800,26.34,28.35,23.17,23.79
1741613400,29.35,33.84,29.09,31.19
1741699800,31.36,32.57,28.1,28.93
1741786200,27.38,28.55,24.46,25.26
1741872600,25.69,27.61,24.65,25.36
1741959000,24.66,24.71,21.28,21.77
1742218200,23.83,23.83,20.92,21.3
1742304600,22.89,24.37,22.41,22.59
1742391000,22.52,22.82,19.33,19.79
1742477400,21.64,21.7,19.3,19.46
1742563800,21.27,21.8,18.25,18.58
1742823000,20.65,20.65,18.51,18.56
1742909400,18.55,19.09,17.85,18.01
1742995800,18.43,21.5,18.02,19.96
1743082200,20.68,21.64,19.46,20.03
1743168600,20.94,24.24,20.65,22.69
1743427800,26.75,27.59,24.35,25.14
1743514200,25.78,26.97,24.28,24.46
1743600600,26.9,26.9,23.62,24.29
1743687000,29.61,34.1,29.3,34.1
1743773400,44.95,59.02,43.36,57.17
1744032600,68.58,73.31,51.28,62.58
1744119000,49.4,74.72,45.79,67.63
1744205400,67.55,68.49,39.5,40.06
1744291800,43.58,75.75,42.84,50.43
1744378200,54.54,58.11,41.34,43.32
1744637400,37.03,40.49,32.95,34.2
1744723800,32.35,33.31,28.92,29.94
1744810200,33.35,37.13,29.55,33.22
1744896600,31.26,32.27,27.62,27.65
1745242200,34.24,39.7,34.24,36.56
1745328600,33.96,35.9,31.93,33.14
1745415000,30.47,33.97,29.96,30.74
1745501400,29.74,30.46,28.12,28.28
1745587800,28.83,29.08,24.64,24.64
1745847000,27.15,28.97,25.94,26.47
1745933400,27.63,27.63,24.82,24.95
1746019800,28.57,30.56,24.42,25.07
1746106200,24.53,25.94,23.09,24.82
1746192600,22.34,22.89,20.7,21.22
1746451800,24.4,24.47,21.87,22.73
1746538200,24.25,24.66,23.26,24.14
1746624600,25.31,26.81,22.55,22.69
1746711000,22.68,23.43,21.09,21.63
1746797400,21.5,22.23,20.81,20.87
1747056600,19.02,19.91,17.69,17.97
1747143000,17.04,17.64,16.83,17.41
1747229400,17.28,18.24,17.04,17.53
1747315800,17.73,17.89,15.79,15.88
1747402200,15.59,15.94,14.27,14.35
1747661400,18.52,18.53,16.65,16.81
1747747800,16.89,17.4,16.24,16.57
1747834200,17.67,19.99,16.64,19.56
1747920600,20.05,20.68,17.96,18.42
1748007000,24.91,24.91,19.93,20.63
1748352600,20.45,21,17.74,17.9
1748439000,18.18,18.89,17.61,18.19
1748525400,18.46,20.06,17.45,17.84
1748611800,18.45,19.65,16.6,16.74
1748871000,18.9,19.69,17.64,17.64
1748957400,17.73,18.04,16.51,16.62
1749043800,16.65,17.18,15.86,16.04
1749130200,16.06,17.68,15.46,17.34
1749216600,15.01,15.34,14.11,14.2
1749475800,15.98,16.17,14.97,15.38
1749562200,15.53,15.99,14.88,15.16
1749648600,14.47,16.9,14.02,15.42
1749735000,16.44,17.02,15.68,16.12
1749821400,18.91,21.19,17.34,19.26
1750080600,18.29,18.61,17.54,17.87
1750167000,19.32,22.81,18.65,21.86
1750253400,21.2,21.64,18.69,19.13
1750426200,17.64,20.28,17.56,18.32
1750685400,20.09,22.07,17.91,17.92
1750771800,16.14,16.31,15.2,15.4
1750858200,15.03,15.1,13.65,13.81
1750944600,14.13,14.23,13.26,13.49
1751031000,13.22,14.47,12.76,12.81
1751290200,14.46,14.88,13.66,13.77
1751376600,14.54,14.69,13.41,13.79
1751463000,14.54,14.67,12.89,13.07
1751549400,12.72,13.51,12.64,12.85
1751895000,15.78,16.98,15.53,15.71
1751981400,14.54,14.73,13.74,13.9
1752067800,12.91,13.73,12.25,12.53
1752154200,12.79,13.16,12.37,12.46
1752240600,13.76,14.2,12.53,13.03
1752499800,14.9,15.04,13.84,14.27
1752586200,13.4,14.7,13.37,14.69
1752672600,13.81,17.7,13.66,13.77
1752759000,14.18,14.18,13.03,13.14
1752845400,13.43,13.55,12.7,12.7
1753104600,15.05,15.17,14.57,14.95
1753191000,15.71,16.67,14.97,15.03
1753277400,14.89,14.95,13.84,14.05
1753363800,13.63,14.28,13.63,14.08
1753450200,13.73,13.74,12.82,12.83
1753709400,13.78,14.15,13.31,13.37
1753795800,12.85,14.82,12.79,14.62
1753882200,14.46,16.2,13.4,13.46
1753968600,13.18,16.4,12.99,15.15
1754055000,18.05,22.89,17.98,19.53
1754314200,17.7,17.7,16.25,16.43
1754400600,16.55,18.64,16.26,16.81
1754487000,16.88,17.03,14.76,15
1754573400,14.66,16.54,14.48,14.76
1754659800,14.1,14.35,12.86,12.86
1754919000,14.98,15.85,14.48,15.75
1755005400,13.97,14.73,13.1,13.11
1755091800,12.75,13.3,12.11,12.38
1755178200,13.52,13.89,12.74,12.98
1755264600,12.8,13.48,12.66,13.27
1755523800,14.71,14.89,13.75,13.79
1755610200,13.8,15.53,13.49,14.7
1755696600,14.99,17.26,14.89,15.09
1755783000,16.05,17.5,15.71,16.37
1755869400,16.31,16.31,11.85,11.85
1756128600,13.62,13.74,12.34,13.01
1756215000,13.87,13.96,12.91,12.91
1756301400,13.38,13.75,13.15,13.27
1756387800,11.67,12.36,11.28,11.68
1756474200,11.75,14.08,11.59,12.72
1756819800,19.55,19.86,16.11,16.17
1756906200,16.11,16.11,14.44,14.45
1756992600,14.31,14.43,13.28,13.32
1757079000,12.76,15.76,12.56,12.66
1757338200,14.26,14.26,13.5,13.5
1757424600,14.11,14.67,13.53,13.61
1757511000,13.39,14.61,13.13,14.29
1757597400,13.28,13.91,12.82,12.99
1757683800,13.03,13.13,12.43,12.85
1757943000,13.36,15.16,13.36,14.71
1758029400,14.77,15.83,14.77,15.79
1758115800,15.72,16.75,13.75,14.53
1758202200,13.7,14.27,13.25,13.53
1758288600,13.26,13.74,12.39,12.41
1758547800,14.25,14.36,13.71,14.25
1758634200,14.15,15.71,14.1,14.67
1758720600,14.4,15.37,13.39,13.39
1758807000,15.03,15.86,13.99,14.17
1758893400,14.15,14.59,12.26,12.27
1759152600,13.63,13.83,13.16,13.51
1759239000,13.75,14.28,13.39,13.95
1759325400,14.56,14.8,13.22,13.53
1759411800,13.21,14.49,13.09,13.79
1759498200,13.34,14.39,12.75,13.47
1759757400,14.25,14.88,13.38,13.57
1759843800,13.43,16.06,13.42,14.99
1759930200,14.63,14.73,12.94,13.17
1760016600,13.3,15.31,13.24,13.92
1760103000,13.82,24.13,13.21,21.7
1760362200,20.37,21.07,17.48,18.02
1760448600,22.36,24.44,17.97,20.38
1760535000,18.29,23.08,17.18,19.28
1760621400,18.97,26.3,18.83,25.87
1760707800,25.71,26.17,19.8,19.8
1760967000,20.24,20.25,17.34,17.35
1761053400,18.16,18.53,16,16.88
1761139800,18.14,22.1,17.48,18.35
1761226200,18.68,18.78,16.42,16.62
1761312600,15.76,15.94,14.81,14.85
1761571800,14.6,15.2,14.54,14.64
1761658200,14.83,15.75,14.8,15.63
1761744600,16.23,17.2,15.4,15.61
1761831000,15.53,16.09,14.12,14.9
1761917400,14.09,17.05,14.07,14.71
1762180200,15.51,17.8,14.75,14.97
1762266600,17.95,18.74,16.29,17.75
1762353000,17.86,18.16,14.8,15.87
1762439400,16.82,19.62,16.54,18.12
1762525800,20.05,22.67,17.31,17.31
1762785000,17.42,17.87,16.04,16.04
1762871400,16.09,16.41,15.07,15.18
1762957800,15.2,16.53,15.11,15.37
1763044200,16.44,21.16,16.19,19.17
1763130600,23.72,24.77,18.05,18.61
1763389800,21.41,23.73,19.45,22.33
1763476200,24.16,26.7,22.79,25.18
1763562600,24.75,24.93,21.52,23.1
1763649000,17.06,31.3,16.7,26.35
1763735400,25.05,27.72,20.27,21.51
1763994600,22.3,22.61,18.38,18.55
1764081000,18.54,20.97,15.18,15.39
1764167400,15.04,15.48,13.12,13.33
1764340200,18.34,18.34,12.84,13.61
1764599400,17.74,17.74,15.57,16.55
1764685800,16.18,17.05,15.19,15.42
1764772200,16.73,16.81,14.23,14.46
1764858600,14.73,15.71,14.17,14.3
1764945000,14.66,15.03,13.53,13.9
1765204200,16.4,16.97,16.21,16.29
1765290600,17.04,17.23,16.03,16.3
1765377000,17.25,17.56,14.45,14.68
1765463400,14.87,15.54,12.46,12.46
1765549800,12.79,17.06,12.49,13.48
1765809000,14.03,15.87,13.8,14.2
1765895400,14.77,15.9,13.42,13.88
1765981800,13.69,16.22,13.5,15.75
1766068200,14.09,14.96,12.81,13.92
1766154600,12.91,12.91,10.44,10.49
1766413800,11.78,11.78,10.36,10.5
1766500200,10.64,10.77,9.68,10.06
1766586600,10.37,10.37,8.99,9.17
1766759400,10.94,10.95,9.53,9.65
1767018600,12.4,12.47,10.98,11.37
1767105000,11.71,11.71,11.01,11.46
1767191400,11.51,12.25,11.24,12
1767364200,12.15,13.33,11.6,11.72
1767623400,13.26,13.38,12.44,12.44
1767709800,12.59,13,11.99,12.13
1767796200,12.66,12.71,11.72,12.54
1767882600,13.12,13.47,12.54,12.83
1767969000,12.87,13.14,10.85,10.86
1768228200,13.27,13.27,11.8,11.94
1768314600,11.74,13.42,11.74,12.51
1768401000,14.11,15.45,12.88,13.18
1768487400,12.3,12.76,11.68,12.32
1768573800,12.13,13.04,11.5,12.09
1768919400,20.16,21.4,18.07,19.93
1769005800,18.61,19.49,15.38,15.88
1769092200,14.78,15.56,13.74,14.38
1769178600,14.98,15.28,13.87,15
1769437800,16.09,16.09,14.64,15.05
1769524200,14.98,15.15,14.38,14.85
1769610600,14.91,16.1,14.35,14.54
1769697000,15.23,19.48,14.96,15.22
1769783400,16.29,17.71,14.94,15.69
1770042600,17.43,17.62,14.06,14.45
1770129000,14.33,20.9,14.24,17.07
1770215400,17.34,22.9,17.05,18.67
1770301800,23.18,25.1,20.09,22.29
1770388200,20.03,20.03,14.66,15.43
1770647400,17.38,17.44,13.95,14.75
1770733800,14.85,15.46,14.05,14.94
1770820200,13.21,16.92,13.1,14.18
1770906600,14.15,20.53,13.82,19.8
1770993000,20.03,22.28,16.63,18.77
1771338600,22.51,24.46,19.56,20.31
1771425000,20.81,20.81,17.63,19.08
1771511400,20.62,21.65,19.29,19.87
1771597800,21.27,21.27,17.24,18.02
1771857000,19.52,23.18,19.35,21.11
1771943400,22.12,22.89,18.28,18.42