"Date Opened","Time Opened","Opening Price","Legs","Premium","Closing Price","Date Closed","Time Closed","Avg. Closing Cost","Reason For Close","P/L","P/L %","No. of Contracts","Funds at Close","Margin Req.","Strategy","Opening Commissions + Fees","Opening Short/Long Ratio","Closing Short/Long Ratio","Opening VIX","Closing VIX","Gap","Movement","Max Profit","Max Loss"
"2026-02-12","09:45:00",6960.53,"11 Feb 27 6810 P STO 35.95 | 11 Feb 27 7075 C STO 23.65 | 11 Mar 23 6775 P BTO 70.85 | 11 Mar 23 7100 C BTO 61.25",-7270,6878.88,"2026-02-27","16:00:00",-8910,"Expired",17961.68,22.460522696011008,11,2698105,118470,"",78.32,0.451,0.001,17.32,19.9,16.07,2.99,41.4,-22.15
"2026-02-11","09:45:00",6975.63,"11 Feb 26 6830 P STO 34.40 | 11 Feb 26 7090 C STO 21.20 | 11 Mar 23 6800 P BTO 72.80 | 11 Mar 23 7125 C BTO 57.75",-7515,6908.86,"2026-02-26","16:00:00",-8275,"Expired",8281.68,10.018363273453094,11,2680143.32,121165,"",78.32,0.426,0.001,17.11,18.6,34.67,-0.85,31.87,-22.69
"2026-02-10","09:45:00",6961.13,"9 Feb 25 6815 P STO 34.85 | 9 Feb 25 7075 C STO 22.50 | 9 Mar 23 6775 P BTO 75.35 | 9 Mar 23 7100 C BTO 68.05",-8625,6946.13,"2026-02-25","16:00:00",-8685,"Expired",475.92,0.6131014492753624,9,2671861.64,113625,"",64.08,0.4,0.001,17.63,17.96,9.67,-13.36,15.83,-21.45
"2026-02-04","09:45:00",6928.53,"10 Feb 19 6775 P STO 36.50 | 10 Feb 19 7050 C STO 23.40 | 10 Mar 16 6725 P BTO 70.60 | 10 Mar 16 7075 C BTO 63.25",-7415,6861.89,"2026-02-19","16:00:00",-9615,"Expired",21928.8,29.57356709372893,10,2671385.72,124150,"",71.2,0.448,0.001,17.89,20.26,6.69,4.03,38.17,-20.36
"2026-02-03","09:45:00",6973.75,"10 Feb 18 6845 P STO 31.65 | 10 Feb 18 7080 C STO 21.20 | 10 Mar 16 6800 P BTO 70.35 | 10 Mar 16 7125 C BTO 57.40",-7510,6881.31,"2026-02-18","16:00:00",-9965,"Expired",24478.8,32.594940079893476,10,2649456.92,120100,"",71.2,0.414,0.001,16.5,19.53,9.01,-11.7,40.28,-31.62
"2026-01-30","09:45:00",6950.64,"11 Feb 17 6800 P STO 37.70 | 11 Feb 17 7075 C STO 24.30 | 11 Mar 10 6750 P BTO 66.65 | 11 Mar 10 7100 C BTO 58.00",-6285,6843.22,"2026-02-17","16:00:00",-8465,"Expired",23901.68,34.57247414478918,11,2624978.12,124135,"",78.32,0.497,0.001,17.29,20.3,-21.74,3.37,43.36,-25.3
"2026-01-29","09:45:00",6955.64,"11 Feb 13 6805 P STO 37.85 | 11 Feb 13 7085 C STO 24.10 | 11 Mar 9 6775 P BTO 73.30 | 11 Mar 9 7125 C BTO 53.65",-6520,6836.17,"2026-02-13","16:00:00",-9870,"Expired",36771.68,51.27116564417178,11,2601076.44,115720,"",78.32,0.488,0.001,18.02,20.61,-0.29,-22.1,60.2,-18.48
"2026-01-28","09:45:00",7000.57,"9 Feb 12 6865 P STO 32.95 | 9 Feb 12 7110 C STO 23.60 | 9 Mar 9 6825 P BTO 66.25 | 9 Mar 9 7200 C BTO 38.90",-4880,6832.76,"2026-02-12","16:00:00",-8526,"Expired",32749.92,74.5672131147541,9,2564304.76,124920,"",64.08,0.538,0.275,16.45,20.76,23.4,-1.43,89.14,-23.57
"2026-01-27","09:45:00",6965.46,"11 Feb 11 6835 P STO 32.50 | 11 Feb 11 7080 C STO 21.75 | 11 Mar 9 6800 P BTO 67.50 | 11 Mar 9 7125 C BTO 51.90",-6535,6941.47,"2026-02-11","16:00:00",-7970,"Expired",15706.68,21.849732211170622,11,2531554.84,121385,"",78.32,0.454,0.001,16.13,17.52,15.73,-0.5,36.88,-10.56
"2026-01-14","09:45:00",6920.19,"12 Jan 29 6780 P STO 35.60 | 12 Jan 29 7045 C STO 23.10 | 12 Feb 23 6750 P BTO 69.60 | 12 Feb 23 7075 C BTO 56.80",-6790,6969.01,"2026-01-29","16:00:00",-7860,"Expired",12754.56,15.653608247422678,12,2515848.16,117480,"",85.44,0.464,0.001,17.62,16.87,-26.33,-17.22,35.79,-10.9
"2025-12-18","09:45:00",6771.72,"12 Jan 2 6640 P STO 32.20 | 12 Jan 2 6890 C STO 22.60 | 12 Jan 26 6600 P BTO 61.90 | 12 Jan 26 6925 C BTO 54.20",-6150,6858.47,"2026-01-02","16:00:00",-6650,"Expired",5914.56,8.014308943089432,12,2505396.16,121800,"",85.44,0.472,0.002,16.9,14.59,56.63,-6.34,16.75,-12.76
"2025-12-17","09:45:00",6793.66,"13 Jan 2 6660 P STO 31.85 | 13 Jan 2 6915 C STO 22.55 | 13 Jan 26 6625 P BTO 61.35 | 13 Jan 26 6950 C BTO 53.00",-6015,6858.47,"2026-01-02","16:00:00",-5845,"Expired",-2302.56,-2.944638403990025,13,2503093.6,123695,"",92.56,0.476,0.002,16.59,14.59,2.62,-9.22,15.05,-12.47
"2025-12-16","09:45:00",6794.89,"12 Dec 31 6660 P STO 33.35 | 12 Dec 31 6915 C STO 22.30 | 12 Jan 26 6625 P BTO 62.75 | 12 Jan 26 6950 C BTO 57.05",-6435,6845.5,"2025-12-31","16:00:00",-6435,"Expired",-85.44,-0.11064491064491065,12,2499481.6,119220,"",85.44,0.465,0.002,17.14,15.04,-16.39,-5.23,15.77,-10.64
"2025-12-10","09:45:00",6838.61,"8 Dec 26 6695 P STO 35.15 | 8 Dec 26 6970 C STO 24.45 | 8 Jan 22 6650 P BTO 69.05 | 8 Jan 22 7000 C BTO 65.45",-7510,6929.94,"2025-12-26","16:00:00",-6810,"Expired",-5656.96,-9.415712383488682,8,2499567.04,96080,"",56.96,0.443,0.001,17.37,13.58,-7.02,5.12,6.32,-23.64
"2025-12-09","09:45:00",6848.9,"8 Dec 24 6710 P STO 34.20 | 8 Dec 24 6975 C STO 25.70 | 8 Jan 22 6675 P BTO 72.20 | 8 Jan 22 7000 C BTO 71.45",-8395,6932.05,"2025-12-24","13:00:00",-7685,"Expired",-5736.96,-8.542227516378798,8,2505224,95160,"",56.96,0.417,0.001,16.99,13.41,-5.9,8.29,6.37,-23.35
"2025-12-04","09:45:00",6851.95,"10 Dec 19 6715 P STO 34.50 | 10 Dec 19 6980 C STO 25.80 | 10 Jan 12 6675 P BTO 61.10 | 10 Jan 12 7025 C BTO 50.45",-5145,6834.5,"2025-12-19","16:00:00",-4310,"Expired",-8421.2,-16.367735665694852,10,2510960.96,96450,"",71.2,0.541,0.002,16.22,15.1,16.75,-14.52,8.65,-17.59
"2025-12-03","09:45:00",6821.74,"8 Dec 18 6675 P STO 36.25 | 8 Dec 18 6950 C STO 24.90 | 8 Jan 15 6625 P BTO 65.85 | 8 Jan 15 6975 C BTO 70.10",-7500,6774.76,"2025-12-18","16:00:00",-7260,"Expired",-1976.96,-3.294933333333333,8,2519382.16,100000,"",56.96,0.45,0.001,16.79,16.81,-14.08,6.45,15.33,-6.93
"2025-12-02","09:45:00",6837.55,"8 Dec 17 6695 P STO 34.45 | 8 Dec 17 6960 C STO 26.10 | 8 Jan 15 6650 P BTO 70.40 | 8 Jan 15 7000 C BTO 67.85",-7790,6721.43,"2025-12-17","16:00:00",-9175,"Expired",11023.04,17.687804878048784,8,2521359.12,98320,"",56.96,0.438,0.001,16.74,18,18.33,6.59,17.78,-7.51
"2025-11-28","09:45:00",6826.57,"31 Dec 15 6680 P STO 35.65 | 31 Dec 15 6950 C STO 26.40 | 31 Jan 6 6800 P BTO 0.15 | 31 Jan 6 6800 C BTO 95.00",-3330,6816.51,"2025-12-15","16:00:00",-17010,"Expired",423859.28,410.596996996997,31,2510336.08,103230,"",220.72,0.652,0.001,16.18,16.59,9.91,4.05,523.72,0
"2025-11-26","09:45:00",6803.23,"9 Dec 11 6665 P STO 34.90 | 9 Dec 11 6925 C STO 23.45 | 9 Jan 5 6625 P BTO 66.95 | 9 Jan 5 6950 C BTO 63.90",-7270,6901,"2025-12-11","16:00:00",-8010,"Expired",6595.92,10.080880330123797,9,2086476.8,101430,"",64.08,0.446,0.001,17.8,14.95,27.67,9.68,78.82,-100
"2025-11-13","09:45:00",6796.4,"7 Nov 28 6650 P STO 34.80 | 7 Nov 28 6925 C STO 26.45 | 7 Dec 22 6600 P BTO 70.50 | 7 Dec 22 6950 C BTO 69.95",-7940,6849.09,"2025-11-28","13:00:00",-8095,"Expired",1035.16,1.8624685138539048,7,2079880.88,90580,"",49.84,0.436,0.001,18.68,16.21,-24.45,-30.07,77.08,-36.59
"2025-11-12","09:45:00",6861.58,"7 Nov 28 6725 P STO 32.80 | 7 Nov 28 6985 C STO 25.35 | 7 Dec 26 6690 P BTO 75.75 | 7 Dec 26 7010 C BTO 76.25",-9405,6849.09,"2025-11-28","13:00:00",-8475,"Expired",-6559.84,-9.964061669324828,7,2078845.72,90335,"",49.84,0.383,0.001,17.41,16.21,21.16,-6.19,72.04,-58.85
"2025-11-11","09:45:00",6820.05,"7 Nov 26 6680 P STO 33.45 | 7 Nov 26 6950 C STO 23.50 | 7 Dec 26 6650 P BTO 77.60 | 7 Dec 26 6975 C BTO 74.65",-9550,6812.61,"2025-11-26","16:00:00",-9640,"Expired",580.16,0.8678534031413613,7,2085405.56,87850,"",49.84,0.374,0.001,17.62,17.29,-16.79,4.41,9.9,-36.07
"2025-11-06","09:45:00",6780.7,"8 Nov 21 6625 P STO 38.45 | 8 Nov 21 6920 C STO 26.80 | 8 Dec 15 6575 P BTO 69.05 | 8 Dec 15 6950 C BTO 62.70",-6670,6602.99,"2025-11-21","16:00:00",-9749,"Expired",24575.04,46.0551724137931,8,2084825.4,93360,"",56.96,0.495,0.189,18.5,23.63,-8.7,-6.89,57.72,-22.56
"2025-11-04","09:45:00",6790.07,"6 Nov 19 6640 P STO 37.40 | 6 Nov 19 6925 C STO 26.40 | 6 Dec 18 6600 P BTO 85.55 | 6 Dec 18 6950 C BTO 82.55",-10450,6642.16,"2025-11-19","16:00:00",-14490,"Expired",24197.28,38.592153110047846,6,2060250.36,86700,"",42.72,0.38,0.001,18.71,23.56,-63.45,1.55,38.66,-22.87
"2025-10-31","09:45:00",6854.12,"8 Nov 17 6715 P STO 33.70 | 8 Nov 17 6980 C STO 25.25 | 8 Dec 9 6675 P BTO 66.65 | 8 Dec 9 7025 C BTO 56.35",-6425,6672.41,"2025-11-17","16:00:00",-7421,"Expired",7911.04,15.39112840466926,8,2036053.08,87400,"",56.96,0.479,0.362,16.76,22.45,56.83,-25.05,37.43,-36.42
"2025-10-30","09:45:00",6845.75,"8 Nov 14 6710 P STO 34.35 | 8 Nov 14 6975 C STO 23.70 | 8 Dec 8 6675 P BTO 69.45 | 8 Dec 8 7000 C BTO 60.60",-7220,6734.11,"2025-11-14","16:00:00",-9240,"Expired",16103.04,27.879224376731305,8,2028142.04,85760,"",56.96,0.446,0.001,16.85,20.03,-30.09,-14.75,30.19,-31.99
"2025-10-29","09:45:00",6915.73,"8 Nov 13 6780 P STO 33.80 | 8 Nov 13 7050 C STO 24.85 | 8 Dec 11 6750 P BTO 76.20 | 8 Dec 11 7075 C BTO 71.70",-8945,6737.49,"2025-11-13","16:00:00",-9344,"Expired",3135.04,4.380994969256568,8,2012039,95560,"",56.96,0.397,0.314,16.71,20.49,20.06,4.78,13.53,-47.4
"2025-10-28","09:45:00",6882.54,"7 Nov 12 6760 P STO 30.65 | 7 Nov 12 7000 C STO 23.05 | 7 Dec 11 6725 P BTO 73.85 | 7 Dec 11 7025 C BTO 72.35",-9270,6850.92,"2025-11-12","16:00:00",-10110,"Expired",5830.16,8.98468176914779,7,2008903.96,89390,"",49.84,0.367,0.001,16.05,17.5,22.58,-15.2,22.01,-36.52
"2025-10-24","09:45:00",6794.88,"9 Nov 10 6665 P STO 31.55 | 9 Nov 10 6900 C STO 25.70 | 9 Dec 2 6625 P BTO 59.20 | 9 Dec 2 6925 C BTO 55.50",-5765,6832.43,"2025-11-10","16:00:00",-8110,"Expired",21040.92,40.552992194275795,9,2003073.8,87885,"",64.08,0.499,0.001,16.02,17.72,33.63,22.81,55.85,0
"2025-10-23","09:45:00",6716.6,"9 Nov 7 6565 P STO 37.95 | 9 Nov 7 6845 C STO 25.45 | 9 Dec 1 6525 P BTO 65.05 | 9 Dec 1 6875 C BTO 54.35",-5620,6728.8,"2025-11-07","16:00:00",-8280,"Expired",23875.92,47.204270462633446,9,1982032.88,86580,"",64.08,0.531,0.001,18.49,19.22,4.25,12.95,88.7,-3.91
"2025-10-22","09:45:00",6740.42,"7 Nov 6 6595 P STO 35.80 | 7 Nov 6 6870 C STO 22.20 | 7 Dec 4 6550 P BTO 70.55 | 7 Dec 4 6900 C BTO 61.40",-7415,6720.32,"2025-11-06","16:00:00",-10140,"Expired",19025.16,36.65380984490897,7,1958156.96,83405,"",49.84,0.44,0.001,18.49,19.69,5.99,-0.92,51.38,-12.74
"2025-10-21","09:45:00",6733.68,"8 Nov 5 6585 P STO 36.75 | 8 Nov 5 6860 C STO 26.00 | 8 Dec 4 6550 P BTO 74.80 | 8 Dec 4 6900 C BTO 63.45",-7570,6796.29,"2025-11-05","16:00:00",-10600,"Expired",24183.04,39.932364597093795,8,1939131.8,92560,"",56.96,0.454,0.001,18.63,17.83,1.62,-3.07,55.09,-7.6
"2025-10-10","09:45:00",6758.68,"7 Oct 27 6640 P STO 29.70 | 7 Oct 27 6870 C STO 18.70 | 7 Nov 18 6600 P BTO 62.95 | 7 Nov 18 6900 C BTO 56.60",-7135,6875.16,"2025-10-27","16:00:00",-8949,"Expired",12648.16,25.32417659425368,7,1914948.76,77945,"",49.84,0.405,0.055,16.38,15.81,5.38,18.19,27.68,-43.8
"2025-10-09","09:45:00",6750.78,"7 Oct 24 6635 P STO 29.40 | 7 Oct 24 6860 C STO 20.25 | 7 Nov 17 6600 P BTO 63.30 | 7 Nov 17 6900 C BTO 54.55",-6840,6791.69,"2025-10-24","16:00:00",-7215,"Expired",2575.16,5.378362573099415,7,1902300.6,75880,"",49.84,0.421,0.001,16.51,16.37,6.78,-9.72,18.86,-37.79
"2025-10-08","09:45:00",6720.98,"6 Oct 23 6595 P STO 31.55 | 6 Oct 23 6830 C STO 22.45 | 6 Nov 21 6565 P BTO 75.75 | 6 Nov 21 6855 C BTO 76.05",-9800,6738.44,"2025-10-23","16:00:00",-10500,"Expired",4157.28,7.070204081632653,6,1899725.44,76800,"",42.72,0.356,0.001,17.18,17.32,9.28,-2.89,28.16,-21.58
"2025-10-07","09:45:00",6749.49,"6 Oct 22 6635 P STO 28.15 | 6 Oct 22 6860 C STO 19.05 | 6 Nov 21 6605 P BTO 74.60 | 6 Nov 21 6885 C BTO 73.85",-10145,6699.4,"2025-10-22","16:00:00",-11100,"Expired",5687.28,9.343321833415477,6,1895568.16,78870,"",42.72,0.318,0.001,16.33,18.58,5.86,3.35,22.03,-30.8
"2025-10-03","09:45:00",6733.11,"8 Oct 20 6615 P STO 30.05 | 8 Oct 20 6840 C STO 21.20 | 8 Nov 11 6575 P BTO 61.95 | 8 Nov 11 6875 C BTO 56.50",-6740,6735.13,"2025-10-20","16:00:00",-7655,"Expired",7263.04,13.470029673590506,8,1889880.88,85920,"",56.96,0.433,0.001,16.35,18.32,6.79,10.97,49.11,-31.6
"2025-10-02","09:45:00",6714.9,"7 Oct 17 6595 P STO 28.60 | 7 Oct 17 6825 C STO 20.75 | 7 Nov 10 6550 P BTO 58.45 | 7 Nov 10 6850 C BTO 58.85",-6815,6664.01,"2025-10-17","16:00:00",-9975,"Expired",22070.16,46.263829787234044,7,1882617.84,79205,"",49.84,0.421,0.001,16.21,21.02,20.11,-16.41,73.95,-23.11
"2025-10-01","09:45:00",6678.08,"7 Oct 16 6555 P STO 30.10 | 7 Oct 16 6790 C STO 20.60 | 7 Nov 14 6525 P BTO 70.80 | 7 Nov 14 6820 C BTO 66.75",-8705,6629.07,"2025-10-16","16:00:00",-15730,"Expired",49125.16,80.61895462377944,7,1860547.68,81935,"",49.84,0.369,0.001,16.47,24.67,-23.54,13.16,86.56,-2.76
"2025-09-30","09:45:00",6655.97,"6 Oct 15 6540 P STO 28.70 | 6 Oct 15 6760 C STO 21.55 | 6 Nov 14 6510 P BTO 72.55 | 6 Nov 14 6790 C BTO 71.75",-9425,6671.06,"2025-10-15","16:00:00",-14165,"Expired",28397.28,50.216233421750665,6,1811422.52,74550,"",42.72,0.348,0.001,16.25,20.46,-5.02,-0.22,54.06,-2.71
"2025-09-26","09:45:00",6636.36,"7 Oct 13 6515 P STO 29.80 | 7 Oct 13 6750 C STO 21.80 | 7 Nov 4 6475 P BTO 61.65 | 7 Nov 4 6775 C BTO 59.25",-6950,6654.72,"2025-10-13","16:00:00",-8825,"Expired",13075.16,26.875971223021583,7,1783025.24,76650,"",49.84,0.427,0.001,16.21,18.94,10.66,20.98,45.76,-4.39
"2025-09-25","09:45:00",6576.84,"7 Oct 10 6450 P STO 33.75 | 7 Oct 10 6705 C STO 23.70 | 7 Nov 3 6400 P BTO 65.70 | 7 Nov 3 6750 C BTO 54.15",-6260,6552.51,"2025-10-10","16:00:00",-10175,"Expired",27355.16,62.4261980830671,7,1769950.08,78820,"",49.84,0.479,0.001,17.72,21.99,-29.78,-31.35,74.52,-3.75
"2025-09-24","09:45:00",6661.11,"6 Oct 9 6540 P STO 30.40 | 6 Oct 9 6780 C STO 21.65 | 6 Nov 7 6510 P BTO 73.15 | 6 Nov 7 6810 C BTO 69.75",-9105,6735.11,"2025-10-09","16:00:00",-10885,"Expired",10637.28,19.471499176276772,6,1742594.92,72630,"",42.72,0.364,0.001,16.57,16.42,12.87,-8.68,27.73,-11.81
"2025-09-23","09:45:00",6693.88,"6 Oct 8 6580 P STO 28.80 | 6 Oct 8 6810 C STO 20.90 | 6 Nov 7 6550 P BTO 73.65 | 6 Nov 7 6840 C BTO 71.05",-9520,6753.72,"2025-10-08","16:00:00",-10755,"Expired",7367.28,12.897899159663865,6,1731957.64,75120,"",42.72,0.343,0.001,16.14,16.25,-1.31,1.44,21.43,-19.7
"2025-09-17","09:45:00",6605.56,"7 Oct 2 6485 P STO 30.40 | 7 Oct 2 6720 C STO 22.80 | 7 Oct 31 6455 P BTO 68.10 | 7 Oct 31 6745 C BTO 66.20",-8130,6715.35,"2025-10-02","16:00:00",-13005,"Expired",34075.16,59.87552275522755,7,1724590.36,77910,"",49.84,0.396,0.001,16.14,16.61,-1.89,0.69,59.96,-6.03
"2025-09-04","09:45:00",6462.18,"9 Sep 19 6340 P STO 31.85 | 9 Sep 19 6570 C STO 18.75 | 9 Oct 13 6300 P BTO 57.20 | 9 Oct 13 6600 C BTO 44.40",-5120,6664.36,"2025-09-19","16:00:00",-4974,"Expired",-1378.08,-2.990625,9,1690515.2,82080,"",64.08,0.498,0.654,16.1,15.49,8.34,5.58,34.28,-6.25
"2025-09-03","09:45:00",6442.52,"7 Sep 18 6310 P STO 32.35 | 7 Sep 18 6550 C STO 21.75 | 7 Oct 17 6280 P BTO 68.35 | 7 Oct 17 6575 C BTO 63.00",-7745,6631.96,"2025-09-18","16:00:00",-8239,"Expired",3408.16,6.286378308586185,7,1691893.28,75215,"",49.84,0.412,0.499,17.05,15.77,30.28,-3.3,29.83,-8.13
"2025-09-02","09:45:00",6381.78,"7 Sep 17 6230 P STO 37.85 | 7 Sep 17 6505 C STO 22.65 | 7 Oct 17 6200 P BTO 69.45 | 7 Oct 17 6530 C BTO 66.50",-7565,6600.35,"2025-09-17","16:00:00",-7620,"Expired",335.16,0.6329147389292796,7,1688485.12,73955,"",49.84,0.445,0.558,18.65,15.7,-58.75,-19.73,34.77,-7.8
"2025-08-22","09:45:00",6408.42,"9 Sep 8 6280 P STO 31.85 | 9 Sep 8 6520 C STO 20.70 | 9 Sep 30 6250 P BTO 59.15 | 9 Sep 30 6545 C BTO 47.95",-5475,6495.15,"2025-09-08","16:00:00",-7285,"Expired",16225.92,32.92931506849315,9,1688149.96,76275,"",64.08,0.491,0.001,16.17,15.18,14.42,23.83,38.26,-4.11
"2025-08-21","09:45:00",6373.35,"8 Sep 5 6245 P STO 31.00 | 8 Sep 5 6490 C STO 21.50 | 8 Sep 29 6200 P BTO 58.50 | 8 Sep 29 6525 C BTO 45.20",-5140,6481.5,"2025-09-05","16:00:00",-7495,"Expired",18783.04,45.67859922178988,8,1671924.04,77120,"",56.96,0.506,0.001,16.39,15.18,-14.95,-7.48,45.91,-6.81
"2025-08-12","09:45:00",6400.67,"7 Aug 27 6290 P STO 26.55 | 7 Aug 27 6500 C STO 18.90 | 7 Sep 22 6250 P BTO 58.90 | 7 Sep 22 6525 C BTO 53.30",-6695,6481.4,"2025-08-27","16:00:00",-8570,"Expired",13075.16,27.899626587005226,7,1653141,74865,"",49.84,0.405,0.001,16.09,14.93,21.72,5.5,31.67,-8.07
"2025-08-08","09:45:00",6365.65,"8 Aug 25 6245 P STO 29.95 | 8 Aug 25 6475 C STO 20.15 | 8 Sep 16 6200 P BTO 55.20 | 8 Sep 16 6500 C BTO 47.25",-5255,6439.32,"2025-08-25","16:00:00",-6105,"Expired",6743.04,16.039581351094196,8,1640065.84,78040,"",56.96,0.489,0.002,16.11,14.86,15.22,10.43,30.26,-0.95
"2025-08-07","09:45:00",6382.07,"9 Aug 22 6260 P STO 29.65 | 9 Aug 22 6490 C STO 20.65 | 9 Sep 15 6225 P BTO 57.05 | 9 Sep 15 6525 C BTO 45.60",-5255,6466.91,"2025-08-22","16:00:00",-6295,"Expired",9295.92,19.655185537583257,9,1633322.8,78795,"",64.08,0.49,0.002,16.31,14.24,29.26,7.75,29.21,-12.37
"2025-08-06","09:45:00",6309.23,"7 Aug 21 6175 P STO 32.15 | 7 Aug 21 6420 C STO 22.15 | 7 Sep 15 6125 P BTO 60.35 | 7 Sep 15 6450 C BTO 53.15",-5940,6370.17,"2025-08-21","16:00:00",-7930,"Expired",13880.16,33.381818181818176,7,1624026.88,76580,"",49.84,0.478,0.001,17.65,16.72,10.11,-0.07,36.45,-11.87
"2025-08-05","09:45:00",6339.67,"7 Aug 20 6210 P STO 31.35 | 7 Aug 20 6450 C STO 16.85 | 7 Sep 15 6175 P BTO 66.65 | 7 Sep 15 6475 C BTO 50.20",-6885,6395.78,"2025-08-20","16:00:00",-7470,"Expired",4045.16,8.393318809005084,7,1610146.72,72695,"",49.84,0.412,0.001,17.6,15.73,6.69,3.04,15.4,-10.31
"2025-07-23","09:45:00",6327.52,"7 Aug 7 6210 P STO 28.25 | 7 Aug 7 6440 C STO 21.15 | 7 Sep 5 6180 P BTO 64.95 | 7 Sep 5 6475 C BTO 56.55",-7230,6340,"2025-08-07","16:00:00",-8370,"Expired",7930.16,15.669156293222683,7,1606101.56,75110,"",49.84,0.407,0.001,16.03,16.73,17.28,0.62,25.38,-2.9
"2025-07-22","09:45:00",6309.64,"7 Aug 6 6190 P STO 30.30 | 7 Aug 6 6430 C STO 21.70 | 7 Sep 5 6160 P BTO 69.25 | 7 Sep 5 6460 C BTO 60.70",-7815,6345.06,"2025-08-06","16:00:00",-8880,"Expired",7405.16,13.536532309660906,7,1598171.4,75705,"",49.84,0.4,0.001,16.83,16.66,1,3.04,24.5,-3.9
"2025-07-18","09:45:00",6307.76,"8 Aug 4 6185 P STO 29.95 | 8 Aug 4 6425 C STO 22.20 | 8 Aug 26 6150 P BTO 57.30 | 8 Aug 26 6450 C BTO 50.50",-5585,6329.94,"2025-08-04","16:00:00",-6340,"Expired",5983.04,13.390868397493286,8,1590766.24,72680,"",56.96,0.484,0.002,16.36,17.61,15.59,-5.19,39.12,-9.31
"2025-07-17","09:45:00",6276.94,"7 Aug 1 6150 P STO 30.75 | 7 Aug 1 6400 C STO 23.40 | 7 Aug 25 6100 P BTO 56.70 | 7 Aug 25 6425 C BTO 53.60",-5635,6238.01,"2025-08-01","16:00:00",-7815,"Expired",15210.16,38.560425909494235,7,1584783.2,74445,"",49.84,0.491,0.001,16.98,20.65,-0.3,13.54,55.72,-6.3
"2025-07-16","09:45:00",6252.68,"6 Jul 31 6130 P STO 29.30 | 6 Jul 31 6370 C STO 22.30 | 6 Aug 29 6100 P BTO 70.60 | 6 Aug 29 6395 C BTO 66.50",-8570,6339.39,"2025-07-31","16:00:00",-10930,"Expired",14117.28,27.45484247374563,6,1569573.04,69420,"",42.72,0.376,0.001,16.94,16.67,10.74,-1.82,29,-7.41
"2025-07-15","09:45:00",6285.57,"6 Jul 30 6175 P STO 28.60 | 6 Jul 30 6400 C STO 20.45 | 6 Aug 29 6145 P BTO 73.25 | 6 Aug 29 6425 C BTO 68.85",-9325,6362.9,"2025-07-30","16:00:00",-10420,"Expired",6527.28,11.666273458445039,6,1555455.76,73950,"",42.72,0.345,0.001,16.84,16.06,26.73,-9.72,17.21,-10.24
"2025-07-11","09:45:00",6240.21,"6 Jul 28 6125 P STO 28.45 | 6 Jul 28 6350 C STO 22.05 | 6 Aug 19 6075 P BTO 57.30 | 6 Aug 19 6375 C BTO 56.80",-6380,6389.77,"2025-07-28","16:00:00",-5898,"Expired",-2934.72,-7.666457680250782,6,1548928.48,68280,"",42.72,0.443,0.396,16.82,15.07,-24.78,-15.47,25.78,-10.74
"2025-07-09","09:45:00",6263.24,"6 Jul 24 6160 P STO 26.40 | 6 Jul 24 6370 C STO 20.35 | 6 Aug 22 6130 P BTO 68.95 | 6 Aug 22 6400 C BTO 65.25",-8765,6363.35,"2025-07-24","16:00:00",-10730,"Expired",11747.28,22.3374786081004,6,1551863.2,70590,"",42.72,0.348,0.001,16,15.51,17.81,19.91,23.67,-4.56
"2025-07-08","09:45:00",6232.85,"5 Jul 23 6120 P STO 29.00 | 5 Jul 23 6350 C STO 20.45 | 5 Aug 22 6090 P BTO 73.30 | 5 Aug 22 6375 C BTO 68.90",-9295,6358.91,"2025-07-23","16:00:00",-11004,"Expired",8509.4,18.309628832705755,5,1540115.92,61475,"",35.6,0.348,0.068,16.98,15.39,4.05,-1.18,24.42,-1.45
"2025-07-03","09:45:00",6256.89,"7 Jul 18 6145 P STO 27.65 | 7 Jul 18 6365 C STO 21.45 | 7 Aug 11 6100 P BTO 55.80 | 7 Aug 11 6400 C BTO 51.50",-5840,6296.79,"2025-07-18","16:00:00",-6745,"Expired",6285.16,15.374657534246575,7,1531606.52,72380,"",49.84,0.458,0.001,16.33,16.44,19.04,10.43,29.62,0
"2025-07-02","09:45:00",6194.46,"6 Jul 17 6075 P STO 29.25 | 6 Jul 17 6310 C STO 21.95 | 6 Aug 11 6025 P BTO 58.00 | 6 Aug 11 6350 C BTO 52.25",-5925,6297.36,"2025-07-17","16:00:00",-8825,"Expired",17357.28,48.82497890295358,6,1525321.36,65550,"",42.72,0.464,0.001,17.2,16.63,-4.13,0.58,50.38,-2.03
"2025-07-01","09:45:00",6188.49,"6 Jul 16 6070 P STO 29.40 | 6 Jul 16 6300 C STO 23.80 | 6 Aug 15 6040 P BTO 70.50 | 6 Aug 15 6325 C BTO 70.45",-8795,6263.7,"2025-07-16","16:00:00",-11510,"Expired",16247.28,30.7888573052871,6,1507964.08,70770,"",42.72,0.377,0.001,17.08,17.09,-17.7,1.24,37.12,0
"2025-06-27","09:45:00",6160.56,"7 Jul 14 6055 P STO 27.40 | 7 Jul 14 6270 C STO 19.95 | 7 Aug 5 6025 P BTO 59.55 | 7 Aug 5 6300 C BTO 52.65",-6505,6268.56,"2025-07-14","16:00:00",-9785,"Expired",22910.16,50.313297463489626,7,1491716.8,66535,"",49.84,0.422,0.003,16.24,17.2,9.68,9.86,50.42,-2.38
"2025-06-26","09:45:00",6116.68,"7 Jul 11 6005 P STO 27.55 | 7 Jul 11 6225 C STO 21.30 | 7 Aug 4 5975 P BTO 58.60 | 7 Aug 4 6250 C BTO 54.20",-6415,6259.75,"2025-07-11","16:00:00",-7915,"Expired",10450.16,23.271706936866718,7,1468806.64,65905,"",49.84,0.433,0.303,16.56,16.31,19.93,4.59,39.83,-0.86
"2025-06-25","09:45:00",6106.72,"6 Jul 10 5990 P STO 28.15 | 6 Jul 10 6210 C STO 22.00 | 6 Aug 8 5960 P BTO 67.40 | 6 Aug 8 6250 C BTO 61.15",-7860,6280.46,"2025-07-10","16:00:00",-7174,"Expired",-4158.72,-8.818320610687023,6,1458356.48,71160,"",42.72,0.39,0.496,16.97,15.73,12.05,2.49,35.5,-12.15
"2025-06-24","09:45:00",6074.14,"5 Jul 9 5955 P STO 29.80 | 5 Jul 9 6175 C STO 23.70 | 5 Aug 8 5925 P BTO 73.15 | 5 Aug 8 6200 C BTO 73.05",-9290,6263.26,"2025-07-09","16:00:00",-7979,"Expired",-6590.6,-14.188589881593112,5,1462515.2,61450,"",35.6,0.366,0.522,17.92,15.9,36.04,12.93,26.53,-14.48
"2025-06-12","09:45:00",6016.47,"7 Jun 27 5890 P STO 31.10 | 7 Jun 27 6135 C STO 21.85 | 7 Jul 21 5850 P BTO 60.70 | 7 Jul 21 6175 C BTO 48.00",-5595,6173.07,"2025-06-27","16:00:00",-5953,"Expired",2456.16,6.271313672922252,7,1469105.8,67165,"",49.84,0.487,0.385,18.02,16.28,-12.34,6.57,41.02,-5.09
"2025-06-11","09:45:00",6041.47,"6 Jun 26 5930 P STO 27.80 | 6 Jun 26 6150 C STO 21.60 | 6 Jul 24 5900 P BTO 67.75 | 6 Jul 24 6175 C BTO 61.00",-7955,6141.02,"2025-06-26","16:00:00",-10690,"Expired",16367.28,34.291389063482086,6,1466649.64,65730,"",42.72,0.384,0.001,16.67,16.43,10.57,-7.91,36.33,-5.85
"2025-06-10","09:45:00",6013.36,"5 Jun 25 5895 P STO 27.45 | 5 Jun 25 6125 C STO 22.60 | 5 Jul 24 5850 P BTO 64.90 | 5 Jul 24 6150 C BTO 64.80",-7985,6092.16,"2025-06-25","16:00:00",-9910,"Expired",9589.4,24.01853475266124,5,1450282.36,62425,"",35.6,0.386,0.001,17.14,16.69,4.03,3.45,32.19,-1.94
"2025-06-06","09:45:00",6012.96,"6 Jun 23 5895 P STO 29.25 | 6 Jun 23 6125 C STO 24.25 | 6 Jul 15 5850 P BTO 58.20 | 6 Jul 15 6150 C BTO 55.75",-6065,6025.17,"2025-06-23","16:00:00",-7235,"Expired",6977.28,19.173619126133552,6,1440692.96,63390,"",42.72,0.47,0.001,17.02,19.91,47.76,25.9,36.85,-6.92
"2025-06-05","09:45:00",5968.51,"7 Jun 20 5840 P STO 30.95 | 7 Jun 20 6090 C STO 24.20 | 7 Jul 14 5800 P BTO 60.10 | 7 Jul 14 6125 C BTO 50.90",-5605,5967.84,"2025-06-20","16:00:00",-7465,"Expired",12970.16,33.05762711864407,7,1433715.68,67235,"",49.84,0.497,0.001,17.83,20.59,14.86,-17.16,46.39,-6.51
"2025-06-04","09:45:00",5984.81,"6 Jun 20 5855 P STO 32.25 | 6 Jun 20 6110 C STO 24.10 | 6 Jul 17 5825 P BTO 68.90 | 6 Jul 17 6150 C BTO 55.50",-6825,5967.84,"2025-06-20","16:00:00",-8880,"Expired",12287.28,30.005567765567765,6,1420745.52,64950,"",42.72,0.453,0.001,17.66,20.59,8.57,5.87,37.22,-6.37
"2025-06-03","09:45:00",5939.97,"6 Jun 18 5805 P STO 33.30 | 6 Jun 18 6060 C STO 25.70 | 6 Jul 17 5775 P BTO 72.30 | 6 Jul 17 6100 C BTO 60.20",-7370,5980.87,"2025-06-18","16:00:00",-10455,"Expired",18467.28,41.76227951153324,6,1408458.24,68220,"",42.72,0.445,0.001,18.35,20.27,2.62,1.41,53.12,-2.37
"2025-05-28","09:45:00",5936.86,"5 Jun 12 5800 P STO 33.40 | 5 Jun 12 6060 C STO 25.30 | 5 Jul 10 5750 P BTO 67.55 | 5 Jul 10 6100 C BTO 57.75",-6680,6045.26,"2025-06-12","16:00:00",-9920,"Expired",16164.4,48.396407185628746,5,1389990.96,58400,"",35.6,0.468,0.001,18.86,17.9,4,11.32,48.5,-9.51
"2025-05-21","09:45:00",5910.88,"6 Jun 5 5780 P STO 33.00 | 6 Jun 5 6040 C STO 23.00 | 6 Jun 30 5750 P BTO 67.25 | 6 Jun 30 6065 C BTO 55.55",-6700,5939.3,"2025-06-05","16:00:00",-7410,"Expired",4217.28,10.490746268656716,6,1373826.56,58200,"",42.72,0.456,0.001,18.71,18.57,-30.28,0.7,23.96,-14.7
"2025-05-20","09:45:00",5942.83,"6 Jun 4 5815 P STO 31.40 | 6 Jun 4 6070 C STO 22.70 | 6 Jun 30 5785 P BTO 65.90 | 6 Jun 30 6095 C BTO 56.55",-6855,5970.81,"2025-06-04","16:00:00",-7280,"Expired",2507.28,6.095988329686361,6,1369609.28,59130,"",42.72,0.442,0.001,18.14,17.57,-18.94,-1.83,19.62,-20.06
"2025-05-16","09:45:00",5917.92,"7 Jun 2 5790 P STO 30.85 | 7 Jun 2 6040 C STO 23.10 | 7 Jun 24 5750 P BTO 57.30 | 7 Jun 24 6075 C BTO 47.35",-5090,5935.94,"2025-06-02","16:00:00",-6410,"Expired",9190.16,25.793320235756383,7,1367102,63630,"",49.84,0.516,0.002,17.63,18.48,12.16,-11.17,47.05,-1.57
"2025-05-15","09:45:00",5876.57,"6 May 30 5745 P STO 32.60 | 6 May 30 6005 C STO 24.70 | 6 Jun 23 5700 P BTO 59.40 | 6 Jun 23 6050 C BTO 47.45",-4975,5911.69,"2025-05-30","16:00:00",-6445,"Expired",8777.28,29.404623115577895,6,1357911.84,56850,"",42.72,0.536,0.002,18.77,18.69,-22.76,6.75,48.34,-3.42
"2025-05-14","09:45:00",5894.1,"5 May 29 5765 P STO 31.35 | 5 May 29 6010 C STO 24.45 | 5 Jun 23 5700 P BTO 54.95 | 5 Jun 23 6100 C BTO 36.05",-3540,5912.17,"2025-05-29","16:00:00",-5750,"Expired",11014.4,62.228248587570626,5,1349134.56,62700,"",35.6,0.613,0.002,18.37,18.97,10.19,-2.64,88.7,-2.54
"2025-05-13","09:45:00",5860.01,"6 May 28 5740 P STO 28.10 | 6 May 28 5970 C STO 21.80 | 6 Jun 23 5700 P BTO 60.25 | 6 Jun 23 6000 C BTO 55.45",-6600,5888.55,"2025-05-28","16:00:00",-8940,"Expired",13997.28,35.34666666666667,6,1338120.16,63600,"",42.72,0.431,0.001,17.74,19.3,9.96,5.86,58.11,-1.89
"2025-02-12","09:45:00",6024.35,"7 Feb 27 5910 P STO 27.45 | 7 Feb 27 6125 C STO 19.70 | 7 Mar 24 5875 P BTO 52.60 | 7 Mar 24 6150 C BTO 48.75",-5440,5861.57,"2025-02-27","16:00:00",-6792,"Expired",9414.16,24.722058823529412,7,1324122.88,62580,"",49.84,0.465,0.394,16.4,21.1,-43.42,-0.73,61.4,-0.64
"2025-02-11","09:45:00",6053.16,"5 Feb 26 5950 P STO 25.95 | 5 Feb 26 6145 C STO 17.95 | 5 Mar 24 5900 P BTO 52.05 | 5 Mar 24 6175 C BTO 49.80",-5815,5956.06,"2025-02-26","16:00:00",-8900,"Expired",15389.4,52.93000859845228,5,1314708.72,54075,"",35.6,0.431,0.001,16.08,19.09,-17.12,3.84,55.89,-10.23
"2025-02-05","09:45:00",6028.84,"6 Feb 20 5910 P STO 28.85 | 6 Feb 20 6135 C STO 21.90 | 6 Mar 17 5875 P BTO 53.95 | 6 Mar 17 6200 C BTO 36.35",-3975,6117.52,"2025-02-20","16:00:00",-5180,"Expired",7187.28,30.135345911949685,6,1299319.32,62850,"",42.72,0.562,0.002,16.78,15.38,-17.43,8.39,34.59,-4.15
"2025-02-04","09:45:00",6001.5,"7 Feb 19 5880 P STO 31.60 | 7 Feb 19 6120 C STO 23.00 | 7 Mar 17 5850 P BTO 59.60 | 7 Mar 17 6150 C BTO 49.10",-5430,6144.15,"2025-02-19","16:00:00",-6435,"Expired",6985.16,18.377163904235726,7,1292132.04,59010,"",49.84,0.502,0.26,17.86,15.13,3.57,3.36,35.45,-0.55
"2025-01-29","09:45:00",6047.9,"7 Feb 13 5925 P STO 31.45 | 7 Feb 13 6165 C STO 23.50 | 7 Mar 10 5875 P BTO 49.65 | 7 Mar 10 6200 C BTO 42.00",-3690,6115.07,"2025-02-13","16:00:00",-5115,"Expired",9925.16,38.42493224932249,7,1285146.88,60830,"",49.84,0.6,0.002,16.95,15,-10,-9.8,42.41,-18.02
"2025-01-28","09:45:00",6004.39,"6 Feb 12 5870 P STO 33.40 | 6 Feb 12 6130 C STO 24.15 | 6 Mar 10 5800 P BTO 49.50 | 6 Mar 10 6175 C BTO 40.40",-3255,6051.97,"2025-02-12","16:00:00",-4515,"Expired",7517.28,38.49093701996927,6,1275221.72,61530,"",42.72,0.64,0.002,18.11,15.77,14.69,-22.58,58.22,-2.3
"2025-01-07","09:45:00",5993.3,"6 Jan 22 5890 P STO 25.35 | 6 Jan 22 6090 C STO 18.50 | 6 Feb 21 5860 P BTO 58.10 | 6 Feb 21 6115 C BTO 57.60",-7205,6086.37,"2025-01-22","16:00:00",-9610,"Expired",14387.28,33.280777238029145,6,1267704.44,61230,"",42.72,0.379,0.001,16.01,15.1,17.88,0.04,35.18,-54.48
"2024-12-27","09:45:00",5988.93,"7 Jan 13 5880 P STO 27.35 | 7 Jan 13 6090 C STO 19.65 | 7 Feb 4 5850 P BTO 52.00 | 7 Feb 4 6125 C BTO 43.70",-4890,5836.22,"2025-01-13","16:00:00",-4987,"Expired",629.16,1.838036809815951,7,1253317.16,58730,"",49.84,0.491,0.46,16.62,19.19,-31.42,-17.24,18.3,-57.16
"2024-12-24","09:45:00",5994.95,"4 Jan 8 5895 P STO 26.90 | 4 Jan 8 6090 C STO 17.70 | 4 Feb 3 5860 P BTO 53.85 | 4 Feb 3 6200 C BTO 24.10",-3355,5918.25,"2025-01-08","16:00:00",-6650,"Expired",13151.52,97.99940387481372,4,1252688,57420,"",28.48,0.572,0.002,16.68,17.61,10.56,10.32,105.07,-21.91
"2024-11-22","09:45:00",5967.32,"8 Dec 9 5860 P STO 26.50 | 8 Dec 9 6070 C STO 19.95 | 8 Dec 31 5830 P BTO 48.40 | 8 Dec 31 6095 C BTO 45.55",-4770,6052.85,"2024-12-09","16:00:00",-5810,"Expired",8263.04,21.653668763102726,8,1239536.48,62160,"",56.96,0.494,0.002,16.18,13.98,-4.35,22.96,23.69,-7.23
"2024-11-21","09:45:00",5911.41,"6 Dec 6 5800 P STO 27.00 | 6 Dec 6 6020 C STO 22.15 | 6 Dec 30 5750 P BTO 45.15 | 6 Dec 30 6050 C BTO 45.25",-4145,6090.27,"2024-12-06","16:00:00",-2423,"Expired",-10374.72,-41.71580217129071,6,1231273.44,54870,"",42.72,0.544,0.722,16.77,12.73,23.47,-29.17,15.92,-41.98
"2024-11-20","09:45:00",5896.49,"7 Dec 5 5790 P STO 26.50 | 7 Dec 5 6000 C STO 20.10 | 7 Dec 31 5760 P BTO 54.15 | 7 Dec 31 6025 C BTO 51.45",-5920,6075.11,"2024-12-05","16:00:00",-4244,"Expired",-11781.84,-28.431081081081082,7,1241648.16,62440,"",49.84,0.441,0.651,17.05,13.39,-2.64,-17.85,12.5,-41.22
"2024-11-19","09:45:00",5870.93,"7 Dec 4 5765 P STO 26.75 | 7 Dec 4 5975 C STO 19.25 | 7 Dec 31 5735 P BTO 54.45 | 7 Dec 31 6000 C BTO 50.90",-5955,6086.49,"2024-12-04","16:00:00",-3391,"Expired",-17997.84,-43.175818639798486,7,1253430,62685,"",49.84,0.437,0.767,16.52,13.43,-23.57,0.88,21.41,-43.49
"2024-11-06","09:45:00",5894.28,"4 Nov 21 5780 P STO 29.10 | 4 Nov 21 6000 C STO 23.30 | 4 Dec 19 5750 P BTO 56.05 | 4 Dec 19 6100 C BTO 31.25",-3510,5948.71,"2024-11-21","16:00:00",-5950,"Expired",9731.52,69.31282051282052,4,1271427.84,54040,"",28.48,0.6,0.002,16.16,16.83,82.13,29.39,88.75,-31.48
"2024-10-25","09:45:00",5844.45,"4 Nov 11 5705 P STO 35.30 | 4 Nov 11 5980 C STO 24.60 | 4 Dec 3 5675 P BTO 54.25 | 4 Dec 3 6100 C BTO 17.10",-1165,6001.35,"2024-11-11","16:00:00",-1655,"Expired",1931.52,41.44892703862661,4,1261696.32,52660,"",28.48,0.84,0.629,18.42,14.95,16.89,17.7,155.36,-47.21
"2024-10-23","09:45:00",5830.13,"6 Nov 7 5700 P STO 33.85 | 6 Nov 7 5960 C STO 27.30 | 6 Dec 5 5650 P BTO 56.40 | 6 Dec 5 6000 C BTO 45.60",-4105,5973.1,"2024-11-07","16:00:00",-7060,"Expired",17687.28,71.81193666260657,6,1259764.8,54630,"",42.72,0.6,0.155,18.69,15.2,-16.7,-4.37,75.4,-8.77
"2024-10-18","09:45:00",5857.62,"5 Nov 4 5760 P STO 25.75 | 5 Nov 4 5960 C STO 18.30 | 5 Nov 26 5730 P BTO 61.40 | 5 Nov 26 6000 C BTO 49.40",-6695,5712.69,"2024-11-04","16:00:00",-6689,"Expired",-65.6,-0.19596713965646,5,1242077.52,53475,"",35.6,0.398,0.41,18.85,22.05,17.96,-1.81,31.52,-10.68
"2024-10-01","09:45:00",5724.28,"4 Oct 16 5600 P STO 31.25 | 4 Oct 16 5835 C STO 25.30 | 4 Nov 15 5570 P BTO 75.75 | 4 Nov 15 5860 C BTO 75.90",-9530,5842.47,"2024-10-16","16:00:00",-12763,"Expired",12903.52,33.849737670514166,4,1242143.12,50120,"",28.48,0.373,0.055,18.58,19.45,-4.75,-33.45,37.83,-6.35
"2024-09-20","09:45:00",5701.46,"6 Oct 7 5600 P STO 27.00 | 6 Oct 7 5810 C STO 18.35 | 6 Oct 29 5550 P BTO 43.90 | 6 Oct 29 5850 C BTO 36.80",-3555,5695.94,"2024-10-07","16:00:00",-6070,"Expired",15047.28,70.5451476793249,6,1229239.6,51330,"",42.72,0.562,0.002,16.15,22.71,-4,-8.18,83.12,-6.33
"2024-09-19","09:45:00",5697.83,"4 Oct 4 5590 P STO 27.70 | 4 Oct 4 5800 C STO 21.75 | 4 Oct 28 5560 P BTO 47.30 | 4 Oct 28 5900 C BTO 24.00",-2205,5751.07,"2024-10-04","16:00:00",-4305,"Expired",8371.52,94.91519274376418,4,1214192.32,48820,"",28.48,0.694,0.002,16.63,18.64,84.37,-4.8,146.71,-11.56
"2024-09-18","09:45:00",5637.22,"6 Oct 3 5525 P STO 29.65 | 6 Oct 3 5750 C STO 21.20 | 6 Oct 31 5495 P BTO 57.50 | 6 Oct 31 5775 C BTO 54.70",-6155,5699.94,"2024-10-03","16:00:00",-10095,"Expired",23597.28,63.89731925264013,6,1205820.8,54930,"",42.72,0.453,0.001,18.44,20.57,7.1,-4.46,64.01,-15.43
"2024-09-17","09:45:00",5656.61,"5 Oct 2 5545 P STO 27.60 | 5 Oct 2 5760 C STO 20.80 | 5 Oct 31 5515 P BTO 57.10 | 5 Oct 31 5785 C BTO 58.55",-6745,5709.54,"2024-10-02","16:00:00",-9635,"Expired",14414.4,42.740993328391404,5,1182223.52,48725,"",35.6,0.419,0.001,17.19,19.01,22.42,1.1,50.11,-10.97
"2024-09-13","09:45:00",5614.63,"6 Sep 30 5500 P STO 29.00 | 6 Sep 30 5720 C STO 20.45 | 6 Oct 22 5450 P BTO 46.55 | 6 Oct 22 5750 C BTO 45.15",-4245,5762.48,"2024-09-30","16:00:00",-5347,"Expired",6569.28,25.792226148409892,6,1167809.12,55470,"",42.72,0.539,0.428,16.86,16.47,7.58,11.29,70.79,-2
"2024-09-12","09:45:00",5555.57,"7 Sep 27 5430 P STO 31.00 | 7 Sep 27 5665 C STO 22.30 | 7 Oct 21 5400 P BTO 53.20 | 7 Oct 21 5700 C BTO 45.30",-4540,5738.17,"2024-09-27","16:00:00",-4458,"Expired",-623.84,-1.9629955947136564,7,1161239.84,56280,"",49.84,0.541,0.607,17.98,16.8,3.35,-1.91,17.29,-35.02
"2024-09-03","09:45:00",5606.39,"6 Sep 18 5495 P STO 28.95 | 6 Sep 18 5715 C STO 19.75 | 6 Oct 18 5465 P BTO 55.25 | 6 Oct 18 5740 C BTO 51.45",-5820,5618.26,"2024-09-18","16:00:00",-8640,"Expired",16877.28,48.33127147766322,6,1161863.68,52920,"",42.72,0.456,0.001,16.95,18.36,-24.51,-17.5,53.52,-51.37
"2024-08-27","09:45:00",5599.11,"6 Sep 11 5495 P STO 26.05 | 6 Sep 11 5705 C STO 20.85 | 6 Oct 7 5450 P BTO 46.75 | 6 Oct 7 5750 C BTO 38.60",-3865,5554.13,"2024-09-11","16:00:00",-6105,"Expired",13397.28,57.77179818887451,6,1144986.4,50190,"",42.72,0.55,0.002,16.65,17.77,-13.95,-3.78,74.77,-39.07
"2024-08-23","09:45:00",5604.91,"7 Sep 9 5495 P STO 27.55 | 7 Sep 9 5710 C STO 20.70 | 7 Oct 1 5460 P BTO 47.15 | 7 Oct 1 5750 C BTO 36.50",-3560,5471.05,"2024-09-09","16:00:00",-5625,"Expired",14405.16,57.80561797752809,7,1131589.12,52920,"",49.84,0.577,0.309,16.98,19.59,31.85,2.42,62.36,-27.25
"2024-08-22","09:45:00",5638.42,"7 Sep 6 5535 P STO 25.85 | 7 Sep 6 5740 C STO 20.35 | 7 Sep 30 5505 P BTO 45.15 | 7 Sep 30 5765 C BTO 41.25",-4040,5408.42,"2024-09-06","16:00:00",-1222,"Expired",-19775.84,-69.92871287128712,7,1117183.96,49280,"",49.84,0.535,0.899,16.06,22.08,16.92,0.65,17.82,-83.54
"2024-08-21","09:45:00",5612.31,"7 Sep 5 5510 P STO 25.20 | 7 Sep 5 5710 C STO 20.50 | 7 Sep 30 5480 P BTO 47.60 | 7 Sep 30 5735 C BTO 45.45",-4755,5503.41,"2024-09-05","16:00:00",-7676,"Expired",20397.16,61.28033648790747,7,1136959.8,54285,"",49.84,0.491,0.101,16.28,19.98,5.97,9.22,61.43,-1.37
"2024-08-01","09:45:00",5563.92,"7 Aug 16 5455 P STO 28.30 | 7 Aug 16 5675 C STO 21.40 | 7 Sep 9 5425 P BTO 46.90 | 7 Sep 9 5700 C BTO 44.15",-4155,5554.25,"2024-08-16","16:00:00",-3960,"Expired",-1414.84,-4.864500601684717,7,1116562.64,50085,"",49.84,0.546,0.003,16.09,14.78,15.54,26.08,8.42,-220.22
"2024-07-31","09:45:00",5495.06,"5 Aug 15 5380 P STO 28.90 | 5 Aug 15 5615 C STO 22.60 | 5 Sep 9 5350 P BTO 47.25 | 5 Sep 9 5700 C BTO 27.70",-2365,5543.22,"2024-08-15","16:00:00",-3240,"Expired",4339.4,36.6968287526427,5,1117977.48,54325,"",35.6,0.687,0.003,16.5,15.18,69.15,-10.53,809.3,-101.27
"2024-07-30","09:45:00",5482.05,"4 Aug 14 5370 P STO 27.55 | 4 Aug 14 5600 C STO 23.45 | 4 Sep 9 5340 P BTO 47.40 | 4 Sep 9 5700 C BTO 26.05",-2265,5455.21,"2024-08-14","16:00:00",-3965,"Expired",6771.52,74.74083885209714,4,1113638.08,49060,"",28.48,0.694,0.003,16.37,16.28,15.19,3.32,129.14,-121.85
"2024-07-26","09:45:00",5447.15,"7 Aug 12 5335 P STO 30.05 | 7 Aug 12 5570 C STO 22.85 | 7 Sep 3 5300 P BTO 48.20 | 7 Sep 3 5600 C BTO 42.95",-3845,5344.39,"2024-08-12","16:00:00",-7245,"Expired",23750.16,88.24135240572171,7,1106866.56,51415,"",49.84,0.58,0.001,17.3,20.57,34.45,13.48,95.19,-214.3
"2024-07-19","09:45:00",5547.13,"7 Aug 5 5445 P STO 27.10 | 7 Aug 5 5660 C STO 20.90 | 7 Aug 27 5400 P BTO 41.90 | 7 Aug 27 5700 C BTO 35.65",-2975,5186.33,"2024-08-05","16:00:00",937,"Expired",-27433.84,-131.73512605042018,7,1083116.4,52325,"",49.84,0.619,1.036,16.11,38.56,-1.22,3.76,60.5,-225.71
"2024-04-12","09:45:00",5169.57,"7 Apr 29 5065 P STO 27.75 | 7 Apr 29 5275 C STO 20.50 | 7 May 21 5025 P BTO 44.00 | 7 May 21 5300 C BTO 43.45",-3940,5116.17,"2024-04-29","16:00:00",-3775,"Expired",-1204.84,-4.368527918781726,7,1110550.24,55580,"",49.84,0.552,0.003,16.69,14.66,-27.55,-1.94,9.14,-82.87
"2024-04-11","09:45:00",5160.34,"7 Apr 26 5060 P STO 26.15 | 7 Apr 26 5265 C STO 20.15 | 7 May 20 5030 P BTO 44.30 | 7 May 20 5300 C BTO 38.70",-3690,5099.96,"2024-04-26","16:00:00",-4340,"Expired",4500.16,17.42222222222222,7,1111755.08,50330,"",49.84,0.558,0.002,16.15,15.01,12.31,-12.61,26.29,-57.99
"2024-04-05","09:45:00",5171.72,"6 Apr 22 5070 P STO 25.20 | 6 Apr 22 5275 C STO 19.70 | 6 May 14 5025 P BTO 39.20 | 6 May 14 5300 C BTO 42.45",-3695,5010.6,"2024-04-22","16:00:00",-1335,"Expired",-14202.72,-64.06278755074425,6,1107254.92,49170,"",42.72,0.55,0.817,16.26,16.82,11.74,12.77,23.55,-104.47
"2023-08-11","09:45:00",4448.78,"7 Aug 28 4355 P STO 22.55 | 7 Aug 28 4535 C STO 18.10 | 7 Sep 22 4325 P BTO 43.85 | 7 Sep 22 4560 C BTO 39.10",-4250,4433.31,"2023-08-28","16:00:00",-4000,"Expired",-1799.84,-6.049882352941176,7,1121457.64,50750,"",49.84,0.49,0.002,16.22,15.13,-18.14,-1.91,13.41,-14.47
"2023-08-08","09:45:00",4482.3,"6 Aug 23 4390 P STO 22.05 | 6 Aug 23 4565 C STO 15.85 | 6 Sep 22 4360 P BTO 48.45 | 6 Sep 22 4590 C BTO 44.85",-5560,4436.01,"2023-08-23","16:00:00",-5400,"Expired",-1002.72,-3.0057553956834533,6,1123257.48,51360,"",42.72,0.406,0.002,17.19,15.98,-20.41,-15.73,2.25,-33.36
"2023-08-03","09:45:00",4491.56,"6 Aug 18 4400 P STO 22.75 | 6 Aug 18 4575 C STO 17.30 | 6 Sep 11 4350 P BTO 36.40 | 6 Sep 11 4600 C BTO 35.25",-3180,4369.71,"2023-08-18","16:00:00",-2226,"Expired",-5766.72,-30.223899371069184,6,1124260.2,49080,"",42.72,0.559,0.559,17.08,17.32,-19.12,-2.71,12.11,-62.26
"2023-06-01","09:45:00",4176.7,"9 Jun 16 4090 P STO 22.50 | 9 Jun 16 4255 C STO 16.15 | 9 Jul 10 4060 P BTO 37.40 | 9 Jul 10 4300 C BTO 22.20",-2115,4409.59,"2023-06-16","16:00:00",1779,"Expired",-35110.08,-184.4501182033097,9,1130026.92,59535,"",64.08,0.648,1.121,17.23,13.55,3.2,-6.33,21.99,-206.38
"2023-05-31","09:45:00",4192.24,"8 Jun 15 4100 P STO 22.95 | 8 Jun 15 4280 C STO 15.95 | 8 Jul 14 4070 P BTO 44.60 | 8 Jul 14 4310 C BTO 34.25",-4015,4425.84,"2023-06-15","16:00:00",-1166,"Expired",-22848.96,-71.13623910336239,8,1165137,56120,"",56.96,0.493,0.917,17.72,14.39,-14.78,1.5,3.36,-80.32
"2023-05-30","09:45:00",4222.99,"8 Jun 14 4130 P STO 22.30 | 8 Jun 14 4300 C STO 17.15 | 8 Jul 14 4100 P BTO 43.55 | 8 Jul 14 4325 C BTO 38.70",-4300,4372.59,"2023-06-14","16:00:00",-3226,"Expired",-8648.96,-25.142325581395347,8,1187985.96,58400,"",56.96,0.48,0.694,17.22,13.87,21.26,-3.72,12.33,-30.35
"2023-05-26","09:45:00",4176.38,"8 Jun 12 4080 P STO 23.35 | 8 Jun 12 4255 C STO 16.65 | 8 Jul 7 4050 P BTO 45.00 | 8 Jul 7 4280 C BTO 35.70",-4090,4338.93,"2023-06-12","16:00:00",-2482,"Expired",-12920.96,-39.48948655256723,8,1196634.92,56720,"",56.96,0.496,0.789,18.24,14.86,4.88,20.22,17.97,-43.28
"2023-05-23","09:45:00",4177.81,"7 Jun 7 4090 P STO 21.60 | 7 Jun 7 4255 C STO 15.35 | 7 Jul 3 4060 P BTO 43.75 | 7 Jul 3 4280 C BTO 34.80",-4180,4267.52,"2023-06-07","16:00:00",-4638,"Expired",3156.16,10.786602870813397,7,1209555.88,50260,"",49.84,0.47,0.225,17.97,13.92,-15.83,1.01,17.94,-19.14
"2023-05-19","09:45:00",4210.86,"8 Jun 5 4130 P STO 19.05 | 8 Jun 5 4285 C STO 14.45 | 8 Jun 30 4100 P BTO 39.15 | 8 Jun 30 4310 C BTO 33.00",-3885,4273.79,"2023-06-05","16:00:00",-5440,"Expired",12383.04,39.84247104247105,8,1206399.72,55080,"",56.96,0.464,0.002,16.03,14.74,6.1,6.71,44.4,-22.01
"2023-05-18","09:45:00",4156.64,"8 Jun 2 4075 P STO 20.45 | 8 Jun 2 4230 C STO 14.95 | 8 Jun 26 4045 P BTO 39.65 | 8 Jun 26 4260 C BTO 29.60",-3405,4282.37,"2023-06-02","16:00:00",-2143,"Expired",-10152.96,-37.27224669603524,8,1194016.68,51240,"",56.96,0.511,0.724,16.91,14.56,-1.09,-1.04,41.41,-37.89
"2023-05-17","09:45:00",4126.44,"7 Jun 1 4045 P STO 19.90 | 7 Jun 1 4195 C STO 13.75 | 7 Jun 26 4015 P BTO 43.00 | 7 Jun 26 4220 C BTO 34.65",-4420,4221.02,"2023-06-01","16:00:00",-4523,"Expired",671.16,2.169230769230769,7,1204169.64,51940,"",49.84,0.433,0.349,17.4,15.76,12.95,3.59,35.97,-13.57
"2023-05-16","09:45:00",4133.81,"7 May 31 4055 P STO 19.15 | 7 May 31 4200 C STO 13.00 | 7 Jun 26 4025 P BTO 43.90 | 7 Jun 26 4225 C BTO 35.95",-4790,4179.83,"2023-05-31","16:00:00",-6525,"Expired",12095.16,36.07265135699373,7,1203498.48,54530,"",49.84,0.403,0.002,17.32,17.68,-8.33,5.86,37.79,-9.92
"2023-05-12","09:45:00",4142.31,"7 May 30 4060 P STO 19.45 | 7 May 30 4210 C STO 14.65 | 7 Jun 23 4030 P BTO 44.60 | 7 Jun 23 4240 C BTO 35.60",-4630,4205.52,"2023-05-30","16:00:00",-6680,"Expired",14300.16,44.12267818574514,7,1191403.32,53410,"",49.84,0.425,0.001,16.43,17.57,7.92,3.77,44.28,-11.45
"2023-05-11","09:45:00",4123.52,"6 May 26 4035 P STO 22.10 | 6 May 26 4200 C STO 14.55 | 6 Jun 23 4000 P BTO 49.35 | 6 Jun 23 4225 C BTO 39.65",-5255,4205.45,"2023-05-26","16:00:00",-7545,"Expired",13697.28,43.44205518553758,6,1177103.16,52530,"",42.72,0.412,0.069,17.7,18.02,-5.4,-8.72,45.2,-10.85
"2023-05-10","09:45:00",4133.07,"6 May 25 4050 P STO 21.25 | 6 May 25 4205 C STO 15.20 | 6 Jun 23 4020 P BTO 50.35 | 6 Jun 23 4230 C BTO 42.15",-5625,4151.28,"2023-05-25","16:00:00",-7000,"Expired",8207.28,24.317866666666667,6,1163405.88,51750,"",42.72,0.394,0.001,17.05,19.07,24.57,-10.67,30.84,-7.64
"2023-05-09","09:45:00",4121.35,"6 May 24 4030 P STO 21.55 | 6 May 24 4195 C STO 15.15 | 6 Jun 23 4000 P BTO 52.40 | 6 Jun 23 4220 C BTO 45.00",-6090,4115.24,"2023-05-24","16:00:00",-7220,"Expired",6737.28,18.438095238095237,6,1155198.6,54540,"",42.72,0.377,0.001,17.68,20.06,-13.87,-2.9,25.86,-10.26
"2023-05-05","09:45:00",4112.86,"6 May 22 4015 P STO 23.60 | 6 May 22 4190 C STO 16.90 | 6 Jun 16 3985 P BTO 50.35 | 6 Jun 16 4215 C BTO 42.05",-5210,4192.63,"2023-05-22","16:00:00",-7127,"Expired",11459.28,36.65796545105566,6,1148461.32,49260,"",42.72,0.438,0.031,17.89,17.26,23.51,28.13,37.62,-6.43
"2023-05-03","09:45:00",4127.23,"6 May 18 4030 P STO 24.10 | 6 May 18 4210 C STO 16.75 | 6 Jun 16 4000 P BTO 51.45 | 6 Jun 16 4235 C BTO 41.45",-5225,4198.05,"2023-05-18","16:00:00",-6705,"Expired",8837.28,28.189090909090915,6,1137002.04,49350,"",42.72,0.44,0.001,17.91,16.19,2.67,4.98,31.2,-11.67
"2023-05-02","09:45:00",4151.9,"6 May 17 4065 P STO 21.85 | 6 May 17 4230 C STO 14.75 | 6 Jun 16 4035 P BTO 49.85 | 6 Jun 16 4255 C BTO 41.35",-5480,4158.77,"2023-05-17","16:00:00",-5575,"Expired",527.28,1.6036496350364964,6,1128164.76,50880,"",42.72,0.401,0.002,16.93,16.81,-3.77,-12.2,15.69,-21.62
"2023-04-28","09:45:00",4133.06,"7 May 15 4040 P STO 22.00 | 7 May 15 4215 C STO 15.70 | 7 Jun 9 4010 P BTO 42.05 | 7 Jun 9 4240 C BTO 33.35",-3790,4136.28,"2023-05-15","16:00:00",-3920,"Expired",860.16,3.24221635883905,7,1127637.48,47530,"",49.84,0.5,0.003,16.71,17.13,-5.72,3.43,31.66,-3.03
"2023-04-27","09:45:00",4081.48,"8 May 12 3980 P STO 24.25 | 8 May 12 4165 C STO 17.15 | 8 Jun 5 3950 P BTO 41.25 | 8 Jun 5 4200 C BTO 27.60",-2765,4124.08,"2023-05-12","16:00:00",-3590,"Expired",6543.04,29.57974683544304,8,1126777.32,50120,"",56.96,0.601,0.003,17.87,16.87,19.3,6.19,56.06,-25.32
"2023-04-26","09:45:00",4076.52,"6 May 11 3975 P STO 25.60 | 6 May 11 4170 C STO 17.55 | 6 Jun 9 3940 P BTO 49.25 | 6 Jun 9 4200 C BTO 36.45",-4275,4130.62,"2023-05-11","16:00:00",-5310,"Expired",6167.28,24.04397660818713,6,1120234.28,46650,"",42.72,0.504,0.002,18.91,16.89,16.15,-11.26,38.13,-15.32
"2023-04-25","09:45:00",4122.08,"7 May 10 4030 P STO 23.45 | 7 May 10 4210 C STO 16.40 | 7 Jun 9 4000 P BTO 47.20 | 7 Jun 9 4240 C BTO 35.10",-4265,4137.64,"2023-05-10","16:00:00",-5110,"Expired",5865.16,19.64548651817116,7,1114067,50855,"",49.84,0.484,0.002,17.33,16.91,-10.61,-4.35,37.63,-11.37
"2023-04-21","09:45:00",4131.35,"8 May 8 4040 P STO 23.30 | 8 May 8 4215 C STO 17.05 | 8 May 31 4010 P BTO 40.60 | 8 May 31 4240 C BTO 30.25",-3070,4138.12,"2023-05-08","16:00:00",-3470,"Expired",3143.04,12.797394136807819,8,1108201.84,48560,"",56.96,0.57,0.003,16.81,16.98,2.35,-0.79,47.88,-11.56
"2023-04-20","09:45:00",4131.89,"8 May 5 4040 P STO 22.40 | 8 May 5 4220 C STO 16.45 | 8 May 31 4010 P BTO 40.70 | 8 May 31 4245 C BTO 30.80",-3285,4136.25,"2023-05-05","16:00:00",-4020,"Expired",5823.04,22.157686453576865,8,1105058.8,50280,"",56.96,0.543,0.002,16.97,16.99,-24.04,1.41,54.79,-10.05
"2023-04-19","09:45:00",4135.5,"8 May 4 4050 P STO 21.85 | 8 May 4 4220 C STO 17.15 | 8 May 31 4020 P BTO 41.75 | 8 May 31 4245 C BTO 33.90",-3685,4061.22,"2023-05-04","16:00:00",-6470,"Expired",22223.04,75.38344640434192,8,1099235.76,53480,"",56.96,0.516,0.002,16.82,20.06,-15.54,-3.83,76.53,-8.41
"2023-04-18","09:45:00",4166.06,"7 May 3 4085 P STO 20.75 | 7 May 3 4250 C STO 16.15 | 7 May 31 4055 P BTO 42.60 | 7 May 31 4275 C BTO 36.00",-4190,4090.75,"2023-05-03","16:00:00",-6110,"Expired",13390.16,45.65346062052505,7,1077012.72,50330,"",49.84,0.469,0.002,16.86,18.65,12.94,1.8,46.06,-32.82
"2023-04-14","09:45:00",4155.26,"6 May 1 4075 P STO 20.45 | 6 May 1 4240 C STO 15.45 | 6 May 26 4045 P BTO 47.40 | 6 May 26 4270 C BTO 40.00",-5170,4167.87,"2023-05-01","16:00:00",-4110,"Expired",-6402.72,-20.640618955512576,6,1063622.56,49020,"",42.72,0.411,0.002,17.65,16.13,-6.11,15.15,1.06,-27.18
"2023-04-13","09:45:00",4103.89,"5 Apr 28 4020 P STO 21.55 | 5 Apr 28 4185 C STO 16.65 | 5 May 26 3990 P BTO 51.40 | 5 May 26 4210 C BTO 46.65",-6005,4169.48,"2023-04-28","16:00:00",-6225,"Expired",1064.4,3.545045795170691,5,1070025.28,45025,"",35.6,0.39,0.002,18.65,15.9,8.09,3.85,4.5,-10.49
"2023-04-12","09:45:00",4124.35,"5 Apr 27 4040 P STO 20.70 | 5 Apr 27 4210 C STO 16.25 | 5 May 26 4010 P BTO 52.65 | 5 May 26 4240 C BTO 45.45",-6135,4135.35,"2023-04-27","16:00:00",-5255,"Expired",-4435.6,-14.459983700081501,5,1068960.88,45675,"",35.6,0.377,0.002,18.84,16.99,12.78,2.63,1.87,-16.38
"2023-03-31","09:45:00",4068.94,"6 Apr 17 3970 P STO 23.95 | 6 Apr 17 4160 C STO 18.05 | 6 May 12 3940 P BTO 50.35 | 6 May 12 4190 C BTO 44.95",-5350,4151.32,"2023-04-17","16:00:00",-6355,"Expired",5987.28,18.65196261682243,6,1073396.48,50100,"",42.72,0.441,0.002,18.82,16.94,5.35,12.76,22.15,-0.47
"2023-03-07","09:45:00",4045.27,"7 Mar 22 3935 P STO 26.75 | 7 Mar 22 4150 C STO 23.05 | 7 Apr 21 3905 P BTO 46.65 | 7 Apr 21 4175 C BTO 46.75",-4380,3936.97,"2023-03-22","16:00:00",-8560,"Expired",29210.16,95.27123287671233,7,1067409.2,51660,"",49.84,0.533,0.001,18.74,22.3,-0.16,-2.99,95.43,-55.71
"2023-02-15","09:45:00",4118.8,"5 Mar 2 4025 P STO 22.60 | 5 Mar 2 4210 C STO 17.30 | 5 Mar 31 3995 P BTO 54.80 | 5 Mar 31 4235 C BTO 50.90",-6600,3981.35,"2023-03-02","16:00:00",-4810,"Expired",-8985.6,-27.229090909090907,5,1038199.04,48000,"",35.6,0.377,0.473,18.7,19.69,-16.63,-0.7,4.17,-64.17
"2023-02-08","09:45:00",4155.04,"5 Feb 23 4055 P STO 24.30 | 5 Feb 23 4255 C STO 19.55 | 5 Mar 24 4025 P BTO 55.25 | 5 Mar 24 4280 C BTO 49.20",-6080,4012.32,"2023-02-23","16:00:00",-5172,"Expired",-4575.6,-15.051315789473685,5,1047184.64,45400,"",35.6,0.42,0.452,18.69,21.11,-10.53,1.57,16.53,-46.46
"2023-02-03","09:45:00",4148.01,"6 Feb 21 4040 P STO 24.65 | 6 Feb 21 4245 C STO 21.00 | 6 Mar 17 4010 P BTO 47.25 | 6 Mar 17 4270 C BTO 42.70",-4450,3997.34,"2023-02-21","16:00:00",-4754,"Expired",1781.28,6.671460674157304,6,1051760.24,44700,"",42.72,0.508,0.469,18.31,22.97,-43.07,11.32,42.47,-7.53
"2023-02-02","09:45:00",4149.64,"6 Feb 17 4050 P STO 24.60 | 6 Feb 17 4245 C STO 20.50 | 6 Mar 13 4020 P BTO 39.95 | 6 Mar 13 4300 C BTO 26.05",-2110,4079.09,"2023-02-17","16:00:00",-4980,"Expired",17177.28,135.68151658767772,6,1049978.96,45660,"",42.72,0.683,0.002,17.48,19.87,39.47,-9.04,151.66,-14.69
"2023-01-27","09:45:00",4056.19,"6 Feb 13 3955 P STO 24.75 | 6 Feb 13 4160 C STO 19.00 | 6 Mar 10 3925 P BTO 45.85 | 6 Mar 10 4200 C BTO 33.90",-3620,4137.29,"2023-02-13","16:00:00",-7225,"Expired",21587.28,99.38895027624308,6,1032801.68,45720,"",42.72,0.549,0.001,18.45,20.38,-6.71,2.47,105.11,-2.9
"2023-01-13","09:45:00",3953.05,"5 Jan 30 3865 P STO 21.50 | 5 Jan 30 4045 C STO 17.80 | 5 Feb 24 3830 P BTO 48.50 | 5 Feb 24 4070 C BTO 47.10",-5650,4017.77,"2023-01-30","16:00:00",-7900,"Expired",11214.4,39.69699115044248,5,1011214.4,45750,"",35.6,0.411,0.001,18.94,20,-22.57,-7.55,45.84,-1.24
