"Date Opened","Time Opened","Opening Price","Legs","Premium","Closing Price","Date Closed","Time Closed","Avg. Closing Cost","Reason For Close","P/L","P/L %","No. of Contracts","Funds at Close","Margin Req.","Strategy","Opening Commissions + Fees","Closing Commissions + Fees","Opening Short/Long Ratio","Closing Short/Long Ratio","Gap","Movement","Max Profit","Max Loss"
"2026-03-03","10:08:00",6735.64,"47 Mar 5 6625 P STO 25.50 | 47 Mar 5 6890 C STO 5.00 | 47 Mar 10 6625 P BTO 55.55 | 47 Mar 10 6890 C BTO 21.10",-4625,6827.81,"2026-03-05","15:55:00",-3800,"Exited at Specified Time",-39256.28,-18.059243243243245,47,2140058.32,217375,"",334.64,146.64,0.398,0.003,-81.36,-64.62,4.86,-20.65
"2026-02-24","10:08:00",6845.77,"66 Feb 26 6755 P STO 19.40 | 66 Feb 26 6960 C STO 4.20 | 66 Mar 3 6755 P BTO 39.85 | 66 Mar 3 6960 C BTO 17.55",-3390,6906.23,"2026-02-26","15:55:00",-2480,"Exited at Specified Time",-60735.84,-27.145722713864306,66,2179314.6,223740,"",469.92,205.92,0.411,0.004,-0.38,8.4,3.39,-27.29
"2026-02-17","10:08:00",6793.06,"65 Feb 19 6695 P STO 20.95 | 65 Feb 19 6930 C STO 4.70 | 65 Feb 24 6695 P BTO 42.85 | 65 Feb 24 6930 C BTO 17.35",-3465,6856.11,"2026-02-19","15:55:00",-2785,"Exited at Specified Time",-44865.6,-19.920346320346322,65,2240050.44,225225,"",462.8,202.8,0.426,0.004,-16.31,-26.8,7.5,-19.34
"2026-02-10","10:08:00",6983.96,"101 Feb 12 6925 P STO 13.90 | 101 Feb 12 7055 C STO 2.75 | 101 Feb 17 6925 P BTO 26.60 | 101 Feb 17 7055 C BTO 12.20",-2225,6903.09,"2026-02-12","11:02:00",-2420,"Above Delta",18660.76,8.3038202247191,101,2284916.04,224725,"",719.12,315.12,0.429,0.544,9.67,9.47,16.63,-16.63
"2026-02-03","10:08:00",6943.12,"85 Feb 5 6880 P STO 14.80 | 85 Feb 5 7030 C STO 3.15 | 85 Feb 10 6880 P BTO 30.55 | 85 Feb 10 7030 C BTO 13.70",-2640,6811.1,"2026-02-05","09:32:00",-2700,"Above Delta",4229.6,1.884848484848485,85,2266255.28,224400,"",605.2,265.2,0.406,0.731,9.01,-42.33,25.19,-2.27
"2026-01-27","10:08:00",6971.81,"97 Jan 29 6910 P STO 12.80 | 97 Jan 29 7050 C STO 2.75 | 97 Feb 3 6910 P BTO 25.35 | 97 Feb 3 7050 C BTO 12.80",-2270,6881.59,"2026-01-29","10:51:00",-2700,"Above Delta",40716.72,18.491629955947136,97,2262025.68,220190,"",690.64,302.64,0.408,0.57,15.73,5.85,38.11,-0.44
"2026-01-20","10:08:00",6839.74,"83 Jan 22 6765 P STO 17.25 | 83 Jan 22 6955 C STO 3.75 | 83 Jan 27 6765 P BTO 34.75 | 83 Jan 27 6955 C BTO 13.80",-2765,6911.34,"2026-01-22","15:55:00",-1645,"Exited at Specified Time",-93809.92,-40.87667269439421,83,2221308.96,229495,"",590.96,258.96,0.433,0.006,-74.77,-25.5,3.25,-46.29
"2026-01-13","10:08:00",6963.47,"149 Jan 15 6915 P STO 11.90 | 149 Jan 15 7040 C STO 2.40 | 149 Jan 20 6915 P BTO 21.20 | 149 Jan 20 7040 C BTO 8.40",-1540,6944.03,"2026-01-15","15:55:00",-1645,"Exited at Specified Time",14119.24,6.153246753246753,149,2315118.88,229460,"",1060.88,464.88,0.483,0.006,0.14,-13.94,35.06,-28.57
"2026-01-06","10:08:00",6930.58,"78 Jan 8 6890 P STO 8.80 | 78 Jan 8 6985 C STO 1.90 | 78 Jan 13 6890 P BTO 24.10 | 78 Jan 13 6985 C BTO 15.70",-2920,6923.2,"2026-01-08","15:55:00",-3180,"Exited at Specified Time",19481.28,8.553424657534245,78,2300999.64,227760,"",555.36,243.36,0.269,0.003,5.98,22.55,34.08,-1.71
"2025-12-16","10:08:00",6817.1,"99 Dec 18 6755 P STO 14.30 | 99 Dec 18 6915 C STO 3.10 | 99 Dec 23 6755 P BTO 28.15 | 99 Dec 23 6915 C BTO 11.55",-2240,6782.79,"2025-12-18","15:55:00",-2735,"Exited at Specified Time",47991.24,21.64107142857143,99,2281518.36,221760,"",704.88,308.88,0.438,0.004,-16.39,16.98,43.3,-12.28
"2025-12-09","10:08:00",6854.66,"83 Dec 11 6790 P STO 14.95 | 83 Dec 11 6955 C STO 3.45 | 83 Dec 16 6790 P BTO 31.30 | 83 Dec 16 6955 C BTO 14.90",-2790,6897.26,"2025-12-11","15:55:00",-1515,"Exited at Specified Time",-106674.92,-46.06594982078853,83,2233527.12,231570,"",590.96,258.96,0.398,0.007,-5.9,14.05,1.61,-45.34
"2025-12-02","10:08:00",6843.41,"94 Dec 4 6795 P STO 11.90 | 94 Dec 4 6920 C STO 2.90 | 94 Dec 9 6795 P BTO 26.80 | 94 Dec 9 6920 C BTO 13.30",-2540,6849.21,"2025-12-04","15:55:00",-1785,"Exited at Specified Time",-71932.56,-30.12755905511811,94,2340202.04,238760,"",669.28,293.28,0.369,0.006,18.33,12.45,2.36,-31.1
"2025-11-18","10:08:00",6601.72,"67 Nov 20 6490 P STO 26.25 | 67 Nov 20 6775 C STO 6.35 | 67 Nov 25 6490 P BTO 47.85 | 67 Nov 25 6775 C BTO 18.70",-3405,6543.82,"2025-11-20","15:55:00",-5255,"Exited at Specified Time",123263.92,54.03113069016152,67,2412134.6,228135,"",477.04,209.04,0.49,0.002,-31.22,-39.47,69.75,-11.6
"2025-11-11","10:08:00",6814.94,"83 Nov 13 6760 P STO 12.00 | 83 Nov 13 6900 C STO 2.70 | 83 Nov 18 6760 P BTO 27.60 | 83 Nov 18 6900 C BTO 13.20",-2620,6740.41,"2025-11-13","13:36:00",-3795,"Above Delta",96675.08,44.45648854961832,83,2288870.68,217460,"",590.96,258.96,0.36,0.398,-16.79,-0.7,46.56,-1.91
"2025-11-04","10:08:00",6810.96,"82 Nov 6 6745 P STO 15.50 | 82 Nov 6 6905 C STO 3.40 | 82 Nov 11 6745 P BTO 30.45 | 82 Nov 11 6905 C BTO 14.60",-2625,6724.53,"2025-11-06","11:26:00",-2940,"Above Delta",24990.32,11.609904761904762,82,2192195.6,215250,"",583.84,255.84,0.42,0.484,-63.45,22.44,15.81,-20.76
"2025-10-28","10:08:00",6880.04,"100 Oct 30 6815 P STO 14.70 | 100 Oct 30 6980 C STO 3.40 | 100 Nov 4 6815 P BTO 26.50 | 100 Nov 4 6980 C BTO 11.70",-2020,6825.89,"2025-10-30","15:55:00",-3380,"Exited at Specified Time",134976,66.81980198019802,100,2167205.28,202000,"",712,312,0.474,0.01,22.58,-17.7,69.06,-2.23
"2025-10-21","10:08:00",6730.29,"66 Oct 23 6675 P STO 12.20 | 66 Oct 23 6805 C STO 2.55 | 66 Oct 28 6675 P BTO 29.40 | 66 Oct 28 6805 C BTO 16.50",-3125,6739.94,"2025-10-23","15:55:00",-2305,"Exited at Specified Time",-54795.84,-26.56768,66,2032229.28,206250,"",469.92,205.92,0.321,0.004,1.62,-6.46,0,-27.84
"2025-10-14","10:08:00",6599.57,"65 Oct 16 6515 P STO 19.40 | 65 Oct 16 6710 C STO 3.95 | 65 Oct 21 6515 P BTO 37.30 | 65 Oct 21 6710 C BTO 16.30",-3035,6631.17,"2025-10-16","15:55:00",-4430,"Exited at Specified Time",90009.4,45.626359143327846,65,2087025.12,197275,"",462.8,202.8,0.436,0.002,-52.23,-2.92,62.77,-8.73
"2025-10-07","10:08:00",6743.77,"81 Oct 9 6705 P STO 9.50 | 81 Oct 9 6805 C STO 2.25 | 81 Oct 14 6705 P BTO 23.20 | 81 Oct 14 6805 C BTO 13.10",-2465,6735.63,"2025-10-09","15:55:00",-2255,"Exited at Specified Time",-17839.44,-8.934685598377282,81,1997015.72,199665,"",576.72,252.72,0.324,0.004,5.86,-2.37,17.04,-17.65
"2025-09-30","10:08:00",6652.73,"87 Oct 2 6605 P STO 10.05 | 87 Oct 2 6720 C STO 2.50 | 87 Oct 7 6605 P BTO 22.00 | 87 Oct 7 6720 C BTO 12.50",-2205,6714.56,"2025-10-02","15:55:00",-3275,"Exited at Specified Time",92199.12,48.061678004535146,87,2014855.16,191835,"",619.44,271.44,0.364,0.006,-5.02,-3.46,53.51,-4.76
"2025-09-23","10:08:00",6694.73,"73 Sep 25 6655 P STO 8.70 | 73 Sep 25 6755 C STO 2.15 | 73 Sep 30 6655 P BTO 23.50 | 73 Sep 30 6755 C BTO 14.20",-2695,6629.42,"2025-09-24","11:59:00",-2070,"Above Delta",-46372.52,-23.571057513914656,73,1922656.04,196735,"",519.76,227.76,0.288,0.613,-1.31,2.29,0,-22.82
"2025-09-16","10:08:00",6608.83,"100 Sep 18 6550 P STO 13.30 | 100 Sep 18 6695 C STO 3.30 | 100 Sep 23 6550 P BTO 24.80 | 100 Sep 23 6695 C BTO 11.65",-1995,6637.77,"2025-09-18","15:55:00",-1665,"Exited at Specified Time",-34024,-17.054636591478697,100,1969028.56,199500,"",712,312,0.455,0.006,8.85,-15.3,17.54,-18.8
"2025-09-09","10:08:00",6498.64,"118 Sep 11 6445 P STO 11.15 | 118 Sep 11 6570 C STO 2.85 | 118 Sep 16 6445 P BTO 20.65 | 118 Sep 16 6570 C BTO 9.50",-1625,6585.27,"2025-09-11","11:19:00",-2225,"Below Delta",69591.68,36.29292307692308,118,2003052.56,191750,"",840.16,368.16,0.464,0.469,8.18,-4.69,44.92,-3.38
"2025-09-02","10:08:00",6403.61,"62 Sep 4 6345 P STO 13.35 | 62 Sep 4 6485 C STO 3.10 | 62 Sep 9 6345 P BTO 31.10 | 62 Sep 9 6485 C BTO 16.00",-3075,6489.76,"2025-09-04","15:09:00",-3215,"Below Delta",8045.12,4.219837398373984,62,1933460.88,190650,"",441.44,193.44,0.349,0.162,-58.75,2.1,7.48,-18.21
"2025-08-26","10:08:00",6439.54,"134 Aug 28 6390 P STO 12.05 | 134 Aug 28 6515 C STO 2.95 | 134 Sep 2 6390 P BTO 20.30 | 134 Sep 2 6515 C BTO 8.50",-1390,6508.23,"2025-08-28","15:55:00",-1840,"Exited at Specified Time",58927.84,31.637410071942444,134,1925415.76,186260,"",954.08,418.08,0.521,0.016,-3.83,4.05,33.09,-20.86
"2025-08-19","10:08:00",6453.97,"73 Aug 21 6420 P STO 8.60 | 73 Aug 21 6510 C STO 2.05 | 73 Aug 26 6420 P BTO 23.20 | 73 Aug 26 6510 C BTO 13.50",-2615,6390.3,"2025-08-20","09:47:00",-1795,"Above Delta",-60607.52,-31.749139579349904,73,1866487.92,190895,"",519.76,227.76,0.29,0.671,-2.91,7.73,0.76,-30.98
"2025-08-12","10:08:00",6404.96,"93 Aug 14 6360 P STO 10.80 | 93 Aug 14 6475 C STO 2.45 | 93 Aug 19 6360 P BTO 22.25 | 93 Aug 19 6475 C BTO 10.50",-1960,6472.54,"2025-08-14","15:55:00",-2930,"Exited at Specified Time",89257.68,48.9673469387755,93,1927095.44,182280,"",662.16,290.16,0.405,0.028,21.72,9.79,50,-0.77
"2025-08-05","10:08:00",6328.56,"64 Aug 7 6275 P STO 11.40 | 64 Aug 7 6405 C STO 2.50 | 64 Aug 12 6275 P BTO 27.85 | 64 Aug 12 6405 C BTO 14.40",-2845,6329.33,"2025-08-07","15:55:00",-2730,"Exited at Specified Time",-8015.36,-4.402108963093146,64,1837837.76,182080,"",455.68,199.68,0.329,0.004,6.69,-8.07,13.71,-7.56
"2025-07-29","10:08:00",6397.22,"86 Jul 31 6350 P STO 11.10 | 86 Jul 31 6475 C STO 2.75 | 86 Aug 5 6350 P BTO 23.00 | 86 Aug 5 6475 C BTO 11.20",-2045,6333.26,"2025-07-31","15:52:00",-2920,"Above Delta",74369.36,42.28655256723716,86,1845853.12,175870,"",612.32,268.32,0.405,0.383,15.85,-8.4,57.46,-10.02
"2025-07-22","10:08:00",6289.7,"85 Jul 24 6245 P STO 10.60 | 85 Jul 24 6365 C STO 2.45 | 85 Jul 29 6245 P BTO 22.35 | 85 Jul 29 6365 C BTO 11.10",-2050,6375.73,"2025-07-24","10:51:00",-2190,"Below Delta",11029.6,6.329756097560975,85,1771483.76,174250,"",605.2,265.2,0.39,0.401,1,-16.9,11.22,-9.27
"2025-07-15","10:08:00",6279.89,"81 Jul 17 6235 P STO 10.15 | 81 Jul 17 6355 C STO 2.30 | 81 Jul 22 6235 P BTO 23.00 | 81 Jul 22 6355 C BTO 11.50",-2215,6300.54,"2025-07-17","15:55:00",-1590,"Exited at Specified Time",-51454.44,-28.679006772009032,81,1760454.16,179415,"",576.72,252.72,0.361,0.006,26.73,-15.4,5.64,-30.47
"2025-07-08","10:08:00",6222.6,"73 Jul 10 6175 P STO 11.40 | 73 Jul 10 6300 C STO 2.85 | 73 Jul 15 6175 P BTO 25.50 | 73 Jul 15 6300 C BTO 13.70",-2505,6276.84,"2025-07-10","15:55:00",-2240,"Exited at Specified Time",-20092.52,-10.987624750499002,73,1811908.6,182865,"",519.76,227.76,0.364,0.004,4.05,-11.43,11.38,-19.36
"2025-07-01","10:08:00",6196.38,"93 Jul 3 6150 P STO 11.00 | 93 Jul 3 6275 C STO 2.65 | 93 Jul 8 6150 P BTO 21.90 | 93 Jul 8 6275 C BTO 10.60",-1895,6281.68,"2025-07-03","11:42:00",-2535,"Below Delta",58567.68,33.232717678100265,93,1832001.12,176235,"",662.16,290.16,0.42,0.262,-17.7,9.13,36.41,-6.86
"2025-06-24","10:08:00",6066.72,"66 Jun 26 6015 P STO 10.90 | 66 Jun 26 6140 C STO 2.85 | 66 Jul 1 6015 P BTO 25.20 | 66 Jul 1 6140 C BTO 14.45",-2600,6143.29,"2025-06-26","15:51:00",-3155,"Below Delta",35954.16,20.952307692307695,66,1773433.44,171600,"",469.92,205.92,0.347,0.118,36.04,5.51,23.46,-6.15
"2025-06-10","10:08:00",6017.02,"83 Jun 12 5965 P STO 12.30 | 83 Jun 12 6105 C STO 3.20 | 83 Jun 17 5965 P BTO 24.50 | 83 Jun 17 6105 C BTO 11.70",-2080,6035.44,"2025-06-12","15:55:00",-2115,"Exited at Specified Time",2055.08,1.1903846153846154,83,1737479.28,172640,"",590.96,258.96,0.428,0.005,4.03,7.11,22.84,-5.53
"2025-06-03","10:08:00",5934.74,"58 Jun 5 5880 P STO 12.70 | 58 Jun 5 6025 C STO 3.15 | 58 Jun 10 5880 P BTO 30.30 | 58 Jun 10 6025 C BTO 15.30",-2985,5936.33,"2025-06-05","15:55:00",-2930,"Exited at Specified Time",-3783.92,-2.1855946398659962,58,1735424.2,173130,"",412.96,180.96,0.348,0.003,2.62,-3.82,16.75,-17.92
"2025-05-27","10:08:00",5880.74,"71 May 29 5815 P STO 14.30 | 71 May 29 5990 C STO 3.80 | 71 Jun 3 5815 P BTO 29.60 | 71 Jun 3 5990 C BTO 13.10",-2470,5905.06,"2025-05-29","15:55:00",-2145,"Exited at Specified Time",-23802.04,-13.572469635627533,71,1739208.12,175370,"",505.52,221.52,0.424,0.005,51.25,26.67,36.44,-12.75
"2025-05-20","10:08:00",5942.36,"94 May 22 5885 P STO 12.50 | 94 May 22 6035 C STO 3.15 | 94 May 27 5885 P BTO 23.95 | 94 May 27 6035 C BTO 10.70",-1910,5847.78,"2025-05-21","15:07:00",-1555,"Above Delta",-34332.56,-19.12251308900523,94,1763010.16,179540,"",669.28,293.28,0.452,0.756,-18.94,-2.3,3.93,-18.06
"2025-05-13","10:08:00",5876.27,"81 May 15 5815 P STO 12.60 | 81 May 15 5975 C STO 3.65 | 81 May 20 5815 P BTO 26.45 | 81 May 20 5975 C BTO 12.00",-2230,5908.1,"2025-05-15","15:55:00",-2050,"Exited at Specified Time",-15409.44,-8.530941704035873,81,1797342.72,180630,"",576.72,252.72,0.423,0.005,9.96,22.12,27.35,-7.62
"2025-05-06","10:08:00",5596.72,"59 May 8 5520 P STO 18.55 | 59 May 8 5735 C STO 4.50 | 59 May 13 5520 P BTO 38.25 | 59 May 13 5735 C BTO 14.50",-2980,5671.56,"2025-05-08","15:55:00",-3660,"Exited at Specified Time",39515.84,22.4751677852349,59,1812752.16,175820,"",420.08,184.08,0.437,0.003,-44.51,-9.15,63.09,-0.84
"2025-04-22","10:08:00",5242.56,"42 Apr 24 5145 P STO 21.55 | 42 Apr 24 5395 C STO 5.60 | 42 Apr 29 5145 P BTO 46.65 | 42 Apr 29 5395 C BTO 23.15",-4275,5465.37,"2025-04-23","09:52:00",-3400,"Below Delta",-37180.08,-20.70736842105263,42,1773236.32,179550,"",299.04,131.04,0.389,0.74,49.47,34.89,14.15,-20.23
"2025-04-15","10:08:00",5442.5,"63 Apr 17 5345 P STO 22.45 | 63 Apr 17 5600 C STO 5.35 | 63 Apr 22 5345 P BTO 42.60 | 63 Apr 22 5600 C BTO 13.80",-2870,5288.57,"2025-04-16","13:42:00",-2780,"Above Delta",-6315.12,-3.492682926829268,63,1810416.4,180810,"",448.56,196.56,0.493,0.731,6.02,30.51,13.41,-5.05
"2025-04-08","10:08:00",5245.09,"40 Apr 10 5080 P STO 38.95 | 40 Apr 10 5490 C STO 8.85 | 40 Apr 15 5080 P BTO 69.20 | 40 Apr 15 5490 C BTO 23.05",-4455,4911.2,"2025-04-08","15:50:00",-4655,"Above Delta",7590.4,4.259483726150393,40,1816731.52,178200,"",284.8,124.8,0.518,0.827,131.32,51.52,22,0
"2025-04-01","10:08:00",5576.96,"59 Apr 3 5480 P STO 21.65 | 59 Apr 3 5730 C STO 5.30 | 59 Apr 8 5480 P BTO 40.00 | 59 Apr 8 5730 C BTO 16.35",-2950,5441.08,"2025-04-03","10:22:00",-4010,"Above Delta",61935.84,35.585084745762714,59,1809141.12,174050,"",420.08,184.08,0.478,0.564,-14.32,-20.57,42.03,-1.53
"2025-03-25","10:08:00",5771.56,"49 Mar 27 5720 P STO 12.30 | 49 Mar 27 5850 C STO 2.95 | 49 Apr 1 5720 P BTO 32.50 | 49 Apr 1 5850 C BTO 18.20",-3555,5693.63,"2025-03-27","09:32:00",-3105,"Above Delta",-22551.76,-12.946272855133614,49,1747205.28,174195,"",348.88,152.88,0.301,0.514,8.39,-4.4,4.64,-15.61
"2025-03-18","10:08:00",5620.16,"66 Mar 20 5535 P STO 18.80 | 66 Mar 20 5765 C STO 4.90 | 66 Mar 25 5535 P BTO 36.65 | 66 Mar 25 5765 C BTO 14.85",-2790,5663.63,"2025-03-20","15:55:00",-1610,"Exited at Specified Time",-78555.84,-42.66093189964158,66,1769757.04,184140,"",469.92,205.92,0.46,0.006,-20.59,-34.37,2.15,-41.94
"2025-03-11","10:08:00",5595.01,"50 Mar 13 5490 P STO 24.45 | 50 Mar 13 5785 C STO 7.20 | 50 Mar 18 5490 P BTO 48.25 | 50 Mar 18 5785 C BTO 18.80",-3550,5516.4,"2025-03-13","15:55:00",-4790,"Exited at Specified Time",61488,34.64112676056338,50,1848312.88,177500,"",356,156,0.472,0.002,-10.91,-8.64,38.73,-23.1
"2025-03-04","10:08:00",5756.4,"53 Mar 6 5660 P STO 21.85 | 53 Mar 6 5925 C STO 5.90 | 53 Mar 11 5660 P BTO 42.40 | 53 Mar 11 5925 C BTO 17.30",-3205,5744.37,"2025-03-06","15:55:00",-4290,"Exited at Specified Time",56962.28,33.533853354134166,53,1786824.88,169865,"",377.36,165.36,0.465,0.002,-37.74,-55.58,67.39,-8.89
"2025-02-25","10:08:00",5948.57,"68 Feb 27 5875 P STO 16.90 | 68 Feb 27 6070 C STO 4.40 | 68 Mar 4 5875 P BTO 31.45 | 68 Mar 4 6070 C BTO 12.85",-2310,5869.16,"2025-02-27","15:55:00",-4325,"Exited at Specified Time",136323.68,86.78614718614719,68,1729862.6,157080,"",484.16,212.16,0.481,0.136,-0.52,-34.16,89.39,-8.66
"2025-02-18","10:08:00",6115.76,"89 Feb 20 6070 P STO 10.15 | 89 Feb 20 6180 C STO 2.65 | 89 Feb 25 6070 P BTO 20.55 | 89 Feb 25 6180 C BTO 10.50",-1835,6117.02,"2025-02-20","15:55:00",-1355,"Exited at Specified Time",-43631.36,-26.71607629427793,89,1593538.92,163315,"",633.68,277.68,0.412,0.007,6.97,-5.84,16.89,-26.43
"2025-02-11","10:08:00",6048.7,"130 Feb 13 5990 P STO 12.60 | 130 Feb 13 6130 C STO 2.70 | 130 Feb 18 5990 P BTO 19.85 | 130 Feb 18 6130 C BTO 7.40",-1205,6111.83,"2025-02-13","15:55:00",-1690,"Exited at Specified Time",61718.8,39.39917012448133,130,1637170.28,156650,"",925.6,405.6,0.561,0.006,-17.12,-0.62,56.43,-4.56
"2025-02-04","10:08:00",6021.34,"60 Feb 6 5965 P STO 14.00 | 60 Feb 6 6115 C STO 3.40 | 60 Feb 11 5965 P BTO 29.40 | 60 Feb 11 6115 C BTO 14.40",-2650,6081.78,"2025-02-06","15:55:00",-2195,"Exited at Specified Time",-27914.4,-17.55622641509434,60,1575451.48,159000,"",427.2,187.2,0.397,0.005,3.57,23.2,6.23,-26.42
"2025-01-28","10:08:00",6027.77,"75 Jan 30 5960 P STO 15.10 | 75 Jan 30 6130 C STO 3.65 | 75 Feb 4 5960 P BTO 27.95 | 75 Feb 4 6130 C BTO 12.50",-2180,6069.57,"2025-01-30","15:55:00",-1680,"Exited at Specified Time",-38268,-23.405504587155963,75,1603365.88,163500,"",534,234,0.464,0.006,14.69,0.8,8.49,-31.19
"2025-01-21","10:08:00",6021.44,"82 Jan 23 5970 P STO 11.10 | 82 Jan 23 6100 C STO 3.05 | 82 Jan 28 5970 P BTO 21.55 | 82 Jan 28 6100 C BTO 12.05",-1955,6104.32,"2025-01-23","15:51:00",-2255,"Below Delta",23760.32,14.82148337595908,82,1641633.88,160310,"",583.84,255.84,0.421,0.184,17.46,7.32,20.46,-10.74
"2025-01-14","10:08:00",5859.4,"109 Jan 16 5790 P STO 17.20 | 109 Jan 16 5975 C STO 3.75 | 109 Jan 21 5790 P BTO 26.35 | 109 Jan 21 5975 C BTO 9.00",-1450,5945.48,"2025-01-16","15:55:00",-1735,"Exited at Specified Time",29948.84,18.94896551724138,109,1617873.56,158050,"",776.08,340.08,0.593,0.006,23.05,0.13,43.45,-2.76
"2025-01-07","10:08:00",5957.06,"53 Jan 9 5915 P STO 10.25 | 53 Jan 9 6030 C STO 2.60 | 53 Jan 14 5915 P BTO 27.30 | 53 Jan 14 6030 C BTO 14.95",-2950,5889.7,"2025-01-08","10:14:00",-2895,"Above Delta",-3457.72,-2.2115254237288133,53,1587924.72,156350,"",377.36,165.36,0.304,0.533,17.88,-36.2,7.97,-13.22
"2024-12-31","10:08:00",5911.64,"61 Jan 2 5865 P STO 11.85 | 61 Jan 2 6000 C STO 3.30 | 61 Jan 7 5865 P BTO 27.50 | 61 Jan 7 6000 C BTO 13.30",-2575,5841.15,"2025-01-02","12:43:00",-2685,"Above Delta",6085.36,3.874174757281553,61,1591382.44,157075,"",434.32,190.32,0.371,0.529,12.8,-8.1,13.4,-11.46
"2024-12-24","10:08:00",6006.14,"54 Dec 26 5975 P STO 7.40 | 54 Dec 26 6050 C STO 1.85 | 54 Dec 31 5975 P BTO 24.00 | 54 Dec 31 6050 C BTO 14.60",-2945,6042.54,"2024-12-26","15:55:00",-2735,"Exited at Specified Time",-11892.96,-7.4784380305602705,54,1585297.08,159030,"",384.48,168.48,0.24,0.005,10.56,21.51,0,-21.73
"2024-12-17","10:08:00",6045.86,"125 Dec 19 6005 P STO 11.30 | 125 Dec 19 6120 C STO 2.85 | 125 Dec 24 6005 P BTO 18.00 | 125 Dec 24 6120 C BTO 8.70",-1265,5969.68,"2024-12-18","15:00:00",-1325,"Above Delta",6220,3.933596837944664,125,1597190.04,158125,"",890,390,0.53,0.776,-21.53,-6.69,21.34,-3.56
"2024-12-10","10:08:00",6061.53,"102 Dec 12 6030 P STO 7.95 | 102 Dec 12 6120 C STO 2.05 | 102 Dec 17 6030 P BTO 16.65 | 102 Dec 17 6120 C BTO 9.00",-1575,6055.78,"2024-12-12","15:55:00",-1300,"Exited at Specified Time",-29094.48,-18.11047619047619,102,1590970.04,160650,"",726.24,318.24,0.39,0.008,4.74,3.94,8.25,-33.97
"2024-12-03","10:08:00",6046.39,"76 Dec 5 6015 P STO 7.90 | 76 Dec 5 6100 C STO 1.80 | 76 Dec 10 6015 P BTO 19.55 | 76 Dec 10 6100 C BTO 11.60",-2155,6076.28,"2024-12-05","15:55:00",-1730,"Exited at Specified Time",-33078.24,-20.19675174013921,76,1620064.52,163780,"",541.12,237.12,0.311,0.006,-4.18,3.42,3.25,-19.26
"2024-11-19","10:08:00",5867.91,"86 Nov 21 5805 P STO 13.55 | 86 Nov 21 5965 C STO 3.30 | 86 Nov 26 5805 P BTO 24.30 | 86 Nov 26 5965 C BTO 10.50",-1805,5952.56,"2024-11-21","15:55:00",-2930,"Exited at Specified Time",95869.36,61.7595567867036,86,1653142.76,155230,"",612.32,268.32,0.484,0.005,-23.57,-2.14,72.85,-1.94
"2024-11-12","10:08:00",5994.48,"84 Nov 14 5950 P STO 9.50 | 84 Nov 14 6065 C STO 2.40 | 84 Nov 19 5950 P BTO 19.30 | 84 Nov 19 6065 C BTO 10.65",-1815,5943.56,"2024-11-14","15:49:00",-2090,"Above Delta",22239.84,14.58732782369146,84,1557273.4,152460,"",598.08,262.08,0.397,0.259,2.25,-9.12,19.28,-28.65
"2024-11-05","10:08:00",5757.54,"71 Nov 7 5660 P STO 23.40 | 71 Nov 7 5910 C STO 5.20 | 71 Nov 12 5660 P BTO 36.85 | 71 Nov 12 5910 C BTO 13.60",-2195,5950.21,"2024-11-07","09:32:00",-1650,"Below Delta",-39422.04,-25.295671981776767,71,1535033.56,155845,"",505.52,221.52,0.567,0.735,9.74,35.11,7.74,-29.16
"2024-10-29","10:08:00",5821.87,"54 Oct 31 5775 P STO 12.40 | 54 Oct 31 5900 C STO 2.85 | 54 Nov 5 5775 P BTO 28.05 | 54 Nov 5 5900 C BTO 16.15",-2905,5750.04,"2024-10-31","09:50:00",-2650,"Above Delta",-14322.96,-9.130464716006886,54,1574455.6,156870,"",384.48,168.48,0.345,0.533,-3.84,2.19,13.6,-8.43
"2024-10-22","10:08:00",5838.19,"86 Oct 24 5800 P STO 10.30 | 86 Oct 24 5905 C STO 2.10 | 86 Oct 29 5800 P BTO 20.50 | 86 Oct 29 5905 C BTO 10.45",-1865,5770.95,"2024-10-23","14:05:00",-1585,"Above Delta",-24960.64,-15.562466487935659,86,1588778.56,160390,"",612.32,268.32,0.401,0.699,-21.28,5.49,5.36,-14.48
"2024-10-15","10:08:00",5862.35,"81 Oct 17 5825 P STO 9.10 | 81 Oct 17 5930 C STO 2.25 | 81 Oct 22 5825 P BTO 20.45 | 81 Oct 22 5930 C BTO 10.75",-1995,5844.42,"2024-10-17","15:55:00",-1815,"Exited at Specified Time",-15409.44,-9.535839598997494,81,1613739.2,161595,"",576.72,252.72,0.364,0.005,6.89,-4.39,3.51,-22.31
"2024-10-08","10:08:00",5729.88,"74 Oct 10 5670 P STO 13.30 | 74 Oct 10 5815 C STO 3.05 | 74 Oct 15 5670 P BTO 26.50 | 74 Oct 15 5815 C BTO 11.80",-2205,5782.18,"2024-10-10","15:55:00",-2070,"Exited at Specified Time",-10747.76,-6.586848072562359,74,1629148.64,163170,"",526.88,230.88,0.427,0.005,23.2,10.74,23.58,-14.29
"2024-10-01","10:08:00",5704.55,"57 Oct 3 5640 P STO 14.75 | 57 Oct 3 5795 C STO 3.70 | 57 Oct 8 5640 P BTO 30.75 | 57 Oct 8 5795 C BTO 15.75",-2815,5694.44,"2024-10-03","15:55:00",-2970,"Exited at Specified Time",8251.32,5.142451154529307,57,1639896.4,160455,"",405.84,177.84,0.397,0.003,-4.75,-53.18,20.07,-6.93
"2024-09-24","10:08:00",5707.8,"83 Sep 26 5670 P STO 9.70 | 83 Sep 26 5775 C STO 2.30 | 83 Oct 1 5670 P BTO 20.95 | 83 Oct 1 5775 C BTO 10.25",-1930,5743.98,"2024-09-26","15:55:00",-2070,"Exited at Specified Time",10770.08,6.723316062176165,83,1631645.08,160190,"",590.96,258.96,0.385,0.005,9.09,-19.86,15.54,-4.15
"2024-09-10","10:08:00",5480.48,"73 Sep 12 5420 P STO 14.80 | 73 Sep 12 5580 C STO 3.25 | 73 Sep 17 5420 P BTO 28.30 | 73 Sep 17 5580 C BTO 11.15",-2150,5591.69,"2024-09-12","13:43:00",-2825,"Below Delta",48527.48,30.919069767441858,73,1620875,156950,"",519.76,227.76,0.458,0.366,19.46,-10.03,36.98,-4.19
"2024-09-03","10:08:00",5581.31,"62 Sep 5 5535 P STO 12.80 | 62 Sep 5 5670 C STO 3.10 | 62 Sep 10 5535 P BTO 28.30 | 62 Sep 10 5670 C BTO 13.20",-2570,5505.24,"2024-09-04","15:07:00",-2215,"Above Delta",-22644.88,-14.211673151750972,62,1572347.52,159340,"",441.44,193.44,0.383,0.639,-24.51,-42.58,2.92,-18.09
"2024-08-27","10:08:00",5610.66,"143 Aug 29 5560 P STO 12.60 | 143 Aug 29 5705 C STO 3.40 | 143 Sep 3 5560 P BTO 18.85 | 143 Sep 3 5705 C BTO 7.90",-1085,5587.62,"2024-08-29","15:55:00",-1370,"Exited at Specified Time",39290.68,25.323502304147468,143,1594992.4,155155,"",1018.16,446.16,0.598,0.007,-13.95,7.77,27.19,-40.55
"2024-08-20","10:08:00",5614.71,"70 Aug 22 5575 P STO 9.50 | 70 Aug 22 5675 C STO 2.65 | 70 Aug 27 5575 P BTO 20.55 | 70 Aug 27 5675 C BTO 12.80",-2130,5566.67,"2024-08-22","15:24:00",-2955,"Above Delta",57033.2,38.25164319248826,70,1555701.72,149100,"",498.4,218.4,0.364,0.265,-5.37,11.83,47.89,-11.5
"2024-08-13","10:08:00",5388.92,"73 Aug 15 5315 P STO 17.00 | 73 Aug 15 5485 C STO 3.70 | 73 Aug 20 5315 P BTO 29.05 | 73 Aug 20 5485 C BTO 11.95",-2040,5512.2,"2024-08-15","09:32:00",-1920,"Below Delta",-9507.52,-6.3843137254901965,73,1498668.52,148920,"",519.76,227.76,0.505,0.627,32.59,11.94,11.52,-5.39
"2024-08-06","10:08:00",5246.39,"50 Aug 8 5150 P STO 21.10 | 50 Aug 8 5395 C STO 5.00 | 50 Aug 13 5150 P BTO 41.35 | 50 Aug 13 5395 C BTO 14.70",-3005,5314.16,"2024-08-08","15:55:00",-2565,"Exited at Specified Time",-22512,-14.983028286189684,50,1508176.04,150250,"",356,156,0.466,0.004,20.09,39.97,20.13,-14.98
"2024-07-30","10:08:00",5476.5,"66 Aug 1 5415 P STO 14.60 | 66 Aug 1 5585 C STO 3.90 | 66 Aug 6 5415 P BTO 26.45 | 66 Aug 6 5585 C BTO 13.00",-2105,5433.96,"2024-08-01","15:55:00",-4070,"Exited at Specified Time",129014.16,92.8627078384798,66,1530688.04,138930,"",469.92,205.92,0.469,0.006,15.19,-2.23,103.56,-17.58
"2024-07-23","10:08:00",5578.75,"86 Jul 25 5540 P STO 10.20 | 86 Jul 25 5645 C STO 2.85 | 86 Jul 30 5540 P BTO 19.00 | 86 Jul 30 5645 C BTO 10.80",-1685,5506.54,"2024-07-24","09:32:00",-1115,"Above Delta",-49900.64,-34.43560830860534,86,1401673.88,144910,"",612.32,268.32,0.438,0.775,0.89,13.45,2.37,-33.23
"2024-07-16","10:08:00",5642.74,"102 Jul 18 5605 P STO 8.05 | 102 Jul 18 5710 C STO 2.35 | 102 Jul 23 5605 P BTO 15.35 | 102 Jul 23 5710 C BTO 9.10",-1415,5586.27,"2024-07-18","10:36:00",-1430,"Above Delta",485.52,0.33639575971731445,102,1451574.52,144330,"",726.24,318.24,0.425,0.622,12.87,-1.35,21.2,-12.72
"2024-07-09","10:08:00",5583.38,"124 Jul 11 5545 P STO 8.40 | 124 Jul 11 5645 C STO 2.70 | 124 Jul 16 5545 P BTO 14.25 | 124 Jul 16 5645 C BTO 8.30",-1155,5586.51,"2024-07-11","15:55:00",-1275,"Exited at Specified Time",13610.24,9.503030303030304,124,1451089,143220,"",882.88,386.88,0.492,0.008,11.39,-0.86,48.92,-4.76
"2024-06-25","10:08:00",5459.48,"78 Jun 27 5430 P STO 8.15 | 78 Jun 27 5520 C STO 1.80 | 78 Jul 2 5430 P BTO 18.20 | 78 Jul 2 5520 C BTO 10.60",-1895,5473.29,"2024-06-27","15:55:00",-1350,"Exited at Specified Time",-43308.72,-29.300263852242747,78,1437478.76,147810,"",555.36,243.36,0.345,0.007,12.86,-1.25,1.32,-28.76
"2024-06-18","10:08:00",5482.18,"92 Jun 20 5455 P STO 7.10 | 92 Jun 20 5535 C STO 1.70 | 92 Jun 25 5455 P BTO 15.90 | 92 Jun 25 5535 C BTO 8.65",-1585,5480.67,"2024-06-20","15:55:00",-1675,"Exited at Specified Time",7337.92,5.03217665615142,92,1480787.48,145820,"",655.04,287.04,0.358,0.006,2.92,6.03,27.44,-0.95
"2024-06-11","10:08:00",5336.56,"129 Jun 13 5285 P STO 11.70 | 129 Jun 13 5425 C STO 3.50 | 129 Jun 18 5285 P BTO 18.00 | 129 Jun 18 5425 C BTO 8.35",-1125,5444.81,"2024-06-12","15:20:00",-1230,"Below Delta",12224.04,8.423111111111112,129,1473449.56,145125,"",918.48,402.48,0.577,0.693,-7.79,-16.44,13.78,-8.89
"2024-06-04","10:08:00",5271.88,"80 Jun 6 5230 P STO 9.00 | 80 Jun 6 5340 C STO 2.25 | 80 Jun 11 5230 P BTO 19.25 | 80 Jun 11 5340 C BTO 9.95",-1805,5357.4,"2024-06-06","09:32:00",-1910,"Below Delta",7580.8,5.2498614958448755,80,1461225.52,144400,"",569.6,249.6,0.385,0.518,-5.16,-6.36,18.28,-2.49
"2024-05-28","10:08:00",5305.52,"102 May 30 5275 P STO 7.20 | 102 May 30 5355 C STO 1.95 | 102 Jun 4 5275 P BTO 14.90 | 102 Jun 4 5355 C BTO 8.40",-1425,5254.85,"2024-05-30","09:32:00",-1355,"Above Delta",-8184.48,-5.630877192982456,102,1453644.72,145350,"",726.24,318.24,0.393,0.617,11.19,-10.39,11.58,-11.93
"2024-05-21","10:08:00",5307.61,"187 May 23 5270 P STO 8.70 | 187 May 23 5380 C STO 2.25 | 187 May 28 5270 P BTO 12.80 | 187 May 28 5380 C BTO 5.10",-705,5260.08,"2024-05-23","14:52:00",-1455,"Above Delta",138335.12,104.93049645390072,187,1461829.2,131835,"",1331.44,583.44,0.612,0.476,-9.44,8.92,114.89,-19.15
"2024-05-14","10:08:00",5227.91,"121 May 16 5180 P STO 11.60 | 121 May 16 5310 C STO 2.95 | 121 May 21 5180 P BTO 17.45 | 121 May 21 5310 C BTO 7.50",-1050,5317.77,"2024-05-16","10:23:00",-1480,"Below Delta",50790.96,39.97714285714286,121,1323494.08,127050,"",861.52,377.52,0.583,0.432,-0.32,6.81,48.57,-6.67
"2024-05-07","10:08:00",5188.65,"72 May 9 5155 P STO 7.20 | 72 May 9 5245 C STO 2.00 | 72 May 14 5155 P BTO 17.35 | 72 May 14 5245 C BTO 9.85",-1810,5212.94,"2024-05-09","15:55:00",-1240,"Exited at Specified Time",-41777.28,-32.05745856353591,72,1272703.12,130320,"",512.64,224.64,0.338,0.008,6.46,1.45,1.93,-32.6
"2024-04-30","10:08:00",5109.6,"76 May 2 5060 P STO 11.65 | 76 May 2 5195 C STO 2.80 | 76 May 7 5060 P BTO 21.80 | 76 May 7 5195 C BTO 10.10",-1755,5021.21,"2024-05-01","09:56:00",-1435,"Above Delta",-25098.24,-18.817094017094018,76,1314480.4,133380,"",541.12,237.12,0.453,0.775,-12.39,5.82,0.28,-21.37
"2024-04-23","10:08:00",5050.49,"67 Apr 25 5005 P STO 10.40 | 67 Apr 25 5130 C STO 3.10 | 67 Apr 30 5005 P BTO 21.70 | 67 Apr 30 5130 C BTO 11.15",-1945,5047.09,"2024-04-25","15:55:00",-2355,"Exited at Specified Time",26783.92,20.553213367609256,67,1339578.64,130315,"",477.04,209.04,0.411,0.004,18.25,21.64,36.25,-1.03
"2024-04-16","10:08:00",5056.77,"59 Apr 18 5000 P STO 14.95 | 59 Apr 18 5165 C STO 3.65 | 59 Apr 23 5000 P BTO 28.45 | 59 Apr 23 5165 C BTO 11.20",-2115,5009.53,"2024-04-18","15:55:00",-3000,"Exited at Specified Time",51610.84,41.359810874704486,59,1312794.72,124785,"",420.08,184.08,0.469,0.013,2.77,-7.82,42.32,-17.26
"2024-04-09","10:08:00",5205.31,"92 Apr 11 5155 P STO 11.60 | 92 Apr 11 5295 C STO 3.10 | 92 Apr 16 5155 P BTO 19.90 | 92 Apr 16 5295 C BTO 8.30",-1360,5203.5,"2024-04-11","15:55:00",-1460,"Exited at Specified Time",8257.92,6.6000000000000005,92,1261183.88,125120,"",655.04,287.04,0.521,0.007,14.64,-11.72,72.43,-7.72
"2024-04-02","10:08:00",5191.27,"60 Apr 4 5155 P STO 8.80 | 60 Apr 4 5255 C STO 2.65 | 60 Apr 9 5155 P BTO 20.05 | 60 Apr 9 5255 C BTO 10.80",-1950,5146.22,"2024-04-04","15:42:00",-3305,"Above Delta",80685.6,68.96205128205128,60,1252925.96,117000,"",427.2,187.2,0.371,0.249,-39.48,-13.02,77.69,-4.1
"2024-03-26","10:08:00",5234.18,"111 Mar 28 5205 P STO 6.40 | 111 Mar 28 5290 C STO 1.90 | 111 Apr 2 5205 P BTO 12.35 | 111 Apr 2 5290 C BTO 6.75",-1090,5258.06,"2024-03-28","15:55:00",-710,"Exited at Specified Time",-43316.64,-35.80183486238532,111,1172240.36,120990,"",790.32,346.32,0.435,0.014,10.66,5.33,0,-34.86
"2024-03-19","10:08:00",5140.26,"89 Mar 21 5095 P STO 10.85 | 89 Mar 21 5225 C STO 3.05 | 89 Mar 26 5095 P BTO 18.95 | 89 Mar 26 5225 C BTO 8.55",-1370,5250.63,"2024-03-21","09:32:00",-1220,"Below Delta",-14261.36,-11.696350364963504,89,1215557,121930,"",633.68,277.68,0.505,0.696,-10.33,1.17,15.33,-10.22
"2024-03-12","10:08:00",5144.4,"81 Mar 14 5105 P STO 9.35 | 81 Mar 14 5220 C STO 2.55 | 81 Mar 19 5105 P BTO 18.00 | 81 Mar 19 5220 C BTO 8.75",-1495,5148.65,"2024-03-14","15:55:00",-1560,"Exited at Specified Time",4435.56,3.6628762541806026,81,1229818.36,121095,"",576.72,252.72,0.445,0.006,16.36,10.1,60.87,-7.69
"2024-03-05","10:08:00",5106.67,"58 Mar 7 5070 P STO 7.70 | 58 Mar 7 5175 C STO 2.20 | 58 Mar 12 5070 P BTO 19.10 | 58 Mar 12 5175 C BTO 10.55",-1985,5160.95,"2024-03-07","15:55:00",-3055,"Exited at Specified Time",61466.08,53.388413098236775,58,1225382.8,115130,"",412.96,180.96,0.334,0.003,-20.94,-3.34,61.96,-14.11
"2024-02-27","10:08:00",5067.97,"87 Feb 29 5035 P STO 7.30 | 87 Feb 29 5130 C STO 2.35 | 87 Mar 5 5035 P BTO 14.85 | 87 Mar 5 5130 C BTO 8.15",-1345,5096.93,"2024-02-29","15:55:00",-1280,"Exited at Specified Time",-6545.88,-5.594052044609665,87,1163916.72,117015,"",619.44,271.44,0.42,0.008,5.07,-6.63,9.29,-13.38
"2024-02-20","10:08:00",4974.39,"81 Feb 22 4930 P STO 9.90 | 81 Feb 22 5060 C STO 2.70 | 81 Feb 27 4930 P BTO 18.45 | 81 Feb 27 5060 C BTO 7.85",-1380,5069.6,"2024-02-22","12:29:00",-1910,"Below Delta",42100.56,37.66376811594203,81,1170462.6,111780,"",576.72,252.72,0.479,0.419,-16.25,-14.93,41.67,-11.59
"2024-02-13","10:08:00",4949.2,"93 Feb 15 4910 P STO 8.40 | 93 Feb 15 5020 C STO 2.35 | 93 Feb 20 4910 P BTO 15.75 | 93 Feb 20 5020 C BTO 6.55",-1165,5028.13,"2024-02-15","14:09:00",-1625,"Below Delta",41827.68,38.606008583690986,93,1128362.04,108345,"",662.16,290.16,0.482,0.4,-53.9,-18.74,45.92,-9.44
"2024-02-06","10:08:00",4940.55,"60 Feb 8 4910 P STO 7.60 | 60 Feb 8 5005 C STO 2.30 | 60 Feb 13 4910 P BTO 17.95 | 60 Feb 13 5005 C BTO 9.65",-1780,4993.42,"2024-02-08","15:55:00",-2045,"Exited at Specified Time",15285.6,14.312359550561798,60,1086534.36,106800,"",427.2,187.2,0.359,0.005,7.35,-9.61,26.4,-3.09
"2024-01-30","10:08:00",4923.9,"72 Feb 1 4885 P STO 9.20 | 72 Feb 1 5000 C STO 2.90 | 72 Feb 6 4885 P BTO 17.55 | 72 Feb 6 5000 C BTO 9.40",-1495,4861.14,"2024-01-31","15:05:00",-1305,"Above Delta",-14417.28,-13.39397993311037,72,1071248.76,107640,"",512.64,224.64,0.449,0.699,-2.04,-1.99,7.02,-12.04
"2024-01-23","10:08:00",4855.51,"82 Jan 25 4825 P STO 6.60 | 82 Jan 25 4910 C STO 2.30 | 82 Jan 30 4825 P BTO 13.55 | 82 Jan 30 4910 C BTO 8.10",-1285,4888.61,"2024-01-25","15:55:00",-1610,"Exited at Specified Time",25810.32,24.494941634241243,82,1085666.04,105370,"",583.84,255.84,0.411,0.006,6.37,-1.29,40.47,-14.79
"2024-01-16","10:08:00",4759.33,"77 Jan 18 4725 P STO 7.40 | 77 Jan 18 4820 C STO 2.15 | 77 Jan 23 4725 P BTO 15.35 | 77 Jan 23 4820 C BTO 7.90",-1380,4781.35,"2024-01-18","15:55:00",-1260,"Exited at Specified Time",-10028.48,-9.437681159420288,77,1059855.72,106260,"",548.24,240.24,0.411,0.008,-11.48,-13.02,22.1,-14.49
"2024-01-09","10:08:00",4734.81,"113 Jan 11 4700 P STO 7.75 | 113 Jan 11 4800 C STO 2.60 | 113 Jan 16 4700 P BTO 13.50 | 113 Jan 16 4800 C BTO 6.20",-945,4777.96,"2024-01-11","15:55:00",-960,"Exited at Specified Time",537.88,0.5037037037037037,113,1069884.2,106785,"",804.56,352.56,0.525,0.01,-21.61,-7.12,22.75,-17.99
"2024-01-02","10:08:00",4740.95,"65 Jan 4 4710 P STO 7.00 | 65 Jan 4 4800 C STO 2.20 | 65 Jan 9 4710 P BTO 16.35 | 65 Jan 9 4800 C BTO 8.90",-1615,4704.75,"2024-01-04","14:21:00",-1830,"Above Delta",13309.4,12.678637770897833,65,1069346.32,104975,"",462.8,202.8,0.364,0.271,-24.63,-4.25,16.72,-17.96
"2023-12-26","10:08:00",4768.22,"78 Dec 28 4740 P STO 6.50 | 78 Dec 28 4825 C STO 2.00 | 78 Jan 2 4740 P BTO 14.30 | 78 Jan 2 4825 C BTO 8.40",-1430,4782.96,"2023-12-28","15:55:00",-645,"Exited at Specified Time",-62028.72,-55.61118881118882,78,1056036.92,111540,"",555.36,243.36,0.374,0.015,4.23,9.36,0.35,-54.2
"2023-12-19","10:08:00",4754.67,"120 Dec 21 4735 P STO 6.40 | 120 Dec 21 4805 C STO 1.85 | 120 Dec 26 4735 P BTO 11.70 | 120 Dec 26 4805 C BTO 6.05",-960,4709.29,"2023-12-20","15:36:00",-640,"Above Delta",-39628.8,-34.400000000000006,120,1118065.64,115200,"",854.4,374.4,0.465,0.821,3.16,10.95,10.94,-34.38
"2023-12-12","10:08:00",4621.84,"127 Dec 14 4585 P STO 8.05 | 127 Dec 14 4690 C STO 2.55 | 127 Dec 19 4585 P BTO 13.05 | 127 Dec 19 4690 C BTO 6.35",-890,4708.89,"2023-12-13","15:05:00",-1085,"Below Delta",23464.52,20.759550561797752,127,1157694.44,113030,"",904.24,396.24,0.546,0.715,-4.14,3.54,32.58,-8.43
"2023-12-05","10:08:00",4568.16,"62 Dec 7 4540 P STO 6.30 | 62 Dec 7 4625 C STO 1.80 | 62 Dec 12 4540 P BTO 16.65 | 62 Dec 12 4625 C BTO 9.35",-1800,4585.06,"2023-12-07","15:55:00",-1930,"Exited at Specified Time",7425.12,6.653333333333333,62,1134229.92,111600,"",441.44,193.44,0.312,0.005,-12.53,10.91,10.83,-1.11
"2023-11-28","10:08:00",4542.93,"88 Nov 30 4520 P STO 6.40 | 88 Nov 30 4590 C STO 1.60 | 88 Dec 5 4520 P BTO 13.30 | 88 Dec 5 4590 C BTO 6.90",-1230,4563.98,"2023-11-30","15:55:00",-1615,"Exited at Specified Time",32978.88,30.46829268292683,88,1126804.8,108240,"",626.56,274.56,0.396,0.006,-4.88,-2.62,49.59,-1.22
"2023-11-14","10:08:00",4485.48,"103 Nov 16 4450 P STO 8.30 | 103 Nov 16 4560 C STO 1.85 | 103 Nov 21 4450 P BTO 13.20 | 103 Nov 21 4560 C BTO 7.70",-1085,4505.58,"2023-11-16","15:55:00",-775,"Exited at Specified Time",-32984.72,-29.515207373271892,103,1093825.92,111755,"",733.36,321.36,0.486,0.013,47.42,26.51,24.42,-28.11
"2023-11-07","10:08:00",4366.63,"61 Nov 9 4335 P STO 6.90 | 61 Nov 9 4420 C STO 2.05 | 61 Nov 14 4335 P BTO 17.30 | 61 Nov 14 4420 C BTO 9.40",-1785,4345.12,"2023-11-09","15:55:00",-2275,"Exited at Specified Time",29265.36,26.877310924369745,61,1126810.64,108885,"",434.32,190.32,0.335,0.007,0.23,0.42,29.41,-7.56
"2023-10-31","10:08:00",4161.25,"54 Nov 2 4115 P STO 11.90 | 54 Nov 2 4250 C STO 3.25 | 54 Nov 7 4115 P BTO 24.40 | 54 Nov 7 4250 C BTO 11.00",-2035,4280.66,"2023-11-02","09:32:00",-1700,"Below Delta",-18642.96,-16.965110565110567,54,1097545.28,109890,"",384.48,168.48,0.428,0.663,4.51,-10.08,4.18,-15.97
"2023-10-24","10:08:00",4243.9,"55 Oct 26 4200 P STO 11.15 | 55 Oct 26 4325 C STO 3.10 | 55 Oct 31 4200 P BTO 23.35 | 55 Oct 31 4325 C BTO 10.80",-2000,4178.54,"2023-10-26","09:32:00",-1945,"Above Delta",-3588.2,-3.2619999999999996,55,1116188.24,110000,"",391.6,171.6,0.417,0.59,18.75,8.11,5.5,-6.25
"2023-10-17","10:08:00",4349.09,"65 Oct 19 4305 P STO 10.55 | 65 Oct 19 4425 C STO 2.65 | 65 Oct 24 4305 P BTO 20.55 | 65 Oct 24 4425 C BTO 8.85",-1630,4293.68,"2023-10-19","14:32:00",-2510,"Above Delta",56534.4,53.35950920245399,65,1119776.44,105950,"",462.8,202.8,0.449,0.372,-28.4,3.86,59.82,0
"2023-10-10","10:08:00",4354.78,"74 Oct 12 4310 P STO 10.70 | 74 Oct 12 4435 C STO 2.65 | 74 Oct 17 4310 P BTO 19.60 | 74 Oct 17 4435 C BTO 8.10",-1445,4350.17,"2023-10-12","15:55:00",-1345,"Exited at Specified Time",-8157.76,-7.629065743944638,74,1063242.04,106930,"",526.88,230.88,0.482,0.007,4.09,15.03,52.25,-24.91
"2023-10-03","10:08:00",4251.74,"53 Oct 5 4205 P STO 11.05 | 53 Oct 5 4335 C STO 2.80 | 53 Oct 10 4205 P BTO 23.70 | 53 Oct 10 4335 C BTO 10.55",-2050,4259.13,"2023-10-05","15:55:00",-1725,"Exited at Specified Time",-17767.72,-16.353170731707316,53,1071399.8,108650,"",377.36,165.36,0.404,0.006,-18.64,-18.01,18.78,-17.07
"2023-09-26","10:08:00",4299.79,"54 Sep 28 4255 P STO 10.80 | 54 Sep 28 4375 C STO 2.80 | 54 Oct 3 4255 P BTO 22.65 | 54 Oct 3 4375 C BTO 10.75",-1990,4297.52,"2023-09-28","15:55:00",-1935,"Exited at Specified Time",-3522.96,-3.2783919597989946,54,1089167.52,107460,"",384.48,168.48,0.407,0.005,-24.56,-13.09,28.64,-11.31
"2023-09-19","10:08:00",4432.02,"86 Sep 21 4395 P STO 8.00 | 86 Sep 21 4500 C STO 2.25 | 86 Sep 26 4395 P BTO 15.95 | 86 Sep 26 4500 C BTO 6.85",-1265,4374.06,"2023-09-21","09:32:00",-1265,"Above Delta",-880.64,-0.8094861660079052,86,1092690.48,108790,"",612.32,268.32,0.45,0.663,-8.12,-13.39,17,-4.35
"2023-09-12","10:08:00",4475.78,"96 Sep 14 4445 P STO 8.45 | 96 Sep 14 4535 C STO 2.50 | 96 Sep 19 4445 P BTO 15.40 | 96 Sep 19 4535 C BTO 7.00",-1155,4504.17,"2023-09-14","15:55:00",-945,"Exited at Specified Time",-21143.04,-19.06839826839827,96,1093571.12,110880,"",683.52,299.52,0.489,0.01,-14.19,2.51,7.36,-17.32
"2023-09-05","10:08:00",4500.9,"84 Sep 7 4470 P STO 6.85 | 84 Sep 7 4555 C STO 2.25 | 84 Sep 12 4470 P BTO 14.45 | 84 Sep 12 4555 C BTO 8.00",-1345,4451.56,"2023-09-06","12:31:00",-1065,"Above Delta",-24380.16,-21.57918215613383,84,1114714.16,112980,"",598.08,262.08,0.405,0.68,-5.71,-9.16,1.12,-20.07
"2023-08-29","10:08:00",4457.6,"94 Aug 31 4425 P STO 7.90 | 94 Aug 31 4515 C STO 2.55 | 94 Sep 5 4425 P BTO 15.05 | 94 Sep 5 4515 C BTO 7.25",-1195,4526.71,"2023-08-31","09:55:00",-1250,"Below Delta",4207.44,3.7456066945606694,94,1139094.32,112330,"",669.28,293.28,0.469,0.574,-0.56,24.85,11.72,-2.09
"2023-08-22","10:08:00",4406.98,"60 Aug 24 4365 P STO 9.20 | 60 Aug 24 4480 C STO 2.40 | 60 Aug 29 4365 P BTO 20.30 | 60 Aug 29 4480 C BTO 9.55",-1835,4381.5,"2023-08-24","15:55:00",-2255,"Exited at Specified Time",24585.6,22.33024523160763,60,1134886.88,110100,"",427.2,187.2,0.389,0.007,15.56,-8.35,27.25,-11.72
"2023-08-15","10:08:00",4450.92,"65 Aug 17 4410 P STO 8.80 | 65 Aug 17 4515 C STO 2.80 | 65 Aug 22 4410 P BTO 18.65 | 65 Aug 22 4515 C BTO 9.65",-1680,4398.22,"2023-08-17","11:36:00",-1790,"Above Delta",6484.4,5.938095238095237,65,1110301.28,109200,"",462.8,202.8,0.41,0.463,-10.85,-27.95,13.39,-5.65
"2023-08-08","10:08:00",4477.96,"68 Aug 10 4435 P STO 9.40 | 68 Aug 10 4545 C STO 2.65 | 68 Aug 15 4435 P BTO 19.45 | 68 Aug 15 4545 C BTO 8.50",-1600,4469.22,"2023-08-10","15:55:00",-1685,"Exited at Specified Time",5083.68,4.6725,68,1103816.88,108800,"",484.16,212.16,0.431,0.006,-20.41,-20.07,33.75,-15.62
"2023-08-01","10:08:00",4580.98,"74 Aug 3 4555 P STO 7.00 | 74 Aug 3 4635 C STO 1.90 | 74 Aug 8 4555 P BTO 15.65 | 74 Aug 8 4635 C BTO 8.20",-1505,4532.55,"2023-08-02","10:11:00",-1220,"Above Delta",-21847.76,-19.6172757475083,74,1098733.2,111370,"",526.88,230.88,0.373,0.692,-10.13,2.15,3.65,-18.27
"2023-07-25","10:08:00",4560.2,"105 Jul 27 4520 P STO 8.40 | 105 Jul 27 4635 C STO 2.40 | 105 Aug 1 4520 P BTO 14.40 | 105 Aug 1 4635 C BTO 6.35",-1005,4536.31,"2023-07-27","15:55:00",-1580,"Exited at Specified Time",59299.8,56.19502487562189,105,1120580.96,105525,"",747.6,327.6,0.52,0.009,0.55,5.01,86.57,-39.3
"2023-07-18","10:08:00",4531.17,"87 Jul 20 4505 P STO 6.20 | 87 Jul 20 4585 C STO 1.85 | 87 Jul 25 4505 P BTO 13.10 | 87 Jul 25 4585 C BTO 7.00",-1215,4534.7,"2023-07-20","15:55:00",-1255,"Exited at Specified Time",2589.12,2.4493827160493824,87,1061281.16,105705,"",619.44,271.44,0.4,0.008,-1.01,9.39,33.74,-1.65
"2023-07-11","10:08:00",4408.82,"88 Jul 13 4375 P STO 7.80 | 88 Jul 13 4475 C STO 2.35 | 88 Jul 18 4375 P BTO 15.15 | 88 Jul 18 4475 C BTO 6.85",-1195,4493.99,"2023-07-13","09:32:00",-1170,"Below Delta",-3101.12,-2.9489539748953977,88,1058692.04,105160,"",626.56,274.56,0.461,0.641,6.02,-6.73,10.04,-2.09
"2023-06-20","10:08:00",4387.08,"81 Jun 22 4355 P STO 6.60 | 81 Jun 22 4450 C STO 2.10 | 81 Jun 27 4355 P BTO 14.35 | 81 Jun 27 4450 C BTO 7.75",-1350,4380.87,"2023-06-22","15:55:00",-840,"Exited at Specified Time",-42139.44,-38.5362962962963,81,1061793.16,109350,"",576.72,252.72,0.394,0.012,-13.48,-9.03,4.07,-37.04
"2023-06-13","10:08:00",4358.5,"125 Jun 15 4320 P STO 10.40 | 125 Jun 15 4440 C STO 2.85 | 125 Jun 20 4320 P BTO 15.35 | 125 Jun 20 4440 C BTO 5.70",-790,4428.87,"2023-06-15","15:55:00",-1715,"Exited at Specified Time",114345,115.79240506329114,125,1103932.6,98750,"",890,390,0.629,0.009,13.68,5.89,142.41,-9.49
"2023-06-06","10:08:00",4272.43,"68 Jun 8 4245 P STO 6.20 | 68 Jun 8 4325 C STO 2.05 | 68 Jun 13 4245 P BTO 14.35 | 68 Jun 13 4325 C BTO 8.40",-1460,4293.81,"2023-06-08","15:55:00",-1315,"Exited at Specified Time",-10556.32,-10.632876712328768,68,989587.6,99280,"",484.16,212.16,0.363,0.007,-2.45,1.09,10.62,-13.01
"2023-05-30","10:08:00",4214.36,"68 Jun 1 4175 P STO 9.30 | 68 Jun 1 4285 C STO 2.35 | 68 Jun 6 4175 P BTO 19.05 | 68 Jun 6 4285 C BTO 7.65",-1515,4217.49,"2023-06-01","15:55:00",-885,"Exited at Specified Time",-43536.32,-42.26006600660066,68,1000143.92,103020,"",484.16,212.16,0.436,0.011,21.26,-12.35,25.08,-42.24
"2023-05-23","10:08:00",4181.94,"81 May 25 4150 P STO 8.25 | 81 May 25 4240 C STO 2.35 | 81 May 30 4150 P BTO 16.35 | 81 May 30 4240 C BTO 7.20",-1305,4123.6,"2023-05-24","09:33:00",-1130,"Above Delta",-15004.44,-14.19463601532567,81,1043680.24,105705,"",576.72,252.72,0.45,0.743,-15.83,5.14,4.6,-14.56
"2023-05-16","10:08:00",4126.21,"67 May 18 4095 P STO 8.00 | 67 May 18 4180 C STO 1.80 | 67 May 23 4095 P BTO 17.55 | 67 May 23 4180 C BTO 7.25",-1510,4184.41,"2023-05-18","15:33:00",-2140,"Below Delta",41523.92,41.043708609271526,67,1058684.68,101170,"",477.04,209.04,0.395,0.217,-8.33,-1.74,46.36,-1.66
"2023-05-09","10:08:00",4120.91,"72 May 11 4080 P STO 8.90 | 72 May 11 4185 C STO 2.40 | 72 May 16 4080 P BTO 18.25 | 72 May 16 4185 C BTO 7.35",-1440,4128.81,"2023-05-11","15:55:00",-1030,"Exited at Specified Time",-30257.28,-29.183333333333334,72,1017160.76,103680,"",512.64,224.64,0.441,0.01,-13.87,-3.34,21.18,-27.78
"2023-05-02","10:08:00",4139.8,"74 May 4 4095 P STO 10.25 | 74 May 4 4215 C STO 2.65 | 74 May 9 4095 P BTO 19.10 | 74 May 9 4215 C BTO 7.50",-1380,4074.35,"2023-05-04","09:40:00",-1725,"Above Delta",24772.24,24.257971014492757,74,1047418.04,102120,"",526.88,230.88,0.485,0.608,-3.77,-24.3,32.25,-17.39
"2023-04-25","10:08:00",4114.47,"60 Apr 27 4080 P STO 8.10 | 60 Apr 27 4175 C STO 2.00 | 60 May 2 4080 P BTO 18.35 | 60 May 2 4175 C BTO 8.80",-1715,4060.06,"2023-04-26","14:11:00",-1480,"Above Delta",-14714.4,-14.299708454810494,60,1022645.8,102900,"",427.2,187.2,0.372,0.628,-10.61,-11.96,3.21,-13.12
"2023-04-18","10:08:00",4154.55,"68 Apr 20 4125 P STO 7.10 | 68 Apr 20 4210 C STO 2.35 | 68 Apr 25 4125 P BTO 15.85 | 68 Apr 25 4210 C BTO 8.15",-1465,4118.32,"2023-04-20","15:15:00",-1895,"Above Delta",28543.68,28.65255972696246,68,1037360.2,99620,"",484.16,212.16,0.394,0.307,12.94,-9.71,33.79,-4.44
"2023-04-11","10:08:00",4110.17,"72 Apr 13 4070 P STO 10.70 | 72 Apr 13 4185 C STO 3.05 | 72 Apr 18 4070 P BTO 19.20 | 72 Apr 18 4185 C BTO 8.65",-1420,4144.69,"2023-04-13","15:55:00",-1210,"Exited at Specified Time",-15857.28,-15.509859154929579,72,1008816.52,102240,"",512.64,224.64,0.494,0.008,1.18,-0.12,13.03,-27.11
"2023-04-04","10:08:00",4128.6,"56 Apr 6 4095 P STO 7.60 | 56 Apr 6 4190 C STO 2.45 | 56 Apr 11 4095 P BTO 18.35 | 56 Apr 11 4190 C BTO 10.15",-1855,4075.3,"2023-04-05","12:17:00",-1400,"Above Delta",-26053.44,-25.080323450134767,56,1024673.8,103880,"",398.72,174.72,0.353,0.652,3.52,0.57,0,-23.99
"2023-03-28","10:08:00",3973.74,"50 Mar 30 3930 P STO 10.90 | 50 Mar 30 4050 C STO 2.45 | 50 Apr 4 3930 P BTO 23.25 | 50 Apr 4 4050 C BTO 10.30",-2030,4049.22,"2023-03-30","15:55:00",-2705,"Exited at Specified Time",33238,32.74679802955665,50,1050727.24,101500,"",356,156,0.398,0.047,-3.4,-0.39,33.74,-2.96
"2023-03-21","10:08:00",3987.69,"57 Mar 23 3920 P STO 16.30 | 57 Mar 23 4090 C STO 4.00 | 57 Mar 28 3920 P BTO 27.10 | 57 Mar 28 4090 C BTO 9.95",-1685,3955.38,"2023-03-23","15:55:00",-2560,"Exited at Specified Time",49291.32,51.32106824925816,57,1017489.24,96045,"",405.84,177.84,0.548,0.006,24.32,11.8,109.79,-18.69
"2023-03-14","10:08:00",3920.01,"48 Mar 16 3860 P STO 13.10 | 48 Mar 16 4010 C STO 3.35 | 48 Mar 21 3860 P BTO 25.20 | 48 Mar 21 4010 C BTO 11.35",-2020,3957.3,"2023-03-16","15:55:00",-1985,"Exited at Specified Time",-2171.52,-2.23960396039604,48,968197.92,96960,"",341.76,149.76,0.45,0.005,38.25,26,49.75,-9.41
"2023-03-07","10:08:00",4016.22,"33 Mar 9 3970 P STO 10.55 | 33 Mar 9 4110 C STO 3.05 | 33 Mar 14 3970 P BTO 28.55 | 33 Mar 14 4110 C BTO 13.35",-2840,3958.89,"2023-03-09","13:40:00",-3600,"Above Delta",24742.08,26.400000000000002,33,970369.44,93720,"",234.96,102.96,0.325,0.289,-0.16,-32.04,32.75,-1.41
"2023-02-28","10:08:00",3984.3,"44 Mar 2 3945 P STO 10.10 | 44 Mar 2 4060 C STO 2.45 | 44 Mar 7 3945 P BTO 22.75 | 44 Mar 7 4060 C BTO 10.60",-2090,3978.38,"2023-03-02","15:55:00",-2240,"Exited at Specified Time",6149.44,6.687081339712917,44,945627.36,91960,"",313.28,137.28,0.376,0.004,-5.05,7.11,26.08,-5.02
"2023-02-21","10:08:00",4033.62,"44 Feb 23 3985 P STO 11.45 | 44 Feb 23 4120 C STO 3.40 | 44 Feb 28 3985 P BTO 24.85 | 44 Feb 28 4120 C BTO 11.05",-2115,3970.77,"2023-02-23","12:00:00",-2125,"Above Delta",-10.56,-0.011347517730496455,44,939477.92,93060,"",313.28,137.28,0.414,0.477,-26.74,-18.73,5.91,-17.73
"2023-02-14","10:08:00",4152.42,"70 Feb 16 4105 P STO 10.75 | 70 Feb 16 4235 C STO 3.05 | 70 Feb 21 4105 P BTO 18.70 | 70 Feb 21 4235 C BTO 7.50",-1250,4097.11,"2023-02-16","15:32:00",-2175,"Above Delta",64033.2,73.1808,70,939488.48,87500,"",498.4,218.4,0.527,0.312,-10.59,25.72,77.2,-6
"2023-02-07","10:08:00",4101.79,"29 Feb 9 4055 P STO 12.05 | 29 Feb 9 4195 C STO 3.45 | 29 Feb 14 4055 P BTO 29.85 | 29 Feb 14 4195 C BTO 14.35",-2880,4089.79,"2023-02-09","15:55:00",-3955,"Exited at Specified Time",30878.04,36.97083333333333,29,875455.28,83520,"",206.48,90.48,0.351,0.003,-5.73,-3.56,57.29,-5.38
"2023-01-31","10:08:00",4031.52,"40 Feb 2 3970 P STO 14.50 | 40 Feb 2 4145 C STO 3.85 | 40 Feb 7 3970 P BTO 26.95 | 40 Feb 7 4145 C BTO 11.50",-2020,4160.31,"2023-02-02","10:29:00",-2480,"Below Delta",17990.4,22.265346534653467,40,844577.24,80800,"",284.8,124.8,0.477,0.463,3.08,10.67,31.68,-2.48
"2023-01-24","10:08:00",3991.26,"48 Jan 26 3945 P STO 9.95 | 48 Jan 26 4075 C STO 2.85 | 48 Jan 31 3945 P BTO 20.15 | 48 Jan 31 4075 C BTO 9.20",-1665,4053.19,"2023-01-26","15:55:00",-2100,"Exited at Specified Time",20388.48,25.511111111111113,48,826586.84,79920,"",341.76,149.76,0.436,0.005,-18.07,-10.48,31.53,-8.41
"2023-01-17","10:08:00",4008.93,"52 Jan 19 3970 P STO 10.00 | 52 Jan 19 4080 C STO 2.85 | 52 Jan 24 3970 P BTO 19.35 | 52 Jan 24 4080 C BTO 9.05",-1565,3946.58,"2023-01-18","12:54:00",-1170,"Above Delta",-21072.48,-25.89392971246006,52,806198.36,81380,"",370.24,162.24,0.452,0.723,0.19,9.65,1.28,-24.6
"2023-01-03","10:08:00",3836.57,"34 Jan 5 3790 P STO 12.40 | 34 Jan 5 3925 C STO 3.30 | 34 Jan 10 3790 P BTO 26.05 | 34 Jan 10 3925 C BTO 12.65",-2310,3803.38,"2023-01-05","15:55:00",-3325,"Exited at Specified Time",34161.84,43.49610389610389,34,827270.84,78540,"",242.08,106.08,0.406,0.003,13.79,-16.72,44.37,-9.09
"2022-12-27","10:08:00",3819.75,"56 Dec 29 3775 P STO 11.30 | 56 Dec 29 3910 C STO 3.05 | 56 Jan 3 3775 P BTO 20.55 | 56 Jan 3 3910 C BTO 8.50",-1480,3853.57,"2022-12-29","15:55:00",-830,"Exited at Specified Time",-36973.44,-44.61081081081081,56,793109,82880,"",398.72,174.72,0.494,0.012,-1.48,-23.59,1.35,-44.59
"2022-12-20","10:08:00",3821.51,"58 Dec 22 3775 P STO 10.80 | 58 Dec 22 3905 C STO 3.10 | 58 Dec 27 3775 P BTO 19.30 | 58 Dec 27 3905 C BTO 8.80",-1430,3821.21,"2022-12-22","15:55:00",-1220,"Exited at Specified Time",-12773.92,-15.401398601398602,58,830082.44,82940,"",412.96,180.96,0.495,0.008,-7.19,11.04,61.89,-18.88
"2022-12-06","10:08:00",3962.08,"20 Dec 8 3920 P STO 11.25 | 20 Dec 8 4050 C STO 3.05 | 20 Dec 13 3920 P BTO 35.40 | 20 Dec 13 4050 C BTO 19.95",-4115,3958.73,"2022-12-08","15:55:00",-4775,"Exited at Specified Time",12995.2,15.79003645200486,20,842856.36,82300,"",142.4,62.4,0.258,0.002,-2.21,-34.55,23.45,-4.98
"2022-11-29","10:08:00",3965.71,"41 Dec 1 3915 P STO 12.50 | 41 Dec 1 4055 C STO 3.05 | 41 Dec 6 3915 P BTO 24.65 | 41 Dec 6 4055 C BTO 10.70",-1990,4090.41,"2022-12-01","09:32:00",-1965,"Below Delta",-1444.84,-1.7708542713567836,41,829861.16,81590,"",291.92,127.92,0.44,0.665,0.25,1.52,19.6,-9.3
"2022-11-08","10:08:00",3817.53,"41 Nov 10 3745 P STO 18.10 | 41 Nov 10 3955 C STO 5.10 | 41 Nov 15 3745 P BTO 29.15 | 41 Nov 15 3955 C BTO 11.70",-1775,3957.11,"2022-11-10","15:55:00",-3940,"Exited at Specified Time",88345.16,121.39492957746481,41,831306,72775,"",291.92,127.92,0.568,0.084,10.22,0.51,122.54,-1.13
"2022-11-01","10:08:00",3868.7,"31 Nov 3 3795 P STO 16.70 | 31 Nov 3 4010 C STO 4.80 | 31 Nov 8 3795 P BTO 31.30 | 31 Nov 8 4010 C BTO 13.55",-2345,3761.43,"2022-11-02","15:53:00",-2330,"Above Delta",-782.44,-1.0763326226012793,31,742960.84,72695,"",220.72,96.72,0.479,0.647,29.81,-33.09,13.01,-6.82
"2022-10-18","10:08:00",3748.22,"25 Oct 20 3685 P STO 16.40 | 25 Oct 20 3860 C STO 4.80 | 25 Oct 25 3685 P BTO 32.95 | 25 Oct 25 3860 C BTO 16.95",-2880,3668.92,"2022-10-20","13:49:00",-3250,"Above Delta",8994,12.491666666666665,25,743743.28,72000,"",178,78,0.425,0.374,68.31,1.96,19.1,-12.85
"2022-10-11","10:08:00",3572.36,"29 Oct 13 3495 P STO 19.00 | 29 Oct 13 3730 C STO 5.30 | 29 Oct 18 3495 P BTO 34.40 | 29 Oct 18 3730 C BTO 13.55",-2375,3677.41,"2022-10-13","15:55:00",-3390,"Exited at Specified Time",29138.04,42.305684210526316,29,734749.28,68875,"",206.48,90.48,0.507,0.003,-16.53,-23.5,53.68,-2.32
"2022-10-04","10:08:00",3777.47,"25 Oct 6 3715 P STO 14.90 | 25 Oct 6 3885 C STO 3.80 | 25 Oct 11 3715 P BTO 31.00 | 25 Oct 11 3885 C BTO 13.90",-2630,3748.8,"2022-10-06","15:55:00",-3665,"Exited at Specified Time",25619,38.96425855513308,25,705611.24,65750,"",178,78,0.416,0.003,48.03,51.01,51.33,-2.09
"2022-09-27","10:08:00",3682.31,"20 Sep 29 3605 P STO 17.75 | 20 Sep 29 3810 C STO 4.40 | 20 Oct 4 3605 P BTO 37.65 | 20 Oct 4 3810 C BTO 17.40",-3300,3640,"2022-09-29","15:55:00",-3910,"Exited at Specified Time",11995.2,18.174545454545456,20,679992.24,66000,"",142.4,62.4,0.402,0.003,31.4,-4.13,38.33,-8.03
"2022-09-20","10:08:00",3858.23,"31 Sep 22 3780 P STO 19.35 | 31 Sep 22 4005 C STO 5.40 | 31 Sep 27 3780 P BTO 33.05 | 31 Sep 27 4005 C BTO 11.85",-2025,3756.58,"2022-09-22","10:59:00",-3090,"Above Delta",32697.56,52.08691358024692,31,667997.04,62775,"",220.72,96.72,0.551,0.502,-24.66,-17,56.79,-5.93
"2022-09-13","10:08:00",4005.08,"27 Sep 15 3945 P STO 13.65 | 27 Sep 15 4115 C STO 3.70 | 27 Sep 20 3945 P BTO 28.05 | 27 Sep 20 4115 C BTO 12.70",-2350,3912.83,"2022-09-14","15:32:00",-2220,"Above Delta",-3786.48,-5.967659574468086,27,635299.48,63450,"",192.24,84.24,0.426,0.667,-73.29,-32.04,8.3,-8.94
"2022-09-06","10:08:00",3893.68,"21 Sep 8 3825 P STO 15.45 | 21 Sep 8 4015 C STO 4.20 | 21 Sep 13 3825 P BTO 34.25 | 21 Sep 13 4015 C BTO 14.70",-2940,4002.16,"2022-09-08","15:55:00",-3635,"Exited at Specified Time",14379.96,23.291156462585032,21,639085.96,61740,"",149.52,65.52,0.401,0.003,6.63,-37.21,23.98,-6.8
"2022-08-30","10:08:00",4007.6,"31 Sep 1 3945 P STO 14.10 | 31 Sep 1 4115 C STO 3.60 | 31 Sep 6 3945 P BTO 26.65 | 31 Sep 6 4115 C BTO 10.60",-1965,3923.66,"2022-09-01","09:56:00",-2200,"Above Delta",6967.56,11.438167938931299,31,624706,60915,"",220.72,96.72,0.475,0.571,10.64,-33.65,17.3,-3.31
"2022-08-23","10:08:00",4148.89,"23 Aug 25 4100 P STO 11.90 | 23 Aug 25 4240 C STO 3.05 | 23 Aug 30 4100 P BTO 28.65 | 23 Aug 30 4240 C BTO 12.90",-2670,4193.05,"2022-08-25","15:55:00",-2665,"Exited at Specified Time",-350.52,-0.5707865168539326,23,617738.44,61410,"",163.76,71.76,0.36,0.004,-4.9,15.8,12.17,-13.86
"2022-08-16","10:08:00",4289.22,"32 Aug 18 4245 P STO 10.30 | 32 Aug 18 4365 C STO 2.65 | 32 Aug 23 4245 P BTO 22.00 | 32 Aug 23 4365 C BTO 10.05",-1920,4281.55,"2022-08-18","15:55:00",-1750,"Exited at Specified Time",-5767.68,-9.3875,32,618088.96,61440,"",227.84,99.84,0.404,0.006,-6.68,-1.24,21.09,-14.32
"2022-08-09","10:08:00",4119.35,"37 Aug 11 4060 P STO 13.05 | 37 Aug 11 4220 C STO 3.85 | 37 Aug 16 4060 P BTO 23.45 | 37 Aug 16 4220 C BTO 9.70",-1635,4238.45,"2022-08-11","09:43:00",-1995,"Below Delta",12941.12,21.392048929663613,37,623856.64,60495,"",263.44,115.44,0.51,0.544,-6.95,-13.76,23.24,-1.22
"2022-08-02","10:08:00",4093.43,"28 Aug 4 4035 P STO 13.85 | 28 Aug 4 4190 C STO 3.55 | 28 Aug 9 4035 P BTO 27.30 | 28 Aug 9 4190 C BTO 11.55",-2155,4150.45,"2022-08-04","15:55:00",-1785,"Exited at Specified Time",-10646.72,-17.6445475638051,28,610915.52,60340,"",199.36,87.36,0.448,0.006,-14.42,-10.78,13.69,-18.33
"2022-07-26","10:08:00",3946.97,"31 Jul 28 3880 P STO 15.65 | 31 Jul 28 4055 C STO 4.10 | 31 Aug 2 3880 P BTO 27.80 | 31 Aug 2 4055 C BTO 10.95",-1910,4067.18,"2022-07-28","13:38:00",-2820,"Below Delta",27892.56,47.107853403141355,31,621562.24,59210,"",220.72,96.72,0.51,0.357,-13.62,-6.25,55.24,-1.31
"2022-07-19","10:08:00",3876.12,"25 Jul 21 3820 P STO 12.30 | 25 Jul 21 3960 C STO 3.30 | 25 Jul 26 3820 P BTO 25.90 | 25 Jul 26 3960 C BTO 12.10",-2250,3974.19,"2022-07-21","12:06:00",-2765,"Below Delta",12619,22.433777777777777,25,593669.68,56250,"",178,78,0.411,0.414,29.88,15.39,32.22,-0.89
"2022-07-12","10:08:00",3843.47,"27 Jul 14 3780 P STO 15.15 | 27 Jul 14 3955 C STO 3.80 | 27 Jul 19 3780 P BTO 28.40 | 27 Jul 19 3955 C BTO 11.15",-2070,3746.76,"2022-07-14","09:32:00",-2405,"Above Delta",8768.52,15.688888888888888,27,581050.68,55890,"",192.24,84.24,0.479,0.624,-2.48,-8.48,21.5,-1.45
"2022-07-05","10:08:00",3746.37,"20 Jul 7 3680 P STO 14.75 | 20 Jul 7 3865 C STO 4.20 | 20 Jul 12 3680 P BTO 32.05 | 20 Jul 12 3865 C BTO 14.00",-2720,3886.1,"2022-07-07","09:49:00",-2840,"Below Delta",2195.2,4.035294117647059,20,572282.16,54400,"",142.4,62.4,0.412,0.496,-32.72,-46.24,7.72,-5.88
"2022-06-28","10:08:00",3914.74,"32 Jun 30 3855 P STO 14.35 | 32 Jun 30 4025 C STO 4.20 | 32 Jul 5 3855 P BTO 25.90 | 32 Jul 5 4025 C BTO 10.55",-1800,3809.43,"2022-06-29","09:34:00",-1565,"Above Delta",-7847.68,-13.624444444444444,32,570086.96,57600,"",227.84,99.84,0.509,0.796,12.89,1.74,2.22,-12.5
"2022-06-14","10:08:00",3769.45,"26 Jun 16 3675 P STO 22.35 | 26 Jun 16 3940 C STO 6.25 | 26 Jun 21 3675 P BTO 36.25 | 26 Jun 21 3940 C BTO 13.05",-2080,3654.34,"2022-06-16","14:08:00",-3480,"Above Delta",36133.76,66.81538461538462,26,577934.64,54080,"",185.12,81.12,0.58,0.44,13.89,5.93,75.48,-5.53
"2022-06-07","10:08:00",4101.82,"17 Jun 9 4040 P STO 15.15 | 17 Jun 9 4200 C STO 4.30 | 17 Jun 14 4040 P BTO 33.15 | 17 Jun 14 4200 C BTO 15.75",-2955,4031.64,"2022-06-09","15:48:00",-4535,"Above Delta",26685.92,53.12216582064298,17,541800.88,50235,"",121.04,53.04,0.398,0.171,-24.96,5.35,57.53,-8.63
"2022-05-24","10:08:00",3904.21,"21 May 26 3825 P STO 18.05 | 21 May 26 4040 C STO 4.80 | 21 May 31 3825 P BTO 32.85 | 21 May 31 4040 C BTO 13.25",-2335,4054.44,"2022-05-26","12:12:00",-3065,"Below Delta",15114.96,30.824839400428267,21,515114.96,49035,"",149.52,65.52,0.496,0.405,-30.81,-38.73,34.9,-3
